QuestaSim-64 qrun 2025.1_1 Utility 2025.02 Feb 13 2025
Start time: 00:39:09 on Apr 25,2025
qrun -64 -c -onfinish stop -classdebug -uvmcontrol=all -msgmode both -permit_unmatched_virtual_intf -l run.log -f lab1_filelist.f -sv_seed 123456 -msglimit error -msglimitcount 20 -do "set IterationLimit 140000; set NoQuitOnFinish 1; coverage attribute -name TESTNAME -value test_top; coverage save -onexit test_top.ucdb; run -all; quit -f" -top top -covermultiuserenv -designfile design.bin 
Creating library 'qrun.out/work'.
QuestaSim-64 vlog 2025.1_1 Compiler 2025.02 Feb 13 2025
Start time: 00:39:09 on Apr 25,2025
vlog -64 -msglimit error -msglimitcount 20 -covermultiuserenv ../../../verification_ip/ncsu_pkg/ncsu_pkg.sv ../../../verification_ip/interface_packages/wb_pkg/wb_pkg.sv ../../../verification_ip/interface_packages/i2c_pkg/i2c_pkg.sv ../../../verification_ip/environment_packages/i2cmb_env_pkg/i2cmb_env_pkg.sv ../../../verification_ip/interface_packages/wb_pkg/src/wb_if.sv ../../../verification_ip/interface_packages/i2c_pkg/src/i2c_if.sv ../testbench/top.sv -work qrun.out/work -statslog qrun.out/stats_log -writesessionid "+qrun.out/top_dus" -csession=incr 
-- Compiling package ncsu_pkg
-- Compiling package wb_pkg
-- Importing package ncsu_pkg
-- Compiling package i2c_pkg
-- Compiling package i2cmb_env_pkg
-- Importing package i2c_pkg
-- Importing package wb_pkg
-- Compiling interface wb_if
-- Compiling interface i2c_if
-- Compiling package top_sv_unit
-- Importing package i2cmb_env_pkg
-- Compiling module top

Top level modules:
	top
End time: 00:39:11 on Apr 25,2025, Elapsed time: 0:00:02
Errors: 0, Warnings: 0
QuestaSim-64 vcom 2025.1_1 Compiler 2025.02 Feb 13 2025
Start time: 00:39:11 on Apr 25,2025
vcom -64 -msglimit error -msglimitcount 20 -covermultiuserenv ../rtl/iicmb_int_pkg.vhd ../rtl/iicmb_pkg.vhd ../rtl/mbyte.vhd ../rtl/mbit.vhd ../rtl/bus_state.vhd ../rtl/filter.vhd ../rtl/conditioner.vhd ../rtl/conditioner_mux.vhd ../rtl/iicmb_m.vhd ../rtl/regblock.vhd ../rtl/wishbone.vhd ../rtl/iicmb_m_wb.vhd -work qrun.out/work -autoorder -statslog qrun.out/stats_log -writesessionid "+qrun.out/top_dus" -csession=incr 
-- Loading package STANDARD
-- Scanning package iicmb_int_pkg
-- Scanning package body iicmb_int_pkg
-- Loading package iicmb_int_pkg
-- Scanning package iicmb_pkg
-- Scanning package body iicmb_pkg
-- Loading package iicmb_pkg
-- Scanning entity mbyte
-- Scanning architecture rtl of mbyte
-- Scanning entity mbit
-- Scanning architecture rtl of mbit
-- Scanning entity bus_state
-- Scanning architecture rtl of bus_state
-- Scanning entity filter
-- Scanning architecture rtl of filter
-- Scanning entity conditioner
-- Scanning architecture str of conditioner
-- Scanning entity conditioner_mux
-- Scanning architecture str of conditioner_mux
-- Scanning entity iicmb_m
-- Scanning architecture str of iicmb_m
-- Scanning entity regblock
-- Scanning architecture rtl of regblock
-- Scanning entity wishbone
-- Scanning architecture rtl of wishbone
-- Scanning entity iicmb_m_wb
-- Scanning architecture str of iicmb_m_wb
End time: 00:39:12 on Apr 25,2025, Elapsed time: 0:00:01
Errors: 0, Warnings: 0
QuestaSim-64 vcom 2025.1_1 Compiler 2025.02 Feb 13 2025
Start time: 00:39:12 on Apr 25,2025
vcom -refresh_marked -work qrun.out/work -csession=incr -statslog qrun.out/stats_log 
-- Loading package STANDARD
-- Loading package TEXTIO
-- Loading package std_logic_1164
-- Compiling entity bus_state
-- Compiling architecture rtl of bus_state
-- Compiling entity conditioner
-- Compiling architecture str of conditioner
-- Compiling entity conditioner_mux
-- Compiling architecture str of conditioner_mux
-- Compiling entity filter
-- Compiling architecture rtl of filter
-- Compiling package iicmb_int_pkg
-- Compiling package body iicmb_int_pkg
-- Loading package iicmb_int_pkg
-- Loading package NUMERIC_STD
-- Loading package iicmb_pkg
-- Loading package iicmb_int_pkg
-- Compiling entity iicmb_m
-- Compiling architecture str of iicmb_m
-- Compiling entity iicmb_m_wb
-- Compiling architecture str of iicmb_m_wb
-- Compiling package iicmb_pkg
-- Compiling package body iicmb_pkg
-- Loading package iicmb_pkg
-- Compiling entity mbit
-- Compiling architecture rtl of mbit
-- Loading package iicmb_pkg
-- Compiling entity mbyte
-- Compiling architecture rtl of mbyte
-- Compiling entity regblock
-- Compiling architecture rtl of regblock
-- Compiling entity wishbone
-- Compiling architecture rtl of wishbone
End time: 00:39:12 on Apr 25,2025, Elapsed time: 0:00:00
Errors: 0, Warnings: 0
QuestaSim-64 vopt 2025.1_1 Compiler 2025.02 Feb 13 2025
Start time: 00:39:13 on Apr 25,2025
vopt -msglimit error -msglimitcount 20 -designfile design.bin top -work qrun.out/work -statslog qrun.out/stats_log -csession=incr -o qrun_opt -csessionid=3 

Top level modules:
	top

Analyzing design...
-- Loading module top
-- Loading interface wb_if
-- Loading interface i2c_if
-- Loading package STANDARD
-- Loading package TEXTIO
-- Loading package std_logic_1164
-- Loading entity iicmb_m_wb
-- Loading architecture str of iicmb_m_wb
-- Loading entity wishbone
-- Loading package NUMERIC_STD
-- Loading package iicmb_pkg
-- Loading entity regblock
-- Loading package iicmb_int_pkg
-- Loading entity iicmb_m
-- Loading architecture rtl of wishbone
-- Loading architecture rtl of regblock
-- Loading package body iicmb_pkg
-- Loading architecture str of iicmb_m
-- Loading entity mbyte
-- Loading entity mbit
-- Loading entity conditioner_mux
-- Loading package body iicmb_int_pkg
-- Loading architecture rtl of mbyte
-- Loading architecture rtl of mbit
-- Loading architecture str of conditioner_mux
-- Loading entity conditioner
-- Loading architecture str of conditioner
-- Loading entity filter
-- Loading entity bus_state
-- Loading architecture rtl of filter
-- Loading architecture rtl of bus_state
Optimizing 24 design-units (inlining 2/3 module instances, 9/11 architecture instances):
-- Inlining architecture rtl of mbyte
-- Inlining architecture rtl of mbit
-- Inlining architecture rtl of filter
-- Inlining architecture rtl of bus_state
-- Inlining architecture str of conditioner
-- Inlining architecture str of conditioner_mux
-- Optimizing architecture str of iicmb_m
-- Inlining architecture rtl of wishbone
-- Inlining architecture rtl of regblock
-- Optimizing architecture str of iicmb_m_wb
-- Optimizing package iicmb_pkg
-- Optimizing package body iicmb_pkg
-- Optimizing package iicmb_int_pkg
-- Optimizing package body iicmb_int_pkg
-- Optimizing package ncsu_pkg(fast)
-- Optimizing package wb_pkg(fast)
-- Optimizing package i2c_pkg(fast)
-- Optimizing package i2cmb_env_pkg(fast)
-- Optimizing package top_sv_unit(fast)
-- Inlining interface i2c_if(fast__2)
-- Inlining interface wb_if(fast__2)
-- Optimizing module top(fast)
-- Optimizing interface i2c_if(fast)
-- Optimizing interface wb_if(fast)
viscom:
VISCOM: Start time: 00:39:15 on Apr 25,2025

VISCOM: QuestaSim /mnt/apps/public/COE/mg_apps/questa2025.1_1/questasim/linux_x86_64/VisualizerRls/bin/viscom 2025.1_1 at 2025.02 Feb 13 2025
VISCOM: Writing design.bin
VISCOM: Done writing design.bin
VISCOM: End time: 00:39:16 on Apr 25,2025, Elapsed time: 0:00:01 (Process Size : 327MB, Peak Process Size : 328MB)


Optimized design name is qrun_opt
End time: 00:39:16 on Apr 25,2025, Elapsed time: 0:00:03
Errors: 0, Warnings: 0
# vsim -64 -c -onfinish stop -classdebug -uvmcontrol=all -msgmode both -permit_unmatched_virtual_intf -sv_seed 123456 -msglimit error -msglimitcount 20 -lib qrun.out/work -do "set IterationLimit 140000; set NoQuitOnFinish 1; coverage attribute -name TESTNAME -value test_top; coverage save -onexit test_top.ucdb; run -all; quit -f" -statslog qrun.out/stats_log qrun_opt -appendlog -l run.log 
# Start time: 00:39:22 on Apr 25,2025
# //  Questa Sim-64
# //  Version 2025.1_1 linux_x86_64 Feb 13 2025
# //
# // Unpublished work. Copyright 2025 Siemens
# //
# // This material contains trade secrets or otherwise confidential information
# // owned by Siemens Industry Software Inc. or its affiliates (collectively,
# // "SISW"), or its licensors. Access to and use of this information is strictly
# // limited as set forth in the Customer's applicable agreements with SISW.
# //
# // This material may not be copied, distributed, or otherwise disclosed outside
# // of the Customer's facilities without the express written permission of SISW,
# // and may not be used in any way not expressly authorized by SISW.
# //
# Loading sv_std.std
# Loading work.wb_if(fast)
# Loading work.i2c_if(fast)
# Loading work.ncsu_pkg(fast)
# Loading work.wb_pkg(fast)
# Loading work.i2c_pkg(fast)
# Loading work.i2cmb_env_pkg(fast)
# Loading work.top_sv_unit(fast)
# Loading work.top(fast)
# Loading std.standard
# Loading std.textio(body)
# Loading ieee.std_logic_1164(body)
# Loading ieee.numeric_std(body)
# Loading work.iicmb_pkg(body)
# Loading work.iicmb_m_wb(str)#1
# Loading work.iicmb_int_pkg(body)
# Loading work.iicmb_m(str)#1
# set IterationLimit 140000
# 140000
#  set NoQuitOnFinish 1
# 1
#  coverage attribute -name TESTNAME -value test_top
#  coverage save -onexit test_top.ucdb
#  run -all
# ----------------------------------------------------------------
# //  NCSU Package 
# //  Version 1.0a
# ----------------------------------------------------------------
# 
# 
# NCSU_INFO:Time                    0:env_config::new(): ID: name: configuration 
# name: wb_agent_config 
# name: i2c_agent_config 
# NCSU_INFO:Time                    0:ncsu_component::build():  of test.env called
# NCSU_INFO:Time                    0:ncsu_component::build():  of test.env.wb_agent called
# NCSU_INFO:Time                    0:ncsu_component::build():  of test.env.wb_agent.driver called
# NCSU_INFO:Time                    0:ncsu_component::build():  of test.env.wb_agent.monitor called
# NCSU_INFO:Time                    0:ncsu_component::build():  of test.env.wb_agent.wb_coverage called
# NCSU_INFO:Time                    0:ncsu_component::build():  of test.env.i2c_agent called
# NCSU_INFO:Time                    0:ncsu_component::build():  of test.env.i2c_agent.driver called
# NCSU_INFO:Time                    0:ncsu_component::build():  of test.env.i2c_agent.monitor called
# NCSU_INFO:Time                    0:ncsu_component::build():  of test.env.i2c_agent.i2c_coverage called
# NCSU_INFO:Time                    0:ncsu_component::build():  of test.env.predictor called
# NCSU_INFO:Time                    0:ncsu_component::build():  of test.env.scoreboard called
# NCSU_INFO:Time                    0:coverage::new(): ID: test.env.coverage
# NCSU_INFO:Time                    0:connected subscriber: test.env.predictor. Predictor to WB Agent
# NCSU_INFO:Time                    0:connected subscriber: test.env.scoreboard. Scoreboard to Predictor
# NCSU_INFO:Time                    0:connected subscriber: test.env.coverage. Coverage to WB Agent
# NCSU_INFO:Time                    0:connected subscriber: test.env.scoreboard. Scoreboard to I2C Agent
# NCSU_INFO:Time                    0:generator::new(): ID: test.gen
# NCSU_INFO:Time                    0:ncsu_component::build():  of test called
################### TEST 1 ##########################
# Write 32 incrementing values: 0 to 31; to the I2C bus
#####################################################
# NCSU_INFO:Time                11300:START: wb_driver::run():  of test.env.wb_agent.driver is called.
# NCSU_INFO:Time                11300:i2c_driver::bl_put():  of test.env.i2c_agent.driver called
# NCSU_INFO:Time                19000:ncsu_component::nb_transport():  of test.env.scoreboard called
# NCSU_INFO:Time                19000:ncsu_component::nb_put():  of test.env.predictor called
# NCSU_INFO:Time                27000:ncsu_component::nb_transport():  of test.env.scoreboard called
# NCSU_INFO:Time                27000:ncsu_component::nb_put():  of test.env.predictor called
# NCSU_INFO:Time                35000:ncsu_component::nb_transport():  of test.env.scoreboard called
# NCSU_INFO:Time                35000:ncsu_component::nb_put():  of test.env.predictor called
# NCSU_INFO:Time                43000:ncsu_component::nb_transport():  of test.env.scoreboard called
# NCSU_INFO:Time                43000:ncsu_component::nb_put():  of test.env.predictor called
# NCSU_INFO:Time                49000:ncsu_component::nb_transport():  of test.env.scoreboard called
# NCSU_INFO:Time                49000:ncsu_component::nb_put():  of test.env.predictor called
# NCSU_INFO:Time              1001000:ncsu_component::nb_transport():  of test.env.scoreboard called
# NCSU_INFO:Time              1001000:ncsu_component::nb_put():  of test.env.predictor called
# NCSU_INFO:Time              1007000:ncsu_component::nb_transport():  of test.env.scoreboard called
# NCSU_INFO:Time              1007000:ncsu_component::nb_put():  of test.env.predictor called
# NCSU_INFO:Time              1013000:ncsu_component::nb_transport():  of test.env.scoreboard called
# NCSU_INFO:Time              1013000:ncsu_component::nb_put():  of test.env.predictor called
# NCSU_INFO:Time              1021000:ncsu_component::nb_transport():  of test.env.scoreboard called
# NCSU_INFO:Time              1021000:ncsu_component::nb_put():  of test.env.predictor called
# NCSU_INFO:Time             19065000:ncsu_component::nb_transport():  of test.env.scoreboard called
# NCSU_INFO:Time             19065000:ncsu_component::nb_put():  of test.env.predictor called
# wb_data_sent:   0
# NCSU_INFO:Time             19071000:ncsu_component::nb_transport():  of test.env.scoreboard called
# NCSU_INFO:Time             19071000:ncsu_component::nb_put():  of test.env.predictor called
# NCSU_INFO:Time             19079000:ncsu_component::nb_transport():  of test.env.scoreboard called
# NCSU_INFO:Time             19079000:ncsu_component::nb_put():  of test.env.predictor called
# NCSU_INFO:Time             37121000:i2c_monitor::run():  of test.env.i2c_agent.monitor called.
#  Slave address:0x22;
#  RW:0;
#  Data:0 0 0 0 0 0 0 0 0 0 0 0 0 0 0 0 0 0 0 0 0 0 0 0 0 0 0 0 0 0 0 0 0 0 0 0 0 0 0 0 0 0 0 0 0 0 0 0 0 0 0 0 0 0 0 0 0 0 0 0 0 0 0 0
# NCSU_INFO:Time             37121000:ncsu_component::nb_put():  of test.env.scoreboard called
# NCSU_INFO:Time             37123000:ncsu_component::nb_transport():  of test.env.scoreboard called
# NCSU_INFO:Time             37123000:ncsu_component::nb_put():  of test.env.predictor called
# wb_data_sent:   1
# NCSU_INFO:Time             37129000:ncsu_component::nb_transport():  of test.env.scoreboard called
# NCSU_INFO:Time             37129000:ncsu_component::nb_put():  of test.env.predictor called
# NCSU_INFO:Time             37137000:ncsu_component::nb_transport():  of test.env.scoreboard called
# NCSU_INFO:Time             37137000:ncsu_component::nb_put():  of test.env.predictor called
# NCSU_INFO:Time             55179000:i2c_monitor::run():  of test.env.i2c_agent.monitor called.
#  Slave address:0x22;
#  RW:0;
#  Data:0 1 0 0 0 0 0 0 0 0 0 0 0 0 0 0 0 0 0 0 0 0 0 0 0 0 0 0 0 0 0 0 0 0 0 0 0 0 0 0 0 0 0 0 0 0 0 0 0 0 0 0 0 0 0 0 0 0 0 0 0 0 0 0
# NCSU_INFO:Time             55179000:ncsu_component::nb_put():  of test.env.scoreboard called
# NCSU_INFO:Time             55181000:ncsu_component::nb_transport():  of test.env.scoreboard called
# NCSU_INFO:Time             55181000:ncsu_component::nb_put():  of test.env.predictor called
# wb_data_sent:   2
# NCSU_INFO:Time             55187000:ncsu_component::nb_transport():  of test.env.scoreboard called
# NCSU_INFO:Time             55187000:ncsu_component::nb_put():  of test.env.predictor called
# NCSU_INFO:Time             55195000:ncsu_component::nb_transport():  of test.env.scoreboard called
# NCSU_INFO:Time             55195000:ncsu_component::nb_put():  of test.env.predictor called
# NCSU_INFO:Time             73237000:i2c_monitor::run():  of test.env.i2c_agent.monitor called.
#  Slave address:0x22;
#  RW:0;
#  Data:0 1 2 0 0 0 0 0 0 0 0 0 0 0 0 0 0 0 0 0 0 0 0 0 0 0 0 0 0 0 0 0 0 0 0 0 0 0 0 0 0 0 0 0 0 0 0 0 0 0 0 0 0 0 0 0 0 0 0 0 0 0 0 0
# NCSU_INFO:Time             73237000:ncsu_component::nb_put():  of test.env.scoreboard called
# NCSU_INFO:Time             73239000:ncsu_component::nb_transport():  of test.env.scoreboard called
# NCSU_INFO:Time             73239000:ncsu_component::nb_put():  of test.env.predictor called
# wb_data_sent:   3
# NCSU_INFO:Time             73245000:ncsu_component::nb_transport():  of test.env.scoreboard called
# NCSU_INFO:Time             73245000:ncsu_component::nb_put():  of test.env.predictor called
# NCSU_INFO:Time             73253000:ncsu_component::nb_transport():  of test.env.scoreboard called
# NCSU_INFO:Time             73253000:ncsu_component::nb_put():  of test.env.predictor called
# NCSU_INFO:Time             91295000:i2c_monitor::run():  of test.env.i2c_agent.monitor called.
#  Slave address:0x22;
#  RW:0;
#  Data:0 1 2 3 0 0 0 0 0 0 0 0 0 0 0 0 0 0 0 0 0 0 0 0 0 0 0 0 0 0 0 0 0 0 0 0 0 0 0 0 0 0 0 0 0 0 0 0 0 0 0 0 0 0 0 0 0 0 0 0 0 0 0 0
# NCSU_INFO:Time             91295000:ncsu_component::nb_put():  of test.env.scoreboard called
# NCSU_INFO:Time             91297000:ncsu_component::nb_transport():  of test.env.scoreboard called
# NCSU_INFO:Time             91297000:ncsu_component::nb_put():  of test.env.predictor called
# wb_data_sent:   4
# NCSU_INFO:Time             91303000:ncsu_component::nb_transport():  of test.env.scoreboard called
# NCSU_INFO:Time             91303000:ncsu_component::nb_put():  of test.env.predictor called
# NCSU_INFO:Time             91311000:ncsu_component::nb_transport():  of test.env.scoreboard called
# NCSU_INFO:Time             91311000:ncsu_component::nb_put():  of test.env.predictor called
# NCSU_INFO:Time            109353000:i2c_monitor::run():  of test.env.i2c_agent.monitor called.
#  Slave address:0x22;
#  RW:0;
#  Data:0 1 2 3 4 0 0 0 0 0 0 0 0 0 0 0 0 0 0 0 0 0 0 0 0 0 0 0 0 0 0 0 0 0 0 0 0 0 0 0 0 0 0 0 0 0 0 0 0 0 0 0 0 0 0 0 0 0 0 0 0 0 0 0
# NCSU_INFO:Time            109353000:ncsu_component::nb_put():  of test.env.scoreboard called
# NCSU_INFO:Time            109355000:ncsu_component::nb_transport():  of test.env.scoreboard called
# NCSU_INFO:Time            109355000:ncsu_component::nb_put():  of test.env.predictor called
# wb_data_sent:   5
# NCSU_INFO:Time            109361000:ncsu_component::nb_transport():  of test.env.scoreboard called
# NCSU_INFO:Time            109361000:ncsu_component::nb_put():  of test.env.predictor called
# NCSU_INFO:Time            109369000:ncsu_component::nb_transport():  of test.env.scoreboard called
# NCSU_INFO:Time            109369000:ncsu_component::nb_put():  of test.env.predictor called
# NCSU_INFO:Time            127411000:i2c_monitor::run():  of test.env.i2c_agent.monitor called.
#  Slave address:0x22;
#  RW:0;
#  Data:0 1 2 3 4 5 0 0 0 0 0 0 0 0 0 0 0 0 0 0 0 0 0 0 0 0 0 0 0 0 0 0 0 0 0 0 0 0 0 0 0 0 0 0 0 0 0 0 0 0 0 0 0 0 0 0 0 0 0 0 0 0 0 0
# NCSU_INFO:Time            127411000:ncsu_component::nb_put():  of test.env.scoreboard called
# NCSU_INFO:Time            127413000:ncsu_component::nb_transport():  of test.env.scoreboard called
# NCSU_INFO:Time            127413000:ncsu_component::nb_put():  of test.env.predictor called
# wb_data_sent:   6
# NCSU_INFO:Time            127419000:ncsu_component::nb_transport():  of test.env.scoreboard called
# NCSU_INFO:Time            127419000:ncsu_component::nb_put():  of test.env.predictor called
# NCSU_INFO:Time            127427000:ncsu_component::nb_transport():  of test.env.scoreboard called
# NCSU_INFO:Time            127427000:ncsu_component::nb_put():  of test.env.predictor called
# NCSU_INFO:Time            145469000:i2c_monitor::run():  of test.env.i2c_agent.monitor called.
#  Slave address:0x22;
#  RW:0;
#  Data:0 1 2 3 4 5 6 0 0 0 0 0 0 0 0 0 0 0 0 0 0 0 0 0 0 0 0 0 0 0 0 0 0 0 0 0 0 0 0 0 0 0 0 0 0 0 0 0 0 0 0 0 0 0 0 0 0 0 0 0 0 0 0 0
# NCSU_INFO:Time            145469000:ncsu_component::nb_put():  of test.env.scoreboard called
# NCSU_INFO:Time            145471000:ncsu_component::nb_transport():  of test.env.scoreboard called
# NCSU_INFO:Time            145471000:ncsu_component::nb_put():  of test.env.predictor called
# wb_data_sent:   7
# NCSU_INFO:Time            145477000:ncsu_component::nb_transport():  of test.env.scoreboard called
# NCSU_INFO:Time            145477000:ncsu_component::nb_put():  of test.env.predictor called
# NCSU_INFO:Time            145485000:ncsu_component::nb_transport():  of test.env.scoreboard called
# NCSU_INFO:Time            145485000:ncsu_component::nb_put():  of test.env.predictor called
# NCSU_INFO:Time            163527000:i2c_monitor::run():  of test.env.i2c_agent.monitor called.
#  Slave address:0x22;
#  RW:0;
#  Data:0 1 2 3 4 5 6 7 0 0 0 0 0 0 0 0 0 0 0 0 0 0 0 0 0 0 0 0 0 0 0 0 0 0 0 0 0 0 0 0 0 0 0 0 0 0 0 0 0 0 0 0 0 0 0 0 0 0 0 0 0 0 0 0
# NCSU_INFO:Time            163527000:ncsu_component::nb_put():  of test.env.scoreboard called
# NCSU_INFO:Time            163529000:ncsu_component::nb_transport():  of test.env.scoreboard called
# NCSU_INFO:Time            163529000:ncsu_component::nb_put():  of test.env.predictor called
# wb_data_sent:   8
# NCSU_INFO:Time            163535000:ncsu_component::nb_transport():  of test.env.scoreboard called
# NCSU_INFO:Time            163535000:ncsu_component::nb_put():  of test.env.predictor called
# NCSU_INFO:Time            163543000:ncsu_component::nb_transport():  of test.env.scoreboard called
# NCSU_INFO:Time            163543000:ncsu_component::nb_put():  of test.env.predictor called
# NCSU_INFO:Time            181585000:i2c_monitor::run():  of test.env.i2c_agent.monitor called.
#  Slave address:0x22;
#  RW:0;
#  Data:0 1 2 3 4 5 6 7 8 0 0 0 0 0 0 0 0 0 0 0 0 0 0 0 0 0 0 0 0 0 0 0 0 0 0 0 0 0 0 0 0 0 0 0 0 0 0 0 0 0 0 0 0 0 0 0 0 0 0 0 0 0 0 0
# NCSU_INFO:Time            181585000:ncsu_component::nb_put():  of test.env.scoreboard called
# NCSU_INFO:Time            181587000:ncsu_component::nb_transport():  of test.env.scoreboard called
# NCSU_INFO:Time            181587000:ncsu_component::nb_put():  of test.env.predictor called
# wb_data_sent:   9
# NCSU_INFO:Time            181593000:ncsu_component::nb_transport():  of test.env.scoreboard called
# NCSU_INFO:Time            181593000:ncsu_component::nb_put():  of test.env.predictor called
# NCSU_INFO:Time            181601000:ncsu_component::nb_transport():  of test.env.scoreboard called
# NCSU_INFO:Time            181601000:ncsu_component::nb_put():  of test.env.predictor called
# NCSU_INFO:Time            199643000:i2c_monitor::run():  of test.env.i2c_agent.monitor called.
#  Slave address:0x22;
#  RW:0;
#  Data:0 1 2 3 4 5 6 7 8 9 0 0 0 0 0 0 0 0 0 0 0 0 0 0 0 0 0 0 0 0 0 0 0 0 0 0 0 0 0 0 0 0 0 0 0 0 0 0 0 0 0 0 0 0 0 0 0 0 0 0 0 0 0 0
# NCSU_INFO:Time            199643000:ncsu_component::nb_put():  of test.env.scoreboard called
# NCSU_INFO:Time            199645000:ncsu_component::nb_transport():  of test.env.scoreboard called
# NCSU_INFO:Time            199645000:ncsu_component::nb_put():  of test.env.predictor called
# wb_data_sent:  10
# NCSU_INFO:Time            199651000:ncsu_component::nb_transport():  of test.env.scoreboard called
# NCSU_INFO:Time            199651000:ncsu_component::nb_put():  of test.env.predictor called
# NCSU_INFO:Time            199659000:ncsu_component::nb_transport():  of test.env.scoreboard called
# NCSU_INFO:Time            199659000:ncsu_component::nb_put():  of test.env.predictor called
# NCSU_INFO:Time            217701000:i2c_monitor::run():  of test.env.i2c_agent.monitor called.
#  Slave address:0x22;
#  RW:0;
#  Data:0 1 2 3 4 5 6 7 8 9 10 0 0 0 0 0 0 0 0 0 0 0 0 0 0 0 0 0 0 0 0 0 0 0 0 0 0 0 0 0 0 0 0 0 0 0 0 0 0 0 0 0 0 0 0 0 0 0 0 0 0 0 0 0
# NCSU_INFO:Time            217701000:ncsu_component::nb_put():  of test.env.scoreboard called
# NCSU_INFO:Time            217703000:ncsu_component::nb_transport():  of test.env.scoreboard called
# NCSU_INFO:Time            217703000:ncsu_component::nb_put():  of test.env.predictor called
# wb_data_sent:  11
# NCSU_INFO:Time            217709000:ncsu_component::nb_transport():  of test.env.scoreboard called
# NCSU_INFO:Time            217709000:ncsu_component::nb_put():  of test.env.predictor called
# NCSU_INFO:Time            217717000:ncsu_component::nb_transport():  of test.env.scoreboard called
# NCSU_INFO:Time            217717000:ncsu_component::nb_put():  of test.env.predictor called
# NCSU_INFO:Time            235759000:i2c_monitor::run():  of test.env.i2c_agent.monitor called.
#  Slave address:0x22;
#  RW:0;
#  Data:0 1 2 3 4 5 6 7 8 9 10 11 0 0 0 0 0 0 0 0 0 0 0 0 0 0 0 0 0 0 0 0 0 0 0 0 0 0 0 0 0 0 0 0 0 0 0 0 0 0 0 0 0 0 0 0 0 0 0 0 0 0 0 0
# NCSU_INFO:Time            235759000:ncsu_component::nb_put():  of test.env.scoreboard called
# NCSU_INFO:Time            235761000:ncsu_component::nb_transport():  of test.env.scoreboard called
# NCSU_INFO:Time            235761000:ncsu_component::nb_put():  of test.env.predictor called
# wb_data_sent:  12
# NCSU_INFO:Time            235767000:ncsu_component::nb_transport():  of test.env.scoreboard called
# NCSU_INFO:Time            235767000:ncsu_component::nb_put():  of test.env.predictor called
# NCSU_INFO:Time            235775000:ncsu_component::nb_transport():  of test.env.scoreboard called
# NCSU_INFO:Time            235775000:ncsu_component::nb_put():  of test.env.predictor called
# NCSU_INFO:Time            253817000:i2c_monitor::run():  of test.env.i2c_agent.monitor called.
#  Slave address:0x22;
#  RW:0;
#  Data:0 1 2 3 4 5 6 7 8 9 10 11 12 0 0 0 0 0 0 0 0 0 0 0 0 0 0 0 0 0 0 0 0 0 0 0 0 0 0 0 0 0 0 0 0 0 0 0 0 0 0 0 0 0 0 0 0 0 0 0 0 0 0 0
# NCSU_INFO:Time            253817000:ncsu_component::nb_put():  of test.env.scoreboard called
# NCSU_INFO:Time            253819000:ncsu_component::nb_transport():  of test.env.scoreboard called
# NCSU_INFO:Time            253819000:ncsu_component::nb_put():  of test.env.predictor called
# wb_data_sent:  13
# NCSU_INFO:Time            253825000:ncsu_component::nb_transport():  of test.env.scoreboard called
# NCSU_INFO:Time            253825000:ncsu_component::nb_put():  of test.env.predictor called
# NCSU_INFO:Time            253833000:ncsu_component::nb_transport():  of test.env.scoreboard called
# NCSU_INFO:Time            253833000:ncsu_component::nb_put():  of test.env.predictor called
# NCSU_INFO:Time            271875000:i2c_monitor::run():  of test.env.i2c_agent.monitor called.
#  Slave address:0x22;
#  RW:0;
#  Data:0 1 2 3 4 5 6 7 8 9 10 11 12 13 0 0 0 0 0 0 0 0 0 0 0 0 0 0 0 0 0 0 0 0 0 0 0 0 0 0 0 0 0 0 0 0 0 0 0 0 0 0 0 0 0 0 0 0 0 0 0 0 0 0
# NCSU_INFO:Time            271875000:ncsu_component::nb_put():  of test.env.scoreboard called
# NCSU_INFO:Time            271877000:ncsu_component::nb_transport():  of test.env.scoreboard called
# NCSU_INFO:Time            271877000:ncsu_component::nb_put():  of test.env.predictor called
# wb_data_sent:  14
# NCSU_INFO:Time            271883000:ncsu_component::nb_transport():  of test.env.scoreboard called
# NCSU_INFO:Time            271883000:ncsu_component::nb_put():  of test.env.predictor called
# NCSU_INFO:Time            271891000:ncsu_component::nb_transport():  of test.env.scoreboard called
# NCSU_INFO:Time            271891000:ncsu_component::nb_put():  of test.env.predictor called
# NCSU_INFO:Time            289933000:i2c_monitor::run():  of test.env.i2c_agent.monitor called.
#  Slave address:0x22;
#  RW:0;
#  Data:0 1 2 3 4 5 6 7 8 9 10 11 12 13 14 0 0 0 0 0 0 0 0 0 0 0 0 0 0 0 0 0 0 0 0 0 0 0 0 0 0 0 0 0 0 0 0 0 0 0 0 0 0 0 0 0 0 0 0 0 0 0 0 0
# NCSU_INFO:Time            289933000:ncsu_component::nb_put():  of test.env.scoreboard called
# NCSU_INFO:Time            289935000:ncsu_component::nb_transport():  of test.env.scoreboard called
# NCSU_INFO:Time            289935000:ncsu_component::nb_put():  of test.env.predictor called
# wb_data_sent:  15
# NCSU_INFO:Time            289941000:ncsu_component::nb_transport():  of test.env.scoreboard called
# NCSU_INFO:Time            289941000:ncsu_component::nb_put():  of test.env.predictor called
# NCSU_INFO:Time            289949000:ncsu_component::nb_transport():  of test.env.scoreboard called
# NCSU_INFO:Time            289949000:ncsu_component::nb_put():  of test.env.predictor called
# NCSU_INFO:Time            307991000:i2c_monitor::run():  of test.env.i2c_agent.monitor called.
#  Slave address:0x22;
#  RW:0;
#  Data:0 1 2 3 4 5 6 7 8 9 10 11 12 13 14 15 0 0 0 0 0 0 0 0 0 0 0 0 0 0 0 0 0 0 0 0 0 0 0 0 0 0 0 0 0 0 0 0 0 0 0 0 0 0 0 0 0 0 0 0 0 0 0 0
# NCSU_INFO:Time            307991000:ncsu_component::nb_put():  of test.env.scoreboard called
# NCSU_INFO:Time            307993000:ncsu_component::nb_transport():  of test.env.scoreboard called
# NCSU_INFO:Time            307993000:ncsu_component::nb_put():  of test.env.predictor called
# wb_data_sent:  16
# NCSU_INFO:Time            307999000:ncsu_component::nb_transport():  of test.env.scoreboard called
# NCSU_INFO:Time            307999000:ncsu_component::nb_put():  of test.env.predictor called
# NCSU_INFO:Time            308007000:ncsu_component::nb_transport():  of test.env.scoreboard called
# NCSU_INFO:Time            308007000:ncsu_component::nb_put():  of test.env.predictor called
# NCSU_INFO:Time            326049000:i2c_monitor::run():  of test.env.i2c_agent.monitor called.
#  Slave address:0x22;
#  RW:0;
#  Data:0 1 2 3 4 5 6 7 8 9 10 11 12 13 14 15 16 0 0 0 0 0 0 0 0 0 0 0 0 0 0 0 0 0 0 0 0 0 0 0 0 0 0 0 0 0 0 0 0 0 0 0 0 0 0 0 0 0 0 0 0 0 0 0
# NCSU_INFO:Time            326049000:ncsu_component::nb_put():  of test.env.scoreboard called
# NCSU_INFO:Time            326051000:ncsu_component::nb_transport():  of test.env.scoreboard called
# NCSU_INFO:Time            326051000:ncsu_component::nb_put():  of test.env.predictor called
# wb_data_sent:  17
# NCSU_INFO:Time            326057000:ncsu_component::nb_transport():  of test.env.scoreboard called
# NCSU_INFO:Time            326057000:ncsu_component::nb_put():  of test.env.predictor called
# NCSU_INFO:Time            326065000:ncsu_component::nb_transport():  of test.env.scoreboard called
# NCSU_INFO:Time            326065000:ncsu_component::nb_put():  of test.env.predictor called
# NCSU_INFO:Time            344107000:i2c_monitor::run():  of test.env.i2c_agent.monitor called.
#  Slave address:0x22;
#  RW:0;
#  Data:0 1 2 3 4 5 6 7 8 9 10 11 12 13 14 15 16 17 0 0 0 0 0 0 0 0 0 0 0 0 0 0 0 0 0 0 0 0 0 0 0 0 0 0 0 0 0 0 0 0 0 0 0 0 0 0 0 0 0 0 0 0 0 0
# NCSU_INFO:Time            344107000:ncsu_component::nb_put():  of test.env.scoreboard called
# NCSU_INFO:Time            344109000:ncsu_component::nb_transport():  of test.env.scoreboard called
# NCSU_INFO:Time            344109000:ncsu_component::nb_put():  of test.env.predictor called
# wb_data_sent:  18
# NCSU_INFO:Time            344115000:ncsu_component::nb_transport():  of test.env.scoreboard called
# NCSU_INFO:Time            344115000:ncsu_component::nb_put():  of test.env.predictor called
# NCSU_INFO:Time            344123000:ncsu_component::nb_transport():  of test.env.scoreboard called
# NCSU_INFO:Time            344123000:ncsu_component::nb_put():  of test.env.predictor called
# NCSU_INFO:Time            362165000:i2c_monitor::run():  of test.env.i2c_agent.monitor called.
#  Slave address:0x22;
#  RW:0;
#  Data:0 1 2 3 4 5 6 7 8 9 10 11 12 13 14 15 16 17 18 0 0 0 0 0 0 0 0 0 0 0 0 0 0 0 0 0 0 0 0 0 0 0 0 0 0 0 0 0 0 0 0 0 0 0 0 0 0 0 0 0 0 0 0 0
# NCSU_INFO:Time            362165000:ncsu_component::nb_put():  of test.env.scoreboard called
# NCSU_INFO:Time            362167000:ncsu_component::nb_transport():  of test.env.scoreboard called
# NCSU_INFO:Time            362167000:ncsu_component::nb_put():  of test.env.predictor called
# wb_data_sent:  19
# NCSU_INFO:Time            362173000:ncsu_component::nb_transport():  of test.env.scoreboard called
# NCSU_INFO:Time            362173000:ncsu_component::nb_put():  of test.env.predictor called
# NCSU_INFO:Time            362181000:ncsu_component::nb_transport():  of test.env.scoreboard called
# NCSU_INFO:Time            362181000:ncsu_component::nb_put():  of test.env.predictor called
# NCSU_INFO:Time            380223000:i2c_monitor::run():  of test.env.i2c_agent.monitor called.
#  Slave address:0x22;
#  RW:0;
#  Data:0 1 2 3 4 5 6 7 8 9 10 11 12 13 14 15 16 17 18 19 0 0 0 0 0 0 0 0 0 0 0 0 0 0 0 0 0 0 0 0 0 0 0 0 0 0 0 0 0 0 0 0 0 0 0 0 0 0 0 0 0 0 0 0
# NCSU_INFO:Time            380223000:ncsu_component::nb_put():  of test.env.scoreboard called
# NCSU_INFO:Time            380225000:ncsu_component::nb_transport():  of test.env.scoreboard called
# NCSU_INFO:Time            380225000:ncsu_component::nb_put():  of test.env.predictor called
# wb_data_sent:  20
# NCSU_INFO:Time            380231000:ncsu_component::nb_transport():  of test.env.scoreboard called
# NCSU_INFO:Time            380231000:ncsu_component::nb_put():  of test.env.predictor called
# NCSU_INFO:Time            380239000:ncsu_component::nb_transport():  of test.env.scoreboard called
# NCSU_INFO:Time            380239000:ncsu_component::nb_put():  of test.env.predictor called
# NCSU_INFO:Time            398281000:i2c_monitor::run():  of test.env.i2c_agent.monitor called.
#  Slave address:0x22;
#  RW:0;
#  Data:0 1 2 3 4 5 6 7 8 9 10 11 12 13 14 15 16 17 18 19 20 0 0 0 0 0 0 0 0 0 0 0 0 0 0 0 0 0 0 0 0 0 0 0 0 0 0 0 0 0 0 0 0 0 0 0 0 0 0 0 0 0 0 0
# NCSU_INFO:Time            398281000:ncsu_component::nb_put():  of test.env.scoreboard called
# NCSU_INFO:Time            398283000:ncsu_component::nb_transport():  of test.env.scoreboard called
# NCSU_INFO:Time            398283000:ncsu_component::nb_put():  of test.env.predictor called
# wb_data_sent:  21
# NCSU_INFO:Time            398289000:ncsu_component::nb_transport():  of test.env.scoreboard called
# NCSU_INFO:Time            398289000:ncsu_component::nb_put():  of test.env.predictor called
# NCSU_INFO:Time            398297000:ncsu_component::nb_transport():  of test.env.scoreboard called
# NCSU_INFO:Time            398297000:ncsu_component::nb_put():  of test.env.predictor called
# NCSU_INFO:Time            416339000:i2c_monitor::run():  of test.env.i2c_agent.monitor called.
#  Slave address:0x22;
#  RW:0;
#  Data:0 1 2 3 4 5 6 7 8 9 10 11 12 13 14 15 16 17 18 19 20 21 0 0 0 0 0 0 0 0 0 0 0 0 0 0 0 0 0 0 0 0 0 0 0 0 0 0 0 0 0 0 0 0 0 0 0 0 0 0 0 0 0 0
# NCSU_INFO:Time            416339000:ncsu_component::nb_put():  of test.env.scoreboard called
# NCSU_INFO:Time            416341000:ncsu_component::nb_transport():  of test.env.scoreboard called
# NCSU_INFO:Time            416341000:ncsu_component::nb_put():  of test.env.predictor called
# wb_data_sent:  22
# NCSU_INFO:Time            416347000:ncsu_component::nb_transport():  of test.env.scoreboard called
# NCSU_INFO:Time            416347000:ncsu_component::nb_put():  of test.env.predictor called
# NCSU_INFO:Time            416355000:ncsu_component::nb_transport():  of test.env.scoreboard called
# NCSU_INFO:Time            416355000:ncsu_component::nb_put():  of test.env.predictor called
# NCSU_INFO:Time            434397000:i2c_monitor::run():  of test.env.i2c_agent.monitor called.
#  Slave address:0x22;
#  RW:0;
#  Data:0 1 2 3 4 5 6 7 8 9 10 11 12 13 14 15 16 17 18 19 20 21 22 0 0 0 0 0 0 0 0 0 0 0 0 0 0 0 0 0 0 0 0 0 0 0 0 0 0 0 0 0 0 0 0 0 0 0 0 0 0 0 0 0
# NCSU_INFO:Time            434397000:ncsu_component::nb_put():  of test.env.scoreboard called
# NCSU_INFO:Time            434399000:ncsu_component::nb_transport():  of test.env.scoreboard called
# NCSU_INFO:Time            434399000:ncsu_component::nb_put():  of test.env.predictor called
# wb_data_sent:  23
# NCSU_INFO:Time            434405000:ncsu_component::nb_transport():  of test.env.scoreboard called
# NCSU_INFO:Time            434405000:ncsu_component::nb_put():  of test.env.predictor called
# NCSU_INFO:Time            434413000:ncsu_component::nb_transport():  of test.env.scoreboard called
# NCSU_INFO:Time            434413000:ncsu_component::nb_put():  of test.env.predictor called
# NCSU_INFO:Time            452455000:i2c_monitor::run():  of test.env.i2c_agent.monitor called.
#  Slave address:0x22;
#  RW:0;
#  Data:0 1 2 3 4 5 6 7 8 9 10 11 12 13 14 15 16 17 18 19 20 21 22 23 0 0 0 0 0 0 0 0 0 0 0 0 0 0 0 0 0 0 0 0 0 0 0 0 0 0 0 0 0 0 0 0 0 0 0 0 0 0 0 0
# NCSU_INFO:Time            452455000:ncsu_component::nb_put():  of test.env.scoreboard called
# NCSU_INFO:Time            452457000:ncsu_component::nb_transport():  of test.env.scoreboard called
# NCSU_INFO:Time            452457000:ncsu_component::nb_put():  of test.env.predictor called
# wb_data_sent:  24
# NCSU_INFO:Time            452463000:ncsu_component::nb_transport():  of test.env.scoreboard called
# NCSU_INFO:Time            452463000:ncsu_component::nb_put():  of test.env.predictor called
# NCSU_INFO:Time            452471000:ncsu_component::nb_transport():  of test.env.scoreboard called
# NCSU_INFO:Time            452471000:ncsu_component::nb_put():  of test.env.predictor called
# NCSU_INFO:Time            470513000:i2c_monitor::run():  of test.env.i2c_agent.monitor called.
#  Slave address:0x22;
#  RW:0;
#  Data:0 1 2 3 4 5 6 7 8 9 10 11 12 13 14 15 16 17 18 19 20 21 22 23 24 0 0 0 0 0 0 0 0 0 0 0 0 0 0 0 0 0 0 0 0 0 0 0 0 0 0 0 0 0 0 0 0 0 0 0 0 0 0 0
# NCSU_INFO:Time            470513000:ncsu_component::nb_put():  of test.env.scoreboard called
# NCSU_INFO:Time            470515000:ncsu_component::nb_transport():  of test.env.scoreboard called
# NCSU_INFO:Time            470515000:ncsu_component::nb_put():  of test.env.predictor called
# wb_data_sent:  25
# NCSU_INFO:Time            470521000:ncsu_component::nb_transport():  of test.env.scoreboard called
# NCSU_INFO:Time            470521000:ncsu_component::nb_put():  of test.env.predictor called
# NCSU_INFO:Time            470529000:ncsu_component::nb_transport():  of test.env.scoreboard called
# NCSU_INFO:Time            470529000:ncsu_component::nb_put():  of test.env.predictor called
# NCSU_INFO:Time            488571000:i2c_monitor::run():  of test.env.i2c_agent.monitor called.
#  Slave address:0x22;
#  RW:0;
#  Data:0 1 2 3 4 5 6 7 8 9 10 11 12 13 14 15 16 17 18 19 20 21 22 23 24 25 0 0 0 0 0 0 0 0 0 0 0 0 0 0 0 0 0 0 0 0 0 0 0 0 0 0 0 0 0 0 0 0 0 0 0 0 0 0
# NCSU_INFO:Time            488571000:ncsu_component::nb_put():  of test.env.scoreboard called
# NCSU_INFO:Time            488573000:ncsu_component::nb_transport():  of test.env.scoreboard called
# NCSU_INFO:Time            488573000:ncsu_component::nb_put():  of test.env.predictor called
# wb_data_sent:  26
# NCSU_INFO:Time            488579000:ncsu_component::nb_transport():  of test.env.scoreboard called
# NCSU_INFO:Time            488579000:ncsu_component::nb_put():  of test.env.predictor called
# NCSU_INFO:Time            488587000:ncsu_component::nb_transport():  of test.env.scoreboard called
# NCSU_INFO:Time            488587000:ncsu_component::nb_put():  of test.env.predictor called
# NCSU_INFO:Time            506629000:i2c_monitor::run():  of test.env.i2c_agent.monitor called.
#  Slave address:0x22;
#  RW:0;
#  Data:0 1 2 3 4 5 6 7 8 9 10 11 12 13 14 15 16 17 18 19 20 21 22 23 24 25 26 0 0 0 0 0 0 0 0 0 0 0 0 0 0 0 0 0 0 0 0 0 0 0 0 0 0 0 0 0 0 0 0 0 0 0 0 0
# NCSU_INFO:Time            506629000:ncsu_component::nb_put():  of test.env.scoreboard called
# NCSU_INFO:Time            506631000:ncsu_component::nb_transport():  of test.env.scoreboard called
# NCSU_INFO:Time            506631000:ncsu_component::nb_put():  of test.env.predictor called
# wb_data_sent:  27
# NCSU_INFO:Time            506637000:ncsu_component::nb_transport():  of test.env.scoreboard called
# NCSU_INFO:Time            506637000:ncsu_component::nb_put():  of test.env.predictor called
# NCSU_INFO:Time            506645000:ncsu_component::nb_transport():  of test.env.scoreboard called
# NCSU_INFO:Time            506645000:ncsu_component::nb_put():  of test.env.predictor called
# NCSU_INFO:Time            524687000:i2c_monitor::run():  of test.env.i2c_agent.monitor called.
#  Slave address:0x22;
#  RW:0;
#  Data:0 1 2 3 4 5 6 7 8 9 10 11 12 13 14 15 16 17 18 19 20 21 22 23 24 25 26 27 0 0 0 0 0 0 0 0 0 0 0 0 0 0 0 0 0 0 0 0 0 0 0 0 0 0 0 0 0 0 0 0 0 0 0 0
# NCSU_INFO:Time            524687000:ncsu_component::nb_put():  of test.env.scoreboard called
# NCSU_INFO:Time            524689000:ncsu_component::nb_transport():  of test.env.scoreboard called
# NCSU_INFO:Time            524689000:ncsu_component::nb_put():  of test.env.predictor called
# wb_data_sent:  28
# NCSU_INFO:Time            524695000:ncsu_component::nb_transport():  of test.env.scoreboard called
# NCSU_INFO:Time            524695000:ncsu_component::nb_put():  of test.env.predictor called
# NCSU_INFO:Time            524703000:ncsu_component::nb_transport():  of test.env.scoreboard called
# NCSU_INFO:Time            524703000:ncsu_component::nb_put():  of test.env.predictor called
# NCSU_INFO:Time            542745000:i2c_monitor::run():  of test.env.i2c_agent.monitor called.
#  Slave address:0x22;
#  RW:0;
#  Data:0 1 2 3 4 5 6 7 8 9 10 11 12 13 14 15 16 17 18 19 20 21 22 23 24 25 26 27 28 0 0 0 0 0 0 0 0 0 0 0 0 0 0 0 0 0 0 0 0 0 0 0 0 0 0 0 0 0 0 0 0 0 0 0
# NCSU_INFO:Time            542745000:ncsu_component::nb_put():  of test.env.scoreboard called
# NCSU_INFO:Time            542747000:ncsu_component::nb_transport():  of test.env.scoreboard called
# NCSU_INFO:Time            542747000:ncsu_component::nb_put():  of test.env.predictor called
# wb_data_sent:  29
# NCSU_INFO:Time            542753000:ncsu_component::nb_transport():  of test.env.scoreboard called
# NCSU_INFO:Time            542753000:ncsu_component::nb_put():  of test.env.predictor called
# NCSU_INFO:Time            542761000:ncsu_component::nb_transport():  of test.env.scoreboard called
# NCSU_INFO:Time            542761000:ncsu_component::nb_put():  of test.env.predictor called
# NCSU_INFO:Time            560803000:i2c_monitor::run():  of test.env.i2c_agent.monitor called.
#  Slave address:0x22;
#  RW:0;
#  Data:0 1 2 3 4 5 6 7 8 9 10 11 12 13 14 15 16 17 18 19 20 21 22 23 24 25 26 27 28 29 0 0 0 0 0 0 0 0 0 0 0 0 0 0 0 0 0 0 0 0 0 0 0 0 0 0 0 0 0 0 0 0 0 0
# NCSU_INFO:Time            560803000:ncsu_component::nb_put():  of test.env.scoreboard called
# NCSU_INFO:Time            560805000:ncsu_component::nb_transport():  of test.env.scoreboard called
# NCSU_INFO:Time            560805000:ncsu_component::nb_put():  of test.env.predictor called
# wb_data_sent:  30
# NCSU_INFO:Time            560811000:ncsu_component::nb_transport():  of test.env.scoreboard called
# NCSU_INFO:Time            560811000:ncsu_component::nb_put():  of test.env.predictor called
# NCSU_INFO:Time            560819000:ncsu_component::nb_transport():  of test.env.scoreboard called
# NCSU_INFO:Time            560819000:ncsu_component::nb_put():  of test.env.predictor called
# NCSU_INFO:Time            578861000:i2c_monitor::run():  of test.env.i2c_agent.monitor called.
#  Slave address:0x22;
#  RW:0;
#  Data:0 1 2 3 4 5 6 7 8 9 10 11 12 13 14 15 16 17 18 19 20 21 22 23 24 25 26 27 28 29 30 0 0 0 0 0 0 0 0 0 0 0 0 0 0 0 0 0 0 0 0 0 0 0 0 0 0 0 0 0 0 0 0 0
# NCSU_INFO:Time            578861000:ncsu_component::nb_put():  of test.env.scoreboard called
# NCSU_INFO:Time            578863000:ncsu_component::nb_transport():  of test.env.scoreboard called
# NCSU_INFO:Time            578863000:ncsu_component::nb_put():  of test.env.predictor called
# wb_data_sent:  31
# NCSU_INFO:Time            578869000:ncsu_component::nb_transport():  of test.env.scoreboard called
# NCSU_INFO:Time            578869000:ncsu_component::nb_put():  of test.env.predictor called
# NCSU_INFO:Time            578877000:ncsu_component::nb_transport():  of test.env.scoreboard called
# NCSU_INFO:Time            578877000:ncsu_component::nb_put():  of test.env.predictor called
# NCSU_INFO:Time            596919000:i2c_monitor::run():  of test.env.i2c_agent.monitor called.
#  Slave address:0x22;
#  RW:0;
#  Data:0 1 2 3 4 5 6 7 8 9 10 11 12 13 14 15 16 17 18 19 20 21 22 23 24 25 26 27 28 29 30 31 0 0 0 0 0 0 0 0 0 0 0 0 0 0 0 0 0 0 0 0 0 0 0 0 0 0 0 0 0 0 0 0
# NCSU_INFO:Time            596919000:ncsu_component::nb_put():  of test.env.scoreboard called
# NCSU_INFO:Time            596921000:ncsu_component::nb_transport():  of test.env.scoreboard called
# NCSU_INFO:Time            596921000:ncsu_component::nb_put():  of test.env.predictor called
# NCSU_INFO:Time            596927000:ncsu_component::nb_transport():  of test.env.scoreboard called
# NCSU_INFO:Time            596927000:ncsu_component::nb_put():  of test.env.predictor called
# NCSU_INFO:Time            598619000:ncsu_component::nb_transport():  of test.env.scoreboard called
# NCSU_INFO:Time            598619000:ncsu_component::nb_put():  of test.env.predictor called
# NCSU_INFO:Time            598623000:FINISH: wb_driver::run():  of test.env.wb_agent.driver is called.
################### TEST 1 FINISH ##########################
# Write 32 incrementing values: 0 to 31; to the I2C bus
############################################################
################### TEST 2 ##########################
# Read 32 values from I2C Bus
#####################################################
# NCSU_INFO:Time            598623000:START: wb_driver::run():  of test.env.wb_agent.driver is called.
# NCSU_INFO:Time            598623000:i2c_driver::bl_put():  of test.env.i2c_agent.driver called
# NCSU_INFO:Time            598625000:ncsu_component::nb_transport():  of test.env.scoreboard called
# NCSU_INFO:Time            598625000:ncsu_component::nb_put():  of test.env.predictor called
# NCSU_INFO:Time            598631000:ncsu_component::nb_transport():  of test.env.scoreboard called
# NCSU_INFO:Time            598631000:ncsu_component::nb_put():  of test.env.predictor called
# NCSU_INFO:Time            598639000:ncsu_component::nb_transport():  of test.env.scoreboard called
# NCSU_INFO:Time            598639000:ncsu_component::nb_put():  of test.env.predictor called
# NCSU_INFO:Time            598647000:ncsu_component::nb_transport():  of test.env.scoreboard called
# NCSU_INFO:Time            598647000:ncsu_component::nb_put():  of test.env.predictor called
# NCSU_INFO:Time            598655000:ncsu_component::nb_transport():  of test.env.scoreboard called
# NCSU_INFO:Time            598655000:ncsu_component::nb_put():  of test.env.predictor called
# NCSU_INFO:Time            598661000:ncsu_component::nb_transport():  of test.env.scoreboard called
# NCSU_INFO:Time            598661000:ncsu_component::nb_put():  of test.env.predictor called
# NCSU_INFO:Time            600537000:ncsu_component::nb_transport():  of test.env.scoreboard called
# NCSU_INFO:Time            600537000:ncsu_component::nb_put():  of test.env.predictor called
# NCSU_INFO:Time            600543000:ncsu_component::nb_transport():  of test.env.scoreboard called
# NCSU_INFO:Time            600543000:ncsu_component::nb_put():  of test.env.predictor called
# NCSU_INFO:Time            600549000:ncsu_component::nb_transport():  of test.env.scoreboard called
# NCSU_INFO:Time            600549000:ncsu_component::nb_put():  of test.env.predictor called
# NCSU_INFO:Time            600557000:ncsu_component::nb_transport():  of test.env.scoreboard called
# NCSU_INFO:Time            600557000:ncsu_component::nb_put():  of test.env.predictor called
# NCSU_INFO:Time            618601000:ncsu_component::nb_transport():  of test.env.scoreboard called
# NCSU_INFO:Time            618601000:ncsu_component::nb_put():  of test.env.predictor called
# NCSU_INFO:Time            618607000:ncsu_component::nb_transport():  of test.env.scoreboard called
# NCSU_INFO:Time            618607000:ncsu_component::nb_put():  of test.env.predictor called
# NCSU_INFO:Time            636651000:ncsu_component::nb_transport():  of test.env.scoreboard called
# NCSU_INFO:Time            636651000:ncsu_component::nb_put():  of test.env.predictor called
# wb data received: 100
# NCSU_INFO:Time            636655000:i2c_monitor::run():  of test.env.i2c_agent.monitor called.
#  Slave address:0x22;
#  RW:1;
#  Data:100 0 0 0 0 0 0 0 0 0 0 0 0 0 0 0 0 0 0 0 0 0 0 0 0 0 0 0 0 0 0 0
# NCSU_INFO:Time            636655000:ncsu_component::nb_put():  of test.env.scoreboard called
# NCSU_INFO:Time            636657000:ncsu_component::nb_transport():  of test.env.scoreboard called
# NCSU_INFO:Time            636657000:ncsu_component::nb_put():  of test.env.predictor called
# NCSU_INFO:Time            636663000:ncsu_component::nb_transport():  of test.env.scoreboard called
# NCSU_INFO:Time            636663000:ncsu_component::nb_put():  of test.env.predictor called
# NCSU_INFO:Time            654707000:ncsu_component::nb_transport():  of test.env.scoreboard called
# NCSU_INFO:Time            654707000:ncsu_component::nb_put():  of test.env.predictor called
# wb data received: 101
# NCSU_INFO:Time            654711000:i2c_monitor::run():  of test.env.i2c_agent.monitor called.
#  Slave address:0x22;
#  RW:1;
#  Data:100 101 0 0 0 0 0 0 0 0 0 0 0 0 0 0 0 0 0 0 0 0 0 0 0 0 0 0 0 0 0 0
# NCSU_INFO:Time            654711000:ncsu_component::nb_put():  of test.env.scoreboard called
# NCSU_INFO:Time            654713000:ncsu_component::nb_transport():  of test.env.scoreboard called
# NCSU_INFO:Time            654713000:ncsu_component::nb_put():  of test.env.predictor called
# NCSU_INFO:Time            654719000:ncsu_component::nb_transport():  of test.env.scoreboard called
# NCSU_INFO:Time            654719000:ncsu_component::nb_put():  of test.env.predictor called
# NCSU_INFO:Time            672763000:ncsu_component::nb_transport():  of test.env.scoreboard called
# NCSU_INFO:Time            672763000:ncsu_component::nb_put():  of test.env.predictor called
# wb data received: 102
# NCSU_INFO:Time            672767000:i2c_monitor::run():  of test.env.i2c_agent.monitor called.
#  Slave address:0x22;
#  RW:1;
#  Data:100 101 102 0 0 0 0 0 0 0 0 0 0 0 0 0 0 0 0 0 0 0 0 0 0 0 0 0 0 0 0 0
# NCSU_INFO:Time            672767000:ncsu_component::nb_put():  of test.env.scoreboard called
# NCSU_INFO:Time            672769000:ncsu_component::nb_transport():  of test.env.scoreboard called
# NCSU_INFO:Time            672769000:ncsu_component::nb_put():  of test.env.predictor called
# NCSU_INFO:Time            672775000:ncsu_component::nb_transport():  of test.env.scoreboard called
# NCSU_INFO:Time            672775000:ncsu_component::nb_put():  of test.env.predictor called
# NCSU_INFO:Time            690819000:ncsu_component::nb_transport():  of test.env.scoreboard called
# NCSU_INFO:Time            690819000:ncsu_component::nb_put():  of test.env.predictor called
# wb data received: 103
# NCSU_INFO:Time            690823000:i2c_monitor::run():  of test.env.i2c_agent.monitor called.
#  Slave address:0x22;
#  RW:1;
#  Data:100 101 102 103 0 0 0 0 0 0 0 0 0 0 0 0 0 0 0 0 0 0 0 0 0 0 0 0 0 0 0 0
# NCSU_INFO:Time            690823000:ncsu_component::nb_put():  of test.env.scoreboard called
# NCSU_INFO:Time            690825000:ncsu_component::nb_transport():  of test.env.scoreboard called
# NCSU_INFO:Time            690825000:ncsu_component::nb_put():  of test.env.predictor called
# NCSU_INFO:Time            690831000:ncsu_component::nb_transport():  of test.env.scoreboard called
# NCSU_INFO:Time            690831000:ncsu_component::nb_put():  of test.env.predictor called
# NCSU_INFO:Time            708875000:ncsu_component::nb_transport():  of test.env.scoreboard called
# NCSU_INFO:Time            708875000:ncsu_component::nb_put():  of test.env.predictor called
# wb data received: 104
# NCSU_INFO:Time            708879000:i2c_monitor::run():  of test.env.i2c_agent.monitor called.
#  Slave address:0x22;
#  RW:1;
#  Data:100 101 102 103 104 0 0 0 0 0 0 0 0 0 0 0 0 0 0 0 0 0 0 0 0 0 0 0 0 0 0 0
# NCSU_INFO:Time            708879000:ncsu_component::nb_put():  of test.env.scoreboard called
# NCSU_INFO:Time            708881000:ncsu_component::nb_transport():  of test.env.scoreboard called
# NCSU_INFO:Time            708881000:ncsu_component::nb_put():  of test.env.predictor called
# NCSU_INFO:Time            708887000:ncsu_component::nb_transport():  of test.env.scoreboard called
# NCSU_INFO:Time            708887000:ncsu_component::nb_put():  of test.env.predictor called
# NCSU_INFO:Time            726931000:ncsu_component::nb_transport():  of test.env.scoreboard called
# NCSU_INFO:Time            726931000:ncsu_component::nb_put():  of test.env.predictor called
# wb data received: 105
# NCSU_INFO:Time            726935000:i2c_monitor::run():  of test.env.i2c_agent.monitor called.
#  Slave address:0x22;
#  RW:1;
#  Data:100 101 102 103 104 105 0 0 0 0 0 0 0 0 0 0 0 0 0 0 0 0 0 0 0 0 0 0 0 0 0 0
# NCSU_INFO:Time            726935000:ncsu_component::nb_put():  of test.env.scoreboard called
# NCSU_INFO:Time            726937000:ncsu_component::nb_transport():  of test.env.scoreboard called
# NCSU_INFO:Time            726937000:ncsu_component::nb_put():  of test.env.predictor called
# NCSU_INFO:Time            726943000:ncsu_component::nb_transport():  of test.env.scoreboard called
# NCSU_INFO:Time            726943000:ncsu_component::nb_put():  of test.env.predictor called
# NCSU_INFO:Time            744987000:ncsu_component::nb_transport():  of test.env.scoreboard called
# NCSU_INFO:Time            744987000:ncsu_component::nb_put():  of test.env.predictor called
# wb data received: 106
# NCSU_INFO:Time            744991000:i2c_monitor::run():  of test.env.i2c_agent.monitor called.
#  Slave address:0x22;
#  RW:1;
#  Data:100 101 102 103 104 105 106 0 0 0 0 0 0 0 0 0 0 0 0 0 0 0 0 0 0 0 0 0 0 0 0 0
# NCSU_INFO:Time            744991000:ncsu_component::nb_put():  of test.env.scoreboard called
# NCSU_INFO:Time            744993000:ncsu_component::nb_transport():  of test.env.scoreboard called
# NCSU_INFO:Time            744993000:ncsu_component::nb_put():  of test.env.predictor called
# NCSU_INFO:Time            744999000:ncsu_component::nb_transport():  of test.env.scoreboard called
# NCSU_INFO:Time            744999000:ncsu_component::nb_put():  of test.env.predictor called
# NCSU_INFO:Time            763043000:ncsu_component::nb_transport():  of test.env.scoreboard called
# NCSU_INFO:Time            763043000:ncsu_component::nb_put():  of test.env.predictor called
# wb data received: 107
# NCSU_INFO:Time            763047000:i2c_monitor::run():  of test.env.i2c_agent.monitor called.
#  Slave address:0x22;
#  RW:1;
#  Data:100 101 102 103 104 105 106 107 0 0 0 0 0 0 0 0 0 0 0 0 0 0 0 0 0 0 0 0 0 0 0 0
# NCSU_INFO:Time            763047000:ncsu_component::nb_put():  of test.env.scoreboard called
# NCSU_INFO:Time            763049000:ncsu_component::nb_transport():  of test.env.scoreboard called
# NCSU_INFO:Time            763049000:ncsu_component::nb_put():  of test.env.predictor called
# NCSU_INFO:Time            763055000:ncsu_component::nb_transport():  of test.env.scoreboard called
# NCSU_INFO:Time            763055000:ncsu_component::nb_put():  of test.env.predictor called
# NCSU_INFO:Time            781099000:ncsu_component::nb_transport():  of test.env.scoreboard called
# NCSU_INFO:Time            781099000:ncsu_component::nb_put():  of test.env.predictor called
# wb data received: 108
# NCSU_INFO:Time            781103000:i2c_monitor::run():  of test.env.i2c_agent.monitor called.
#  Slave address:0x22;
#  RW:1;
#  Data:100 101 102 103 104 105 106 107 108 0 0 0 0 0 0 0 0 0 0 0 0 0 0 0 0 0 0 0 0 0 0 0
# NCSU_INFO:Time            781103000:ncsu_component::nb_put():  of test.env.scoreboard called
# NCSU_INFO:Time            781105000:ncsu_component::nb_transport():  of test.env.scoreboard called
# NCSU_INFO:Time            781105000:ncsu_component::nb_put():  of test.env.predictor called
# NCSU_INFO:Time            781111000:ncsu_component::nb_transport():  of test.env.scoreboard called
# NCSU_INFO:Time            781111000:ncsu_component::nb_put():  of test.env.predictor called
# NCSU_INFO:Time            799155000:ncsu_component::nb_transport():  of test.env.scoreboard called
# NCSU_INFO:Time            799155000:ncsu_component::nb_put():  of test.env.predictor called
# wb data received: 109
# NCSU_INFO:Time            799159000:i2c_monitor::run():  of test.env.i2c_agent.monitor called.
#  Slave address:0x22;
#  RW:1;
#  Data:100 101 102 103 104 105 106 107 108 109 0 0 0 0 0 0 0 0 0 0 0 0 0 0 0 0 0 0 0 0 0 0
# NCSU_INFO:Time            799159000:ncsu_component::nb_put():  of test.env.scoreboard called
# NCSU_INFO:Time            799161000:ncsu_component::nb_transport():  of test.env.scoreboard called
# NCSU_INFO:Time            799161000:ncsu_component::nb_put():  of test.env.predictor called
# NCSU_INFO:Time            799167000:ncsu_component::nb_transport():  of test.env.scoreboard called
# NCSU_INFO:Time            799167000:ncsu_component::nb_put():  of test.env.predictor called
# NCSU_INFO:Time            817211000:ncsu_component::nb_transport():  of test.env.scoreboard called
# NCSU_INFO:Time            817211000:ncsu_component::nb_put():  of test.env.predictor called
# wb data received: 110
# NCSU_INFO:Time            817215000:i2c_monitor::run():  of test.env.i2c_agent.monitor called.
#  Slave address:0x22;
#  RW:1;
#  Data:100 101 102 103 104 105 106 107 108 109 110 0 0 0 0 0 0 0 0 0 0 0 0 0 0 0 0 0 0 0 0 0
# NCSU_INFO:Time            817215000:ncsu_component::nb_put():  of test.env.scoreboard called
# NCSU_INFO:Time            817217000:ncsu_component::nb_transport():  of test.env.scoreboard called
# NCSU_INFO:Time            817217000:ncsu_component::nb_put():  of test.env.predictor called
# NCSU_INFO:Time            817223000:ncsu_component::nb_transport():  of test.env.scoreboard called
# NCSU_INFO:Time            817223000:ncsu_component::nb_put():  of test.env.predictor called
# NCSU_INFO:Time            835267000:ncsu_component::nb_transport():  of test.env.scoreboard called
# NCSU_INFO:Time            835267000:ncsu_component::nb_put():  of test.env.predictor called
# wb data received: 111
# NCSU_INFO:Time            835271000:i2c_monitor::run():  of test.env.i2c_agent.monitor called.
#  Slave address:0x22;
#  RW:1;
#  Data:100 101 102 103 104 105 106 107 108 109 110 111 0 0 0 0 0 0 0 0 0 0 0 0 0 0 0 0 0 0 0 0
# NCSU_INFO:Time            835271000:ncsu_component::nb_put():  of test.env.scoreboard called
# NCSU_INFO:Time            835273000:ncsu_component::nb_transport():  of test.env.scoreboard called
# NCSU_INFO:Time            835273000:ncsu_component::nb_put():  of test.env.predictor called
# NCSU_INFO:Time            835279000:ncsu_component::nb_transport():  of test.env.scoreboard called
# NCSU_INFO:Time            835279000:ncsu_component::nb_put():  of test.env.predictor called
# NCSU_INFO:Time            853323000:ncsu_component::nb_transport():  of test.env.scoreboard called
# NCSU_INFO:Time            853323000:ncsu_component::nb_put():  of test.env.predictor called
# wb data received: 112
# NCSU_INFO:Time            853327000:i2c_monitor::run():  of test.env.i2c_agent.monitor called.
#  Slave address:0x22;
#  RW:1;
#  Data:100 101 102 103 104 105 106 107 108 109 110 111 112 0 0 0 0 0 0 0 0 0 0 0 0 0 0 0 0 0 0 0
# NCSU_INFO:Time            853327000:ncsu_component::nb_put():  of test.env.scoreboard called
# NCSU_INFO:Time            853329000:ncsu_component::nb_transport():  of test.env.scoreboard called
# NCSU_INFO:Time            853329000:ncsu_component::nb_put():  of test.env.predictor called
# NCSU_INFO:Time            853335000:ncsu_component::nb_transport():  of test.env.scoreboard called
# NCSU_INFO:Time            853335000:ncsu_component::nb_put():  of test.env.predictor called
# NCSU_INFO:Time            871379000:ncsu_component::nb_transport():  of test.env.scoreboard called
# NCSU_INFO:Time            871379000:ncsu_component::nb_put():  of test.env.predictor called
# wb data received: 113
# NCSU_INFO:Time            871383000:i2c_monitor::run():  of test.env.i2c_agent.monitor called.
#  Slave address:0x22;
#  RW:1;
#  Data:100 101 102 103 104 105 106 107 108 109 110 111 112 113 0 0 0 0 0 0 0 0 0 0 0 0 0 0 0 0 0 0
# NCSU_INFO:Time            871383000:ncsu_component::nb_put():  of test.env.scoreboard called
# NCSU_INFO:Time            871385000:ncsu_component::nb_transport():  of test.env.scoreboard called
# NCSU_INFO:Time            871385000:ncsu_component::nb_put():  of test.env.predictor called
# NCSU_INFO:Time            871391000:ncsu_component::nb_transport():  of test.env.scoreboard called
# NCSU_INFO:Time            871391000:ncsu_component::nb_put():  of test.env.predictor called
# NCSU_INFO:Time            889435000:ncsu_component::nb_transport():  of test.env.scoreboard called
# NCSU_INFO:Time            889435000:ncsu_component::nb_put():  of test.env.predictor called
# wb data received: 114
# NCSU_INFO:Time            889439000:i2c_monitor::run():  of test.env.i2c_agent.monitor called.
#  Slave address:0x22;
#  RW:1;
#  Data:100 101 102 103 104 105 106 107 108 109 110 111 112 113 114 0 0 0 0 0 0 0 0 0 0 0 0 0 0 0 0 0
# NCSU_INFO:Time            889439000:ncsu_component::nb_put():  of test.env.scoreboard called
# NCSU_INFO:Time            889441000:ncsu_component::nb_transport():  of test.env.scoreboard called
# NCSU_INFO:Time            889441000:ncsu_component::nb_put():  of test.env.predictor called
# NCSU_INFO:Time            889447000:ncsu_component::nb_transport():  of test.env.scoreboard called
# NCSU_INFO:Time            889447000:ncsu_component::nb_put():  of test.env.predictor called
# NCSU_INFO:Time            907491000:ncsu_component::nb_transport():  of test.env.scoreboard called
# NCSU_INFO:Time            907491000:ncsu_component::nb_put():  of test.env.predictor called
# wb data received: 115
# NCSU_INFO:Time            907495000:i2c_monitor::run():  of test.env.i2c_agent.monitor called.
#  Slave address:0x22;
#  RW:1;
#  Data:100 101 102 103 104 105 106 107 108 109 110 111 112 113 114 115 0 0 0 0 0 0 0 0 0 0 0 0 0 0 0 0
# NCSU_INFO:Time            907495000:ncsu_component::nb_put():  of test.env.scoreboard called
# NCSU_INFO:Time            907497000:ncsu_component::nb_transport():  of test.env.scoreboard called
# NCSU_INFO:Time            907497000:ncsu_component::nb_put():  of test.env.predictor called
# NCSU_INFO:Time            907503000:ncsu_component::nb_transport():  of test.env.scoreboard called
# NCSU_INFO:Time            907503000:ncsu_component::nb_put():  of test.env.predictor called
# NCSU_INFO:Time            925547000:ncsu_component::nb_transport():  of test.env.scoreboard called
# NCSU_INFO:Time            925547000:ncsu_component::nb_put():  of test.env.predictor called
# wb data received: 116
# NCSU_INFO:Time            925551000:i2c_monitor::run():  of test.env.i2c_agent.monitor called.
#  Slave address:0x22;
#  RW:1;
#  Data:100 101 102 103 104 105 106 107 108 109 110 111 112 113 114 115 116 0 0 0 0 0 0 0 0 0 0 0 0 0 0 0
# NCSU_INFO:Time            925551000:ncsu_component::nb_put():  of test.env.scoreboard called
# NCSU_INFO:Time            925553000:ncsu_component::nb_transport():  of test.env.scoreboard called
# NCSU_INFO:Time            925553000:ncsu_component::nb_put():  of test.env.predictor called
# NCSU_INFO:Time            925559000:ncsu_component::nb_transport():  of test.env.scoreboard called
# NCSU_INFO:Time            925559000:ncsu_component::nb_put():  of test.env.predictor called
# NCSU_INFO:Time            943603000:ncsu_component::nb_transport():  of test.env.scoreboard called
# NCSU_INFO:Time            943603000:ncsu_component::nb_put():  of test.env.predictor called
# wb data received: 117
# NCSU_INFO:Time            943607000:i2c_monitor::run():  of test.env.i2c_agent.monitor called.
#  Slave address:0x22;
#  RW:1;
#  Data:100 101 102 103 104 105 106 107 108 109 110 111 112 113 114 115 116 117 0 0 0 0 0 0 0 0 0 0 0 0 0 0
# NCSU_INFO:Time            943607000:ncsu_component::nb_put():  of test.env.scoreboard called
# NCSU_INFO:Time            943609000:ncsu_component::nb_transport():  of test.env.scoreboard called
# NCSU_INFO:Time            943609000:ncsu_component::nb_put():  of test.env.predictor called
# NCSU_INFO:Time            943615000:ncsu_component::nb_transport():  of test.env.scoreboard called
# NCSU_INFO:Time            943615000:ncsu_component::nb_put():  of test.env.predictor called
# NCSU_INFO:Time            961659000:ncsu_component::nb_transport():  of test.env.scoreboard called
# NCSU_INFO:Time            961659000:ncsu_component::nb_put():  of test.env.predictor called
# wb data received: 118
# NCSU_INFO:Time            961663000:i2c_monitor::run():  of test.env.i2c_agent.monitor called.
#  Slave address:0x22;
#  RW:1;
#  Data:100 101 102 103 104 105 106 107 108 109 110 111 112 113 114 115 116 117 118 0 0 0 0 0 0 0 0 0 0 0 0 0
# NCSU_INFO:Time            961663000:ncsu_component::nb_put():  of test.env.scoreboard called
# NCSU_INFO:Time            961665000:ncsu_component::nb_transport():  of test.env.scoreboard called
# NCSU_INFO:Time            961665000:ncsu_component::nb_put():  of test.env.predictor called
# NCSU_INFO:Time            961671000:ncsu_component::nb_transport():  of test.env.scoreboard called
# NCSU_INFO:Time            961671000:ncsu_component::nb_put():  of test.env.predictor called
# NCSU_INFO:Time            979715000:ncsu_component::nb_transport():  of test.env.scoreboard called
# NCSU_INFO:Time            979715000:ncsu_component::nb_put():  of test.env.predictor called
# wb data received: 119
# NCSU_INFO:Time            979719000:i2c_monitor::run():  of test.env.i2c_agent.monitor called.
#  Slave address:0x22;
#  RW:1;
#  Data:100 101 102 103 104 105 106 107 108 109 110 111 112 113 114 115 116 117 118 119 0 0 0 0 0 0 0 0 0 0 0 0
# NCSU_INFO:Time            979719000:ncsu_component::nb_put():  of test.env.scoreboard called
# NCSU_INFO:Time            979721000:ncsu_component::nb_transport():  of test.env.scoreboard called
# NCSU_INFO:Time            979721000:ncsu_component::nb_put():  of test.env.predictor called
# NCSU_INFO:Time            979727000:ncsu_component::nb_transport():  of test.env.scoreboard called
# NCSU_INFO:Time            979727000:ncsu_component::nb_put():  of test.env.predictor called
# NCSU_INFO:Time            997771000:ncsu_component::nb_transport():  of test.env.scoreboard called
# NCSU_INFO:Time            997771000:ncsu_component::nb_put():  of test.env.predictor called
# wb data received: 120
# NCSU_INFO:Time            997775000:i2c_monitor::run():  of test.env.i2c_agent.monitor called.
#  Slave address:0x22;
#  RW:1;
#  Data:100 101 102 103 104 105 106 107 108 109 110 111 112 113 114 115 116 117 118 119 120 0 0 0 0 0 0 0 0 0 0 0
# NCSU_INFO:Time            997775000:ncsu_component::nb_put():  of test.env.scoreboard called
# NCSU_INFO:Time            997777000:ncsu_component::nb_transport():  of test.env.scoreboard called
# NCSU_INFO:Time            997777000:ncsu_component::nb_put():  of test.env.predictor called
# NCSU_INFO:Time            997783000:ncsu_component::nb_transport():  of test.env.scoreboard called
# NCSU_INFO:Time            997783000:ncsu_component::nb_put():  of test.env.predictor called
# NCSU_INFO:Time           1015827000:ncsu_component::nb_transport():  of test.env.scoreboard called
# NCSU_INFO:Time           1015827000:ncsu_component::nb_put():  of test.env.predictor called
# wb data received: 121
# NCSU_INFO:Time           1015831000:i2c_monitor::run():  of test.env.i2c_agent.monitor called.
#  Slave address:0x22;
#  RW:1;
#  Data:100 101 102 103 104 105 106 107 108 109 110 111 112 113 114 115 116 117 118 119 120 121 0 0 0 0 0 0 0 0 0 0
# NCSU_INFO:Time           1015831000:ncsu_component::nb_put():  of test.env.scoreboard called
# NCSU_INFO:Time           1015833000:ncsu_component::nb_transport():  of test.env.scoreboard called
# NCSU_INFO:Time           1015833000:ncsu_component::nb_put():  of test.env.predictor called
# NCSU_INFO:Time           1015839000:ncsu_component::nb_transport():  of test.env.scoreboard called
# NCSU_INFO:Time           1015839000:ncsu_component::nb_put():  of test.env.predictor called
# NCSU_INFO:Time           1033883000:ncsu_component::nb_transport():  of test.env.scoreboard called
# NCSU_INFO:Time           1033883000:ncsu_component::nb_put():  of test.env.predictor called
# wb data received: 122
# NCSU_INFO:Time           1033887000:i2c_monitor::run():  of test.env.i2c_agent.monitor called.
#  Slave address:0x22;
#  RW:1;
#  Data:100 101 102 103 104 105 106 107 108 109 110 111 112 113 114 115 116 117 118 119 120 121 122 0 0 0 0 0 0 0 0 0
# NCSU_INFO:Time           1033887000:ncsu_component::nb_put():  of test.env.scoreboard called
# NCSU_INFO:Time           1033889000:ncsu_component::nb_transport():  of test.env.scoreboard called
# NCSU_INFO:Time           1033889000:ncsu_component::nb_put():  of test.env.predictor called
# NCSU_INFO:Time           1033895000:ncsu_component::nb_transport():  of test.env.scoreboard called
# NCSU_INFO:Time           1033895000:ncsu_component::nb_put():  of test.env.predictor called
# NCSU_INFO:Time           1051939000:ncsu_component::nb_transport():  of test.env.scoreboard called
# NCSU_INFO:Time           1051939000:ncsu_component::nb_put():  of test.env.predictor called
# wb data received: 123
# NCSU_INFO:Time           1051943000:i2c_monitor::run():  of test.env.i2c_agent.monitor called.
#  Slave address:0x22;
#  RW:1;
#  Data:100 101 102 103 104 105 106 107 108 109 110 111 112 113 114 115 116 117 118 119 120 121 122 123 0 0 0 0 0 0 0 0
# NCSU_INFO:Time           1051943000:ncsu_component::nb_put():  of test.env.scoreboard called
# NCSU_INFO:Time           1051945000:ncsu_component::nb_transport():  of test.env.scoreboard called
# NCSU_INFO:Time           1051945000:ncsu_component::nb_put():  of test.env.predictor called
# NCSU_INFO:Time           1051951000:ncsu_component::nb_transport():  of test.env.scoreboard called
# NCSU_INFO:Time           1051951000:ncsu_component::nb_put():  of test.env.predictor called
# NCSU_INFO:Time           1069995000:ncsu_component::nb_transport():  of test.env.scoreboard called
# NCSU_INFO:Time           1069995000:ncsu_component::nb_put():  of test.env.predictor called
# wb data received: 124
# NCSU_INFO:Time           1069999000:i2c_monitor::run():  of test.env.i2c_agent.monitor called.
#  Slave address:0x22;
#  RW:1;
#  Data:100 101 102 103 104 105 106 107 108 109 110 111 112 113 114 115 116 117 118 119 120 121 122 123 124 0 0 0 0 0 0 0
# NCSU_INFO:Time           1069999000:ncsu_component::nb_put():  of test.env.scoreboard called
# NCSU_INFO:Time           1070001000:ncsu_component::nb_transport():  of test.env.scoreboard called
# NCSU_INFO:Time           1070001000:ncsu_component::nb_put():  of test.env.predictor called
# NCSU_INFO:Time           1070007000:ncsu_component::nb_transport():  of test.env.scoreboard called
# NCSU_INFO:Time           1070007000:ncsu_component::nb_put():  of test.env.predictor called
# NCSU_INFO:Time           1088051000:ncsu_component::nb_transport():  of test.env.scoreboard called
# NCSU_INFO:Time           1088051000:ncsu_component::nb_put():  of test.env.predictor called
# wb data received: 125
# NCSU_INFO:Time           1088055000:i2c_monitor::run():  of test.env.i2c_agent.monitor called.
#  Slave address:0x22;
#  RW:1;
#  Data:100 101 102 103 104 105 106 107 108 109 110 111 112 113 114 115 116 117 118 119 120 121 122 123 124 125 0 0 0 0 0 0
# NCSU_INFO:Time           1088055000:ncsu_component::nb_put():  of test.env.scoreboard called
# NCSU_INFO:Time           1088057000:ncsu_component::nb_transport():  of test.env.scoreboard called
# NCSU_INFO:Time           1088057000:ncsu_component::nb_put():  of test.env.predictor called
# NCSU_INFO:Time           1088063000:ncsu_component::nb_transport():  of test.env.scoreboard called
# NCSU_INFO:Time           1088063000:ncsu_component::nb_put():  of test.env.predictor called
# NCSU_INFO:Time           1106107000:ncsu_component::nb_transport():  of test.env.scoreboard called
# NCSU_INFO:Time           1106107000:ncsu_component::nb_put():  of test.env.predictor called
# wb data received: 126
# NCSU_INFO:Time           1106111000:i2c_monitor::run():  of test.env.i2c_agent.monitor called.
#  Slave address:0x22;
#  RW:1;
#  Data:100 101 102 103 104 105 106 107 108 109 110 111 112 113 114 115 116 117 118 119 120 121 122 123 124 125 126 0 0 0 0 0
# NCSU_INFO:Time           1106111000:ncsu_component::nb_put():  of test.env.scoreboard called
# NCSU_INFO:Time           1106113000:ncsu_component::nb_transport():  of test.env.scoreboard called
# NCSU_INFO:Time           1106113000:ncsu_component::nb_put():  of test.env.predictor called
# NCSU_INFO:Time           1106119000:ncsu_component::nb_transport():  of test.env.scoreboard called
# NCSU_INFO:Time           1106119000:ncsu_component::nb_put():  of test.env.predictor called
# NCSU_INFO:Time           1124163000:ncsu_component::nb_transport():  of test.env.scoreboard called
# NCSU_INFO:Time           1124163000:ncsu_component::nb_put():  of test.env.predictor called
# wb data received: 127
# NCSU_INFO:Time           1124167000:i2c_monitor::run():  of test.env.i2c_agent.monitor called.
#  Slave address:0x22;
#  RW:1;
#  Data:100 101 102 103 104 105 106 107 108 109 110 111 112 113 114 115 116 117 118 119 120 121 122 123 124 125 126 127 0 0 0 0
# NCSU_INFO:Time           1124167000:ncsu_component::nb_put():  of test.env.scoreboard called
# NCSU_INFO:Time           1124169000:ncsu_component::nb_transport():  of test.env.scoreboard called
# NCSU_INFO:Time           1124169000:ncsu_component::nb_put():  of test.env.predictor called
# NCSU_INFO:Time           1124175000:ncsu_component::nb_transport():  of test.env.scoreboard called
# NCSU_INFO:Time           1124175000:ncsu_component::nb_put():  of test.env.predictor called
# NCSU_INFO:Time           1142219000:ncsu_component::nb_transport():  of test.env.scoreboard called
# NCSU_INFO:Time           1142219000:ncsu_component::nb_put():  of test.env.predictor called
# wb data received: 128
# NCSU_INFO:Time           1142223000:i2c_monitor::run():  of test.env.i2c_agent.monitor called.
#  Slave address:0x22;
#  RW:1;
#  Data:100 101 102 103 104 105 106 107 108 109 110 111 112 113 114 115 116 117 118 119 120 121 122 123 124 125 126 127 -128 0 0 0
# NCSU_INFO:Time           1142223000:ncsu_component::nb_put():  of test.env.scoreboard called
# NCSU_INFO:Time           1142225000:ncsu_component::nb_transport():  of test.env.scoreboard called
# NCSU_INFO:Time           1142225000:ncsu_component::nb_put():  of test.env.predictor called
# NCSU_INFO:Time           1142231000:ncsu_component::nb_transport():  of test.env.scoreboard called
# NCSU_INFO:Time           1142231000:ncsu_component::nb_put():  of test.env.predictor called
# NCSU_INFO:Time           1160275000:ncsu_component::nb_transport():  of test.env.scoreboard called
# NCSU_INFO:Time           1160275000:ncsu_component::nb_put():  of test.env.predictor called
# wb data received: 129
# NCSU_INFO:Time           1160279000:i2c_monitor::run():  of test.env.i2c_agent.monitor called.
#  Slave address:0x22;
#  RW:1;
#  Data:100 101 102 103 104 105 106 107 108 109 110 111 112 113 114 115 116 117 118 119 120 121 122 123 124 125 126 127 -128 -127 0 0
# NCSU_INFO:Time           1160279000:ncsu_component::nb_put():  of test.env.scoreboard called
# NCSU_INFO:Time           1160281000:ncsu_component::nb_transport():  of test.env.scoreboard called
# NCSU_INFO:Time           1160281000:ncsu_component::nb_put():  of test.env.predictor called
# NCSU_INFO:Time           1160287000:ncsu_component::nb_transport():  of test.env.scoreboard called
# NCSU_INFO:Time           1160287000:ncsu_component::nb_put():  of test.env.predictor called
# NCSU_INFO:Time           1178331000:ncsu_component::nb_transport():  of test.env.scoreboard called
# NCSU_INFO:Time           1178331000:ncsu_component::nb_put():  of test.env.predictor called
# wb data received: 130
# NCSU_INFO:Time           1178335000:i2c_monitor::run():  of test.env.i2c_agent.monitor called.
#  Slave address:0x22;
#  RW:1;
#  Data:100 101 102 103 104 105 106 107 108 109 110 111 112 113 114 115 116 117 118 119 120 121 122 123 124 125 126 127 -128 -127 -126 0
# NCSU_INFO:Time           1178335000:ncsu_component::nb_put():  of test.env.scoreboard called
# NCSU_INFO:Time           1178337000:ncsu_component::nb_transport():  of test.env.scoreboard called
# NCSU_INFO:Time           1178337000:ncsu_component::nb_put():  of test.env.predictor called
# NCSU_INFO:Time           1178343000:ncsu_component::nb_transport():  of test.env.scoreboard called
# NCSU_INFO:Time           1178343000:ncsu_component::nb_put():  of test.env.predictor called
# NCSU_INFO:Time           1196387000:ncsu_component::nb_transport():  of test.env.scoreboard called
# NCSU_INFO:Time           1196387000:ncsu_component::nb_put():  of test.env.predictor called
# wb data received: 131
# NCSU_INFO:Time           1196391000:i2c_monitor::run():  of test.env.i2c_agent.monitor called.
#  Slave address:0x22;
#  RW:1;
#  Data:100 101 102 103 104 105 106 107 108 109 110 111 112 113 114 115 116 117 118 119 120 121 122 123 124 125 126 127 -128 -127 -126 -125
# NCSU_INFO:Time           1196391000:ncsu_component::nb_put():  of test.env.scoreboard called
# NCSU_INFO:Time           1196393000:ncsu_component::nb_transport():  of test.env.scoreboard called
# NCSU_INFO:Time           1196393000:ncsu_component::nb_put():  of test.env.predictor called
# NCSU_INFO:Time           1196399000:ncsu_component::nb_transport():  of test.env.scoreboard called
# NCSU_INFO:Time           1196399000:ncsu_component::nb_put():  of test.env.predictor called
# NCSU_INFO:Time           1198091000:ncsu_component::nb_transport():  of test.env.scoreboard called
# NCSU_INFO:Time           1198091000:ncsu_component::nb_put():  of test.env.predictor called
# NCSU_INFO:Time           1198095000:FINISH: wb_driver::run():  of test.env.wb_agent.driver is called.
################### TEST 2 FINISH ##########################
# Read 32 values from I2C Bus
############################################################
############################# TEST 3 ################################
# Alternate READ and WRITES | Write data: 64 to 127 | read data:63 to 0
#####################################################################
# NCSU_INFO:Time           1198095000:START: wb_driver::run():  of test.env.wb_agent.driver is called.
# NCSU_INFO:Time           1198095000:i2c_driver::bl_put():  of test.env.i2c_agent.driver called
# NCSU_INFO:Time           1198097000:ncsu_component::nb_transport():  of test.env.scoreboard called
# NCSU_INFO:Time           1198097000:ncsu_component::nb_put():  of test.env.predictor called
# NCSU_INFO:Time           1198103000:ncsu_component::nb_transport():  of test.env.scoreboard called
# NCSU_INFO:Time           1198103000:ncsu_component::nb_put():  of test.env.predictor called
# NCSU_INFO:Time           1198111000:ncsu_component::nb_transport():  of test.env.scoreboard called
# NCSU_INFO:Time           1198111000:ncsu_component::nb_put():  of test.env.predictor called
# NCSU_INFO:Time           1198119000:ncsu_component::nb_transport():  of test.env.scoreboard called
# NCSU_INFO:Time           1198119000:ncsu_component::nb_put():  of test.env.predictor called
# NCSU_INFO:Time           1198127000:ncsu_component::nb_transport():  of test.env.scoreboard called
# NCSU_INFO:Time           1198127000:ncsu_component::nb_put():  of test.env.predictor called
# NCSU_INFO:Time           1198133000:ncsu_component::nb_transport():  of test.env.scoreboard called
# NCSU_INFO:Time           1198133000:ncsu_component::nb_put():  of test.env.predictor called
# NCSU_INFO:Time           1200009000:ncsu_component::nb_transport():  of test.env.scoreboard called
# NCSU_INFO:Time           1200009000:ncsu_component::nb_put():  of test.env.predictor called
# NCSU_INFO:Time           1200015000:ncsu_component::nb_transport():  of test.env.scoreboard called
# NCSU_INFO:Time           1200015000:ncsu_component::nb_put():  of test.env.predictor called
# NCSU_INFO:Time           1200021000:ncsu_component::nb_transport():  of test.env.scoreboard called
# NCSU_INFO:Time           1200021000:ncsu_component::nb_put():  of test.env.predictor called
# NCSU_INFO:Time           1200029000:ncsu_component::nb_transport():  of test.env.scoreboard called
# NCSU_INFO:Time           1200029000:ncsu_component::nb_put():  of test.env.predictor called
# NCSU_INFO:Time           1218073000:ncsu_component::nb_transport():  of test.env.scoreboard called
# NCSU_INFO:Time           1218073000:ncsu_component::nb_put():  of test.env.predictor called
# wb_data_sent:  64
# NCSU_INFO:Time           1218079000:ncsu_component::nb_transport():  of test.env.scoreboard called
# NCSU_INFO:Time           1218079000:ncsu_component::nb_put():  of test.env.predictor called
# NCSU_INFO:Time           1218087000:ncsu_component::nb_transport():  of test.env.scoreboard called
# NCSU_INFO:Time           1218087000:ncsu_component::nb_put():  of test.env.predictor called
# NCSU_INFO:Time           1236129000:i2c_monitor::run():  of test.env.i2c_agent.monitor called.
#  Slave address:0x22;
#  RW:0;
#  Data:64 0 0 0 0 0 0 0 0 0 0 0 0 0 0 0 0 0 0 0 0 0 0 0 0 0 0 0 0 0 0 0 0 0 0 0 0 0 0 0 0 0 0 0 0 0 0 0 0 0 0 0 0 0 0 0 0 0 0 0 0 0 0 0
# NCSU_INFO:Time           1236129000:ncsu_component::nb_put():  of test.env.scoreboard called
# NCSU_INFO:Time           1236131000:ncsu_component::nb_transport():  of test.env.scoreboard called
# NCSU_INFO:Time           1236131000:ncsu_component::nb_put():  of test.env.predictor called
# NCSU_INFO:Time           1236137000:ncsu_component::nb_transport():  of test.env.scoreboard called
# NCSU_INFO:Time           1236137000:ncsu_component::nb_put():  of test.env.predictor called
# NCSU_INFO:Time           1237829000:ncsu_component::nb_transport():  of test.env.scoreboard called
# NCSU_INFO:Time           1237829000:ncsu_component::nb_put():  of test.env.predictor called
# NCSU_INFO:Time           1237833000:FINISH: wb_driver::run():  of test.env.wb_agent.driver is called.
# NCSU_INFO:Time           1237833000:START: wb_driver::run():  of test.env.wb_agent.driver is called.
# NCSU_INFO:Time           1237833000:i2c_driver::bl_put():  of test.env.i2c_agent.driver called
# NCSU_INFO:Time           1237835000:ncsu_component::nb_transport():  of test.env.scoreboard called
# NCSU_INFO:Time           1237835000:ncsu_component::nb_put():  of test.env.predictor called
# NCSU_INFO:Time           1237841000:ncsu_component::nb_transport():  of test.env.scoreboard called
# NCSU_INFO:Time           1237841000:ncsu_component::nb_put():  of test.env.predictor called
# NCSU_INFO:Time           1237849000:ncsu_component::nb_transport():  of test.env.scoreboard called
# NCSU_INFO:Time           1237849000:ncsu_component::nb_put():  of test.env.predictor called
# NCSU_INFO:Time           1237857000:ncsu_component::nb_transport():  of test.env.scoreboard called
# NCSU_INFO:Time           1237857000:ncsu_component::nb_put():  of test.env.predictor called
# NCSU_INFO:Time           1237865000:ncsu_component::nb_transport():  of test.env.scoreboard called
# NCSU_INFO:Time           1237865000:ncsu_component::nb_put():  of test.env.predictor called
# NCSU_INFO:Time           1237871000:ncsu_component::nb_transport():  of test.env.scoreboard called
# NCSU_INFO:Time           1237871000:ncsu_component::nb_put():  of test.env.predictor called
# NCSU_INFO:Time           1239747000:ncsu_component::nb_transport():  of test.env.scoreboard called
# NCSU_INFO:Time           1239747000:ncsu_component::nb_put():  of test.env.predictor called
# NCSU_INFO:Time           1239753000:ncsu_component::nb_transport():  of test.env.scoreboard called
# NCSU_INFO:Time           1239753000:ncsu_component::nb_put():  of test.env.predictor called
# NCSU_INFO:Time           1239759000:ncsu_component::nb_transport():  of test.env.scoreboard called
# NCSU_INFO:Time           1239759000:ncsu_component::nb_put():  of test.env.predictor called
# NCSU_INFO:Time           1239767000:ncsu_component::nb_transport():  of test.env.scoreboard called
# NCSU_INFO:Time           1239767000:ncsu_component::nb_put():  of test.env.predictor called
# NCSU_INFO:Time           1257811000:ncsu_component::nb_transport():  of test.env.scoreboard called
# NCSU_INFO:Time           1257811000:ncsu_component::nb_put():  of test.env.predictor called
# NCSU_INFO:Time           1257817000:ncsu_component::nb_transport():  of test.env.scoreboard called
# NCSU_INFO:Time           1257817000:ncsu_component::nb_put():  of test.env.predictor called
# NCSU_INFO:Time           1275861000:ncsu_component::nb_transport():  of test.env.scoreboard called
# NCSU_INFO:Time           1275861000:ncsu_component::nb_put():  of test.env.predictor called
# wb data received:  63
# NCSU_INFO:Time           1275865000:i2c_monitor::run():  of test.env.i2c_agent.monitor called.
#  Slave address:0x22;
#  RW:1;
#  Data:63
# NCSU_INFO:Time           1275865000:ncsu_component::nb_put():  of test.env.scoreboard called
# NCSU_INFO:Time           1275867000:ncsu_component::nb_transport():  of test.env.scoreboard called
# NCSU_INFO:Time           1275867000:ncsu_component::nb_put():  of test.env.predictor called
# NCSU_INFO:Time           1275873000:ncsu_component::nb_transport():  of test.env.scoreboard called
# NCSU_INFO:Time           1275873000:ncsu_component::nb_put():  of test.env.predictor called
# NCSU_INFO:Time           1277565000:ncsu_component::nb_transport():  of test.env.scoreboard called
# NCSU_INFO:Time           1277565000:ncsu_component::nb_put():  of test.env.predictor called
# NCSU_INFO:Time           1277569000:FINISH: wb_driver::run():  of test.env.wb_agent.driver is called.
# NCSU_INFO:Time           1277569000:START: wb_driver::run():  of test.env.wb_agent.driver is called.
# NCSU_INFO:Time           1277569000:i2c_driver::bl_put():  of test.env.i2c_agent.driver called
# NCSU_INFO:Time           1277571000:ncsu_component::nb_transport():  of test.env.scoreboard called
# NCSU_INFO:Time           1277571000:ncsu_component::nb_put():  of test.env.predictor called
# NCSU_INFO:Time           1277577000:ncsu_component::nb_transport():  of test.env.scoreboard called
# NCSU_INFO:Time           1277577000:ncsu_component::nb_put():  of test.env.predictor called
# NCSU_INFO:Time           1277585000:ncsu_component::nb_transport():  of test.env.scoreboard called
# NCSU_INFO:Time           1277585000:ncsu_component::nb_put():  of test.env.predictor called
# NCSU_INFO:Time           1277593000:ncsu_component::nb_transport():  of test.env.scoreboard called
# NCSU_INFO:Time           1277593000:ncsu_component::nb_put():  of test.env.predictor called
# NCSU_INFO:Time           1277601000:ncsu_component::nb_transport():  of test.env.scoreboard called
# NCSU_INFO:Time           1277601000:ncsu_component::nb_put():  of test.env.predictor called
# NCSU_INFO:Time           1277607000:ncsu_component::nb_transport():  of test.env.scoreboard called
# NCSU_INFO:Time           1277607000:ncsu_component::nb_put():  of test.env.predictor called
# NCSU_INFO:Time           1279483000:ncsu_component::nb_transport():  of test.env.scoreboard called
# NCSU_INFO:Time           1279483000:ncsu_component::nb_put():  of test.env.predictor called
# NCSU_INFO:Time           1279489000:ncsu_component::nb_transport():  of test.env.scoreboard called
# NCSU_INFO:Time           1279489000:ncsu_component::nb_put():  of test.env.predictor called
# NCSU_INFO:Time           1279495000:ncsu_component::nb_transport():  of test.env.scoreboard called
# NCSU_INFO:Time           1279495000:ncsu_component::nb_put():  of test.env.predictor called
# NCSU_INFO:Time           1279503000:ncsu_component::nb_transport():  of test.env.scoreboard called
# NCSU_INFO:Time           1279503000:ncsu_component::nb_put():  of test.env.predictor called
# NCSU_INFO:Time           1297547000:ncsu_component::nb_transport():  of test.env.scoreboard called
# NCSU_INFO:Time           1297547000:ncsu_component::nb_put():  of test.env.predictor called
# wb_data_sent:  65
# NCSU_INFO:Time           1297553000:ncsu_component::nb_transport():  of test.env.scoreboard called
# NCSU_INFO:Time           1297553000:ncsu_component::nb_put():  of test.env.predictor called
# NCSU_INFO:Time           1297561000:ncsu_component::nb_transport():  of test.env.scoreboard called
# NCSU_INFO:Time           1297561000:ncsu_component::nb_put():  of test.env.predictor called
# NCSU_INFO:Time           1315603000:i2c_monitor::run():  of test.env.i2c_agent.monitor called.
#  Slave address:0x22;
#  RW:0;
#  Data:65 0 0 0 0 0 0 0 0 0 0 0 0 0 0 0 0 0 0 0 0 0 0 0 0 0 0 0 0 0 0 0 0 0 0 0 0 0 0 0 0 0 0 0 0 0 0 0 0 0 0 0 0 0 0 0 0 0 0 0 0 0 0 0
# NCSU_INFO:Time           1315603000:ncsu_component::nb_put():  of test.env.scoreboard called
# NCSU_INFO:Time           1315605000:ncsu_component::nb_transport():  of test.env.scoreboard called
# NCSU_INFO:Time           1315605000:ncsu_component::nb_put():  of test.env.predictor called
# NCSU_INFO:Time           1315611000:ncsu_component::nb_transport():  of test.env.scoreboard called
# NCSU_INFO:Time           1315611000:ncsu_component::nb_put():  of test.env.predictor called
# NCSU_INFO:Time           1317303000:ncsu_component::nb_transport():  of test.env.scoreboard called
# NCSU_INFO:Time           1317303000:ncsu_component::nb_put():  of test.env.predictor called
# NCSU_INFO:Time           1317307000:FINISH: wb_driver::run():  of test.env.wb_agent.driver is called.
# NCSU_INFO:Time           1317307000:START: wb_driver::run():  of test.env.wb_agent.driver is called.
# NCSU_INFO:Time           1317307000:i2c_driver::bl_put():  of test.env.i2c_agent.driver called
# NCSU_INFO:Time           1317309000:ncsu_component::nb_transport():  of test.env.scoreboard called
# NCSU_INFO:Time           1317309000:ncsu_component::nb_put():  of test.env.predictor called
# NCSU_INFO:Time           1317315000:ncsu_component::nb_transport():  of test.env.scoreboard called
# NCSU_INFO:Time           1317315000:ncsu_component::nb_put():  of test.env.predictor called
# NCSU_INFO:Time           1317323000:ncsu_component::nb_transport():  of test.env.scoreboard called
# NCSU_INFO:Time           1317323000:ncsu_component::nb_put():  of test.env.predictor called
# NCSU_INFO:Time           1317331000:ncsu_component::nb_transport():  of test.env.scoreboard called
# NCSU_INFO:Time           1317331000:ncsu_component::nb_put():  of test.env.predictor called
# NCSU_INFO:Time           1317339000:ncsu_component::nb_transport():  of test.env.scoreboard called
# NCSU_INFO:Time           1317339000:ncsu_component::nb_put():  of test.env.predictor called
# NCSU_INFO:Time           1317345000:ncsu_component::nb_transport():  of test.env.scoreboard called
# NCSU_INFO:Time           1317345000:ncsu_component::nb_put():  of test.env.predictor called
# NCSU_INFO:Time           1319221000:ncsu_component::nb_transport():  of test.env.scoreboard called
# NCSU_INFO:Time           1319221000:ncsu_component::nb_put():  of test.env.predictor called
# NCSU_INFO:Time           1319227000:ncsu_component::nb_transport():  of test.env.scoreboard called
# NCSU_INFO:Time           1319227000:ncsu_component::nb_put():  of test.env.predictor called
# NCSU_INFO:Time           1319233000:ncsu_component::nb_transport():  of test.env.scoreboard called
# NCSU_INFO:Time           1319233000:ncsu_component::nb_put():  of test.env.predictor called
# NCSU_INFO:Time           1319241000:ncsu_component::nb_transport():  of test.env.scoreboard called
# NCSU_INFO:Time           1319241000:ncsu_component::nb_put():  of test.env.predictor called
# NCSU_INFO:Time           1337285000:ncsu_component::nb_transport():  of test.env.scoreboard called
# NCSU_INFO:Time           1337285000:ncsu_component::nb_put():  of test.env.predictor called
# NCSU_INFO:Time           1337291000:ncsu_component::nb_transport():  of test.env.scoreboard called
# NCSU_INFO:Time           1337291000:ncsu_component::nb_put():  of test.env.predictor called
# NCSU_INFO:Time           1355335000:ncsu_component::nb_transport():  of test.env.scoreboard called
# NCSU_INFO:Time           1355335000:ncsu_component::nb_put():  of test.env.predictor called
# wb data received:  62
# NCSU_INFO:Time           1355339000:i2c_monitor::run():  of test.env.i2c_agent.monitor called.
#  Slave address:0x22;
#  RW:1;
#  Data:62
# NCSU_INFO:Time           1355339000:ncsu_component::nb_put():  of test.env.scoreboard called
# NCSU_INFO:Time           1355341000:ncsu_component::nb_transport():  of test.env.scoreboard called
# NCSU_INFO:Time           1355341000:ncsu_component::nb_put():  of test.env.predictor called
# NCSU_INFO:Time           1355347000:ncsu_component::nb_transport():  of test.env.scoreboard called
# NCSU_INFO:Time           1355347000:ncsu_component::nb_put():  of test.env.predictor called
# NCSU_INFO:Time           1357039000:ncsu_component::nb_transport():  of test.env.scoreboard called
# NCSU_INFO:Time           1357039000:ncsu_component::nb_put():  of test.env.predictor called
# NCSU_INFO:Time           1357043000:FINISH: wb_driver::run():  of test.env.wb_agent.driver is called.
# NCSU_INFO:Time           1357043000:START: wb_driver::run():  of test.env.wb_agent.driver is called.
# NCSU_INFO:Time           1357043000:i2c_driver::bl_put():  of test.env.i2c_agent.driver called
# NCSU_INFO:Time           1357045000:ncsu_component::nb_transport():  of test.env.scoreboard called
# NCSU_INFO:Time           1357045000:ncsu_component::nb_put():  of test.env.predictor called
# NCSU_INFO:Time           1357051000:ncsu_component::nb_transport():  of test.env.scoreboard called
# NCSU_INFO:Time           1357051000:ncsu_component::nb_put():  of test.env.predictor called
# NCSU_INFO:Time           1357059000:ncsu_component::nb_transport():  of test.env.scoreboard called
# NCSU_INFO:Time           1357059000:ncsu_component::nb_put():  of test.env.predictor called
# NCSU_INFO:Time           1357067000:ncsu_component::nb_transport():  of test.env.scoreboard called
# NCSU_INFO:Time           1357067000:ncsu_component::nb_put():  of test.env.predictor called
# NCSU_INFO:Time           1357075000:ncsu_component::nb_transport():  of test.env.scoreboard called
# NCSU_INFO:Time           1357075000:ncsu_component::nb_put():  of test.env.predictor called
# NCSU_INFO:Time           1357081000:ncsu_component::nb_transport():  of test.env.scoreboard called
# NCSU_INFO:Time           1357081000:ncsu_component::nb_put():  of test.env.predictor called
# NCSU_INFO:Time           1358957000:ncsu_component::nb_transport():  of test.env.scoreboard called
# NCSU_INFO:Time           1358957000:ncsu_component::nb_put():  of test.env.predictor called
# NCSU_INFO:Time           1358963000:ncsu_component::nb_transport():  of test.env.scoreboard called
# NCSU_INFO:Time           1358963000:ncsu_component::nb_put():  of test.env.predictor called
# NCSU_INFO:Time           1358969000:ncsu_component::nb_transport():  of test.env.scoreboard called
# NCSU_INFO:Time           1358969000:ncsu_component::nb_put():  of test.env.predictor called
# NCSU_INFO:Time           1358977000:ncsu_component::nb_transport():  of test.env.scoreboard called
# NCSU_INFO:Time           1358977000:ncsu_component::nb_put():  of test.env.predictor called
# NCSU_INFO:Time           1377021000:ncsu_component::nb_transport():  of test.env.scoreboard called
# NCSU_INFO:Time           1377021000:ncsu_component::nb_put():  of test.env.predictor called
# wb_data_sent:  66
# NCSU_INFO:Time           1377027000:ncsu_component::nb_transport():  of test.env.scoreboard called
# NCSU_INFO:Time           1377027000:ncsu_component::nb_put():  of test.env.predictor called
# NCSU_INFO:Time           1377035000:ncsu_component::nb_transport():  of test.env.scoreboard called
# NCSU_INFO:Time           1377035000:ncsu_component::nb_put():  of test.env.predictor called
# NCSU_INFO:Time           1395077000:i2c_monitor::run():  of test.env.i2c_agent.monitor called.
#  Slave address:0x22;
#  RW:0;
#  Data:66 0 0 0 0 0 0 0 0 0 0 0 0 0 0 0 0 0 0 0 0 0 0 0 0 0 0 0 0 0 0 0 0 0 0 0 0 0 0 0 0 0 0 0 0 0 0 0 0 0 0 0 0 0 0 0 0 0 0 0 0 0 0 0
# NCSU_INFO:Time           1395077000:ncsu_component::nb_put():  of test.env.scoreboard called
# NCSU_INFO:Time           1395079000:ncsu_component::nb_transport():  of test.env.scoreboard called
# NCSU_INFO:Time           1395079000:ncsu_component::nb_put():  of test.env.predictor called
# NCSU_INFO:Time           1395085000:ncsu_component::nb_transport():  of test.env.scoreboard called
# NCSU_INFO:Time           1395085000:ncsu_component::nb_put():  of test.env.predictor called
# NCSU_INFO:Time           1396777000:ncsu_component::nb_transport():  of test.env.scoreboard called
# NCSU_INFO:Time           1396777000:ncsu_component::nb_put():  of test.env.predictor called
# NCSU_INFO:Time           1396781000:FINISH: wb_driver::run():  of test.env.wb_agent.driver is called.
# NCSU_INFO:Time           1396781000:START: wb_driver::run():  of test.env.wb_agent.driver is called.
# NCSU_INFO:Time           1396781000:i2c_driver::bl_put():  of test.env.i2c_agent.driver called
# NCSU_INFO:Time           1396783000:ncsu_component::nb_transport():  of test.env.scoreboard called
# NCSU_INFO:Time           1396783000:ncsu_component::nb_put():  of test.env.predictor called
# NCSU_INFO:Time           1396789000:ncsu_component::nb_transport():  of test.env.scoreboard called
# NCSU_INFO:Time           1396789000:ncsu_component::nb_put():  of test.env.predictor called
# NCSU_INFO:Time           1396797000:ncsu_component::nb_transport():  of test.env.scoreboard called
# NCSU_INFO:Time           1396797000:ncsu_component::nb_put():  of test.env.predictor called
# NCSU_INFO:Time           1396805000:ncsu_component::nb_transport():  of test.env.scoreboard called
# NCSU_INFO:Time           1396805000:ncsu_component::nb_put():  of test.env.predictor called
# NCSU_INFO:Time           1396813000:ncsu_component::nb_transport():  of test.env.scoreboard called
# NCSU_INFO:Time           1396813000:ncsu_component::nb_put():  of test.env.predictor called
# NCSU_INFO:Time           1396819000:ncsu_component::nb_transport():  of test.env.scoreboard called
# NCSU_INFO:Time           1396819000:ncsu_component::nb_put():  of test.env.predictor called
# NCSU_INFO:Time           1398695000:ncsu_component::nb_transport():  of test.env.scoreboard called
# NCSU_INFO:Time           1398695000:ncsu_component::nb_put():  of test.env.predictor called
# NCSU_INFO:Time           1398701000:ncsu_component::nb_transport():  of test.env.scoreboard called
# NCSU_INFO:Time           1398701000:ncsu_component::nb_put():  of test.env.predictor called
# NCSU_INFO:Time           1398707000:ncsu_component::nb_transport():  of test.env.scoreboard called
# NCSU_INFO:Time           1398707000:ncsu_component::nb_put():  of test.env.predictor called
# NCSU_INFO:Time           1398715000:ncsu_component::nb_transport():  of test.env.scoreboard called
# NCSU_INFO:Time           1398715000:ncsu_component::nb_put():  of test.env.predictor called
# NCSU_INFO:Time           1416759000:ncsu_component::nb_transport():  of test.env.scoreboard called
# NCSU_INFO:Time           1416759000:ncsu_component::nb_put():  of test.env.predictor called
# NCSU_INFO:Time           1416765000:ncsu_component::nb_transport():  of test.env.scoreboard called
# NCSU_INFO:Time           1416765000:ncsu_component::nb_put():  of test.env.predictor called
# NCSU_INFO:Time           1434809000:ncsu_component::nb_transport():  of test.env.scoreboard called
# NCSU_INFO:Time           1434809000:ncsu_component::nb_put():  of test.env.predictor called
# wb data received:  61
# NCSU_INFO:Time           1434813000:i2c_monitor::run():  of test.env.i2c_agent.monitor called.
#  Slave address:0x22;
#  RW:1;
#  Data:61
# NCSU_INFO:Time           1434813000:ncsu_component::nb_put():  of test.env.scoreboard called
# NCSU_INFO:Time           1434815000:ncsu_component::nb_transport():  of test.env.scoreboard called
# NCSU_INFO:Time           1434815000:ncsu_component::nb_put():  of test.env.predictor called
# NCSU_INFO:Time           1434821000:ncsu_component::nb_transport():  of test.env.scoreboard called
# NCSU_INFO:Time           1434821000:ncsu_component::nb_put():  of test.env.predictor called
# NCSU_INFO:Time           1436513000:ncsu_component::nb_transport():  of test.env.scoreboard called
# NCSU_INFO:Time           1436513000:ncsu_component::nb_put():  of test.env.predictor called
# NCSU_INFO:Time           1436517000:FINISH: wb_driver::run():  of test.env.wb_agent.driver is called.
# NCSU_INFO:Time           1436517000:START: wb_driver::run():  of test.env.wb_agent.driver is called.
# NCSU_INFO:Time           1436517000:i2c_driver::bl_put():  of test.env.i2c_agent.driver called
# NCSU_INFO:Time           1436519000:ncsu_component::nb_transport():  of test.env.scoreboard called
# NCSU_INFO:Time           1436519000:ncsu_component::nb_put():  of test.env.predictor called
# NCSU_INFO:Time           1436525000:ncsu_component::nb_transport():  of test.env.scoreboard called
# NCSU_INFO:Time           1436525000:ncsu_component::nb_put():  of test.env.predictor called
# NCSU_INFO:Time           1436533000:ncsu_component::nb_transport():  of test.env.scoreboard called
# NCSU_INFO:Time           1436533000:ncsu_component::nb_put():  of test.env.predictor called
# NCSU_INFO:Time           1436541000:ncsu_component::nb_transport():  of test.env.scoreboard called
# NCSU_INFO:Time           1436541000:ncsu_component::nb_put():  of test.env.predictor called
# NCSU_INFO:Time           1436549000:ncsu_component::nb_transport():  of test.env.scoreboard called
# NCSU_INFO:Time           1436549000:ncsu_component::nb_put():  of test.env.predictor called
# NCSU_INFO:Time           1436555000:ncsu_component::nb_transport():  of test.env.scoreboard called
# NCSU_INFO:Time           1436555000:ncsu_component::nb_put():  of test.env.predictor called
# NCSU_INFO:Time           1438431000:ncsu_component::nb_transport():  of test.env.scoreboard called
# NCSU_INFO:Time           1438431000:ncsu_component::nb_put():  of test.env.predictor called
# NCSU_INFO:Time           1438437000:ncsu_component::nb_transport():  of test.env.scoreboard called
# NCSU_INFO:Time           1438437000:ncsu_component::nb_put():  of test.env.predictor called
# NCSU_INFO:Time           1438443000:ncsu_component::nb_transport():  of test.env.scoreboard called
# NCSU_INFO:Time           1438443000:ncsu_component::nb_put():  of test.env.predictor called
# NCSU_INFO:Time           1438451000:ncsu_component::nb_transport():  of test.env.scoreboard called
# NCSU_INFO:Time           1438451000:ncsu_component::nb_put():  of test.env.predictor called
# NCSU_INFO:Time           1456495000:ncsu_component::nb_transport():  of test.env.scoreboard called
# NCSU_INFO:Time           1456495000:ncsu_component::nb_put():  of test.env.predictor called
# wb_data_sent:  67
# NCSU_INFO:Time           1456501000:ncsu_component::nb_transport():  of test.env.scoreboard called
# NCSU_INFO:Time           1456501000:ncsu_component::nb_put():  of test.env.predictor called
# NCSU_INFO:Time           1456509000:ncsu_component::nb_transport():  of test.env.scoreboard called
# NCSU_INFO:Time           1456509000:ncsu_component::nb_put():  of test.env.predictor called
# NCSU_INFO:Time           1474551000:i2c_monitor::run():  of test.env.i2c_agent.monitor called.
#  Slave address:0x22;
#  RW:0;
#  Data:67 0 0 0 0 0 0 0 0 0 0 0 0 0 0 0 0 0 0 0 0 0 0 0 0 0 0 0 0 0 0 0 0 0 0 0 0 0 0 0 0 0 0 0 0 0 0 0 0 0 0 0 0 0 0 0 0 0 0 0 0 0 0 0
# NCSU_INFO:Time           1474551000:ncsu_component::nb_put():  of test.env.scoreboard called
# NCSU_INFO:Time           1474553000:ncsu_component::nb_transport():  of test.env.scoreboard called
# NCSU_INFO:Time           1474553000:ncsu_component::nb_put():  of test.env.predictor called
# NCSU_INFO:Time           1474559000:ncsu_component::nb_transport():  of test.env.scoreboard called
# NCSU_INFO:Time           1474559000:ncsu_component::nb_put():  of test.env.predictor called
# NCSU_INFO:Time           1476251000:ncsu_component::nb_transport():  of test.env.scoreboard called
# NCSU_INFO:Time           1476251000:ncsu_component::nb_put():  of test.env.predictor called
# NCSU_INFO:Time           1476255000:FINISH: wb_driver::run():  of test.env.wb_agent.driver is called.
# NCSU_INFO:Time           1476255000:START: wb_driver::run():  of test.env.wb_agent.driver is called.
# NCSU_INFO:Time           1476255000:i2c_driver::bl_put():  of test.env.i2c_agent.driver called
# NCSU_INFO:Time           1476257000:ncsu_component::nb_transport():  of test.env.scoreboard called
# NCSU_INFO:Time           1476257000:ncsu_component::nb_put():  of test.env.predictor called
# NCSU_INFO:Time           1476263000:ncsu_component::nb_transport():  of test.env.scoreboard called
# NCSU_INFO:Time           1476263000:ncsu_component::nb_put():  of test.env.predictor called
# NCSU_INFO:Time           1476271000:ncsu_component::nb_transport():  of test.env.scoreboard called
# NCSU_INFO:Time           1476271000:ncsu_component::nb_put():  of test.env.predictor called
# NCSU_INFO:Time           1476279000:ncsu_component::nb_transport():  of test.env.scoreboard called
# NCSU_INFO:Time           1476279000:ncsu_component::nb_put():  of test.env.predictor called
# NCSU_INFO:Time           1476287000:ncsu_component::nb_transport():  of test.env.scoreboard called
# NCSU_INFO:Time           1476287000:ncsu_component::nb_put():  of test.env.predictor called
# NCSU_INFO:Time           1476293000:ncsu_component::nb_transport():  of test.env.scoreboard called
# NCSU_INFO:Time           1476293000:ncsu_component::nb_put():  of test.env.predictor called
# NCSU_INFO:Time           1478169000:ncsu_component::nb_transport():  of test.env.scoreboard called
# NCSU_INFO:Time           1478169000:ncsu_component::nb_put():  of test.env.predictor called
# NCSU_INFO:Time           1478175000:ncsu_component::nb_transport():  of test.env.scoreboard called
# NCSU_INFO:Time           1478175000:ncsu_component::nb_put():  of test.env.predictor called
# NCSU_INFO:Time           1478181000:ncsu_component::nb_transport():  of test.env.scoreboard called
# NCSU_INFO:Time           1478181000:ncsu_component::nb_put():  of test.env.predictor called
# NCSU_INFO:Time           1478189000:ncsu_component::nb_transport():  of test.env.scoreboard called
# NCSU_INFO:Time           1478189000:ncsu_component::nb_put():  of test.env.predictor called
# NCSU_INFO:Time           1496233000:ncsu_component::nb_transport():  of test.env.scoreboard called
# NCSU_INFO:Time           1496233000:ncsu_component::nb_put():  of test.env.predictor called
# NCSU_INFO:Time           1496239000:ncsu_component::nb_transport():  of test.env.scoreboard called
# NCSU_INFO:Time           1496239000:ncsu_component::nb_put():  of test.env.predictor called
# NCSU_INFO:Time           1514283000:ncsu_component::nb_transport():  of test.env.scoreboard called
# NCSU_INFO:Time           1514283000:ncsu_component::nb_put():  of test.env.predictor called
# wb data received:  60
# NCSU_INFO:Time           1514287000:i2c_monitor::run():  of test.env.i2c_agent.monitor called.
#  Slave address:0x22;
#  RW:1;
#  Data:60
# NCSU_INFO:Time           1514287000:ncsu_component::nb_put():  of test.env.scoreboard called
# NCSU_INFO:Time           1514289000:ncsu_component::nb_transport():  of test.env.scoreboard called
# NCSU_INFO:Time           1514289000:ncsu_component::nb_put():  of test.env.predictor called
# NCSU_INFO:Time           1514295000:ncsu_component::nb_transport():  of test.env.scoreboard called
# NCSU_INFO:Time           1514295000:ncsu_component::nb_put():  of test.env.predictor called
# NCSU_INFO:Time           1515987000:ncsu_component::nb_transport():  of test.env.scoreboard called
# NCSU_INFO:Time           1515987000:ncsu_component::nb_put():  of test.env.predictor called
# NCSU_INFO:Time           1515991000:FINISH: wb_driver::run():  of test.env.wb_agent.driver is called.
# NCSU_INFO:Time           1515991000:START: wb_driver::run():  of test.env.wb_agent.driver is called.
# NCSU_INFO:Time           1515991000:i2c_driver::bl_put():  of test.env.i2c_agent.driver called
# NCSU_INFO:Time           1515993000:ncsu_component::nb_transport():  of test.env.scoreboard called
# NCSU_INFO:Time           1515993000:ncsu_component::nb_put():  of test.env.predictor called
# NCSU_INFO:Time           1515999000:ncsu_component::nb_transport():  of test.env.scoreboard called
# NCSU_INFO:Time           1515999000:ncsu_component::nb_put():  of test.env.predictor called
# NCSU_INFO:Time           1516007000:ncsu_component::nb_transport():  of test.env.scoreboard called
# NCSU_INFO:Time           1516007000:ncsu_component::nb_put():  of test.env.predictor called
# NCSU_INFO:Time           1516015000:ncsu_component::nb_transport():  of test.env.scoreboard called
# NCSU_INFO:Time           1516015000:ncsu_component::nb_put():  of test.env.predictor called
# NCSU_INFO:Time           1516023000:ncsu_component::nb_transport():  of test.env.scoreboard called
# NCSU_INFO:Time           1516023000:ncsu_component::nb_put():  of test.env.predictor called
# NCSU_INFO:Time           1516029000:ncsu_component::nb_transport():  of test.env.scoreboard called
# NCSU_INFO:Time           1516029000:ncsu_component::nb_put():  of test.env.predictor called
# NCSU_INFO:Time           1517905000:ncsu_component::nb_transport():  of test.env.scoreboard called
# NCSU_INFO:Time           1517905000:ncsu_component::nb_put():  of test.env.predictor called
# NCSU_INFO:Time           1517911000:ncsu_component::nb_transport():  of test.env.scoreboard called
# NCSU_INFO:Time           1517911000:ncsu_component::nb_put():  of test.env.predictor called
# NCSU_INFO:Time           1517917000:ncsu_component::nb_transport():  of test.env.scoreboard called
# NCSU_INFO:Time           1517917000:ncsu_component::nb_put():  of test.env.predictor called
# NCSU_INFO:Time           1517925000:ncsu_component::nb_transport():  of test.env.scoreboard called
# NCSU_INFO:Time           1517925000:ncsu_component::nb_put():  of test.env.predictor called
# NCSU_INFO:Time           1535969000:ncsu_component::nb_transport():  of test.env.scoreboard called
# NCSU_INFO:Time           1535969000:ncsu_component::nb_put():  of test.env.predictor called
# wb_data_sent:  68
# NCSU_INFO:Time           1535975000:ncsu_component::nb_transport():  of test.env.scoreboard called
# NCSU_INFO:Time           1535975000:ncsu_component::nb_put():  of test.env.predictor called
# NCSU_INFO:Time           1535983000:ncsu_component::nb_transport():  of test.env.scoreboard called
# NCSU_INFO:Time           1535983000:ncsu_component::nb_put():  of test.env.predictor called
# NCSU_INFO:Time           1554025000:i2c_monitor::run():  of test.env.i2c_agent.monitor called.
#  Slave address:0x22;
#  RW:0;
#  Data:68 0 0 0 0 0 0 0 0 0 0 0 0 0 0 0 0 0 0 0 0 0 0 0 0 0 0 0 0 0 0 0 0 0 0 0 0 0 0 0 0 0 0 0 0 0 0 0 0 0 0 0 0 0 0 0 0 0 0 0 0 0 0 0
# NCSU_INFO:Time           1554025000:ncsu_component::nb_put():  of test.env.scoreboard called
# NCSU_INFO:Time           1554027000:ncsu_component::nb_transport():  of test.env.scoreboard called
# NCSU_INFO:Time           1554027000:ncsu_component::nb_put():  of test.env.predictor called
# NCSU_INFO:Time           1554033000:ncsu_component::nb_transport():  of test.env.scoreboard called
# NCSU_INFO:Time           1554033000:ncsu_component::nb_put():  of test.env.predictor called
# NCSU_INFO:Time           1555725000:ncsu_component::nb_transport():  of test.env.scoreboard called
# NCSU_INFO:Time           1555725000:ncsu_component::nb_put():  of test.env.predictor called
# NCSU_INFO:Time           1555729000:FINISH: wb_driver::run():  of test.env.wb_agent.driver is called.
# NCSU_INFO:Time           1555729000:START: wb_driver::run():  of test.env.wb_agent.driver is called.
# NCSU_INFO:Time           1555729000:i2c_driver::bl_put():  of test.env.i2c_agent.driver called
# NCSU_INFO:Time           1555731000:ncsu_component::nb_transport():  of test.env.scoreboard called
# NCSU_INFO:Time           1555731000:ncsu_component::nb_put():  of test.env.predictor called
# NCSU_INFO:Time           1555737000:ncsu_component::nb_transport():  of test.env.scoreboard called
# NCSU_INFO:Time           1555737000:ncsu_component::nb_put():  of test.env.predictor called
# NCSU_INFO:Time           1555745000:ncsu_component::nb_transport():  of test.env.scoreboard called
# NCSU_INFO:Time           1555745000:ncsu_component::nb_put():  of test.env.predictor called
# NCSU_INFO:Time           1555753000:ncsu_component::nb_transport():  of test.env.scoreboard called
# NCSU_INFO:Time           1555753000:ncsu_component::nb_put():  of test.env.predictor called
# NCSU_INFO:Time           1555761000:ncsu_component::nb_transport():  of test.env.scoreboard called
# NCSU_INFO:Time           1555761000:ncsu_component::nb_put():  of test.env.predictor called
# NCSU_INFO:Time           1555767000:ncsu_component::nb_transport():  of test.env.scoreboard called
# NCSU_INFO:Time           1555767000:ncsu_component::nb_put():  of test.env.predictor called
# NCSU_INFO:Time           1557643000:ncsu_component::nb_transport():  of test.env.scoreboard called
# NCSU_INFO:Time           1557643000:ncsu_component::nb_put():  of test.env.predictor called
# NCSU_INFO:Time           1557649000:ncsu_component::nb_transport():  of test.env.scoreboard called
# NCSU_INFO:Time           1557649000:ncsu_component::nb_put():  of test.env.predictor called
# NCSU_INFO:Time           1557655000:ncsu_component::nb_transport():  of test.env.scoreboard called
# NCSU_INFO:Time           1557655000:ncsu_component::nb_put():  of test.env.predictor called
# NCSU_INFO:Time           1557663000:ncsu_component::nb_transport():  of test.env.scoreboard called
# NCSU_INFO:Time           1557663000:ncsu_component::nb_put():  of test.env.predictor called
# NCSU_INFO:Time           1575707000:ncsu_component::nb_transport():  of test.env.scoreboard called
# NCSU_INFO:Time           1575707000:ncsu_component::nb_put():  of test.env.predictor called
# NCSU_INFO:Time           1575713000:ncsu_component::nb_transport():  of test.env.scoreboard called
# NCSU_INFO:Time           1575713000:ncsu_component::nb_put():  of test.env.predictor called
# NCSU_INFO:Time           1593757000:ncsu_component::nb_transport():  of test.env.scoreboard called
# NCSU_INFO:Time           1593757000:ncsu_component::nb_put():  of test.env.predictor called
# wb data received:  59
# NCSU_INFO:Time           1593761000:i2c_monitor::run():  of test.env.i2c_agent.monitor called.
#  Slave address:0x22;
#  RW:1;
#  Data:59
# NCSU_INFO:Time           1593761000:ncsu_component::nb_put():  of test.env.scoreboard called
# NCSU_INFO:Time           1593763000:ncsu_component::nb_transport():  of test.env.scoreboard called
# NCSU_INFO:Time           1593763000:ncsu_component::nb_put():  of test.env.predictor called
# NCSU_INFO:Time           1593769000:ncsu_component::nb_transport():  of test.env.scoreboard called
# NCSU_INFO:Time           1593769000:ncsu_component::nb_put():  of test.env.predictor called
# NCSU_INFO:Time           1595461000:ncsu_component::nb_transport():  of test.env.scoreboard called
# NCSU_INFO:Time           1595461000:ncsu_component::nb_put():  of test.env.predictor called
# NCSU_INFO:Time           1595465000:FINISH: wb_driver::run():  of test.env.wb_agent.driver is called.
# NCSU_INFO:Time           1595465000:START: wb_driver::run():  of test.env.wb_agent.driver is called.
# NCSU_INFO:Time           1595465000:i2c_driver::bl_put():  of test.env.i2c_agent.driver called
# NCSU_INFO:Time           1595467000:ncsu_component::nb_transport():  of test.env.scoreboard called
# NCSU_INFO:Time           1595467000:ncsu_component::nb_put():  of test.env.predictor called
# NCSU_INFO:Time           1595473000:ncsu_component::nb_transport():  of test.env.scoreboard called
# NCSU_INFO:Time           1595473000:ncsu_component::nb_put():  of test.env.predictor called
# NCSU_INFO:Time           1595481000:ncsu_component::nb_transport():  of test.env.scoreboard called
# NCSU_INFO:Time           1595481000:ncsu_component::nb_put():  of test.env.predictor called
# NCSU_INFO:Time           1595489000:ncsu_component::nb_transport():  of test.env.scoreboard called
# NCSU_INFO:Time           1595489000:ncsu_component::nb_put():  of test.env.predictor called
# NCSU_INFO:Time           1595497000:ncsu_component::nb_transport():  of test.env.scoreboard called
# NCSU_INFO:Time           1595497000:ncsu_component::nb_put():  of test.env.predictor called
# NCSU_INFO:Time           1595503000:ncsu_component::nb_transport():  of test.env.scoreboard called
# NCSU_INFO:Time           1595503000:ncsu_component::nb_put():  of test.env.predictor called
# NCSU_INFO:Time           1597379000:ncsu_component::nb_transport():  of test.env.scoreboard called
# NCSU_INFO:Time           1597379000:ncsu_component::nb_put():  of test.env.predictor called
# NCSU_INFO:Time           1597385000:ncsu_component::nb_transport():  of test.env.scoreboard called
# NCSU_INFO:Time           1597385000:ncsu_component::nb_put():  of test.env.predictor called
# NCSU_INFO:Time           1597391000:ncsu_component::nb_transport():  of test.env.scoreboard called
# NCSU_INFO:Time           1597391000:ncsu_component::nb_put():  of test.env.predictor called
# NCSU_INFO:Time           1597399000:ncsu_component::nb_transport():  of test.env.scoreboard called
# NCSU_INFO:Time           1597399000:ncsu_component::nb_put():  of test.env.predictor called
# NCSU_INFO:Time           1615443000:ncsu_component::nb_transport():  of test.env.scoreboard called
# NCSU_INFO:Time           1615443000:ncsu_component::nb_put():  of test.env.predictor called
# wb_data_sent:  69
# NCSU_INFO:Time           1615449000:ncsu_component::nb_transport():  of test.env.scoreboard called
# NCSU_INFO:Time           1615449000:ncsu_component::nb_put():  of test.env.predictor called
# NCSU_INFO:Time           1615457000:ncsu_component::nb_transport():  of test.env.scoreboard called
# NCSU_INFO:Time           1615457000:ncsu_component::nb_put():  of test.env.predictor called
# NCSU_INFO:Time           1633499000:i2c_monitor::run():  of test.env.i2c_agent.monitor called.
#  Slave address:0x22;
#  RW:0;
#  Data:69 0 0 0 0 0 0 0 0 0 0 0 0 0 0 0 0 0 0 0 0 0 0 0 0 0 0 0 0 0 0 0 0 0 0 0 0 0 0 0 0 0 0 0 0 0 0 0 0 0 0 0 0 0 0 0 0 0 0 0 0 0 0 0
# NCSU_INFO:Time           1633499000:ncsu_component::nb_put():  of test.env.scoreboard called
# NCSU_INFO:Time           1633501000:ncsu_component::nb_transport():  of test.env.scoreboard called
# NCSU_INFO:Time           1633501000:ncsu_component::nb_put():  of test.env.predictor called
# NCSU_INFO:Time           1633507000:ncsu_component::nb_transport():  of test.env.scoreboard called
# NCSU_INFO:Time           1633507000:ncsu_component::nb_put():  of test.env.predictor called
# NCSU_INFO:Time           1635199000:ncsu_component::nb_transport():  of test.env.scoreboard called
# NCSU_INFO:Time           1635199000:ncsu_component::nb_put():  of test.env.predictor called
# NCSU_INFO:Time           1635203000:FINISH: wb_driver::run():  of test.env.wb_agent.driver is called.
# NCSU_INFO:Time           1635203000:START: wb_driver::run():  of test.env.wb_agent.driver is called.
# NCSU_INFO:Time           1635203000:i2c_driver::bl_put():  of test.env.i2c_agent.driver called
# NCSU_INFO:Time           1635205000:ncsu_component::nb_transport():  of test.env.scoreboard called
# NCSU_INFO:Time           1635205000:ncsu_component::nb_put():  of test.env.predictor called
# NCSU_INFO:Time           1635211000:ncsu_component::nb_transport():  of test.env.scoreboard called
# NCSU_INFO:Time           1635211000:ncsu_component::nb_put():  of test.env.predictor called
# NCSU_INFO:Time           1635219000:ncsu_component::nb_transport():  of test.env.scoreboard called
# NCSU_INFO:Time           1635219000:ncsu_component::nb_put():  of test.env.predictor called
# NCSU_INFO:Time           1635227000:ncsu_component::nb_transport():  of test.env.scoreboard called
# NCSU_INFO:Time           1635227000:ncsu_component::nb_put():  of test.env.predictor called
# NCSU_INFO:Time           1635235000:ncsu_component::nb_transport():  of test.env.scoreboard called
# NCSU_INFO:Time           1635235000:ncsu_component::nb_put():  of test.env.predictor called
# NCSU_INFO:Time           1635241000:ncsu_component::nb_transport():  of test.env.scoreboard called
# NCSU_INFO:Time           1635241000:ncsu_component::nb_put():  of test.env.predictor called
# NCSU_INFO:Time           1637117000:ncsu_component::nb_transport():  of test.env.scoreboard called
# NCSU_INFO:Time           1637117000:ncsu_component::nb_put():  of test.env.predictor called
# NCSU_INFO:Time           1637123000:ncsu_component::nb_transport():  of test.env.scoreboard called
# NCSU_INFO:Time           1637123000:ncsu_component::nb_put():  of test.env.predictor called
# NCSU_INFO:Time           1637129000:ncsu_component::nb_transport():  of test.env.scoreboard called
# NCSU_INFO:Time           1637129000:ncsu_component::nb_put():  of test.env.predictor called
# NCSU_INFO:Time           1637137000:ncsu_component::nb_transport():  of test.env.scoreboard called
# NCSU_INFO:Time           1637137000:ncsu_component::nb_put():  of test.env.predictor called
# NCSU_INFO:Time           1655181000:ncsu_component::nb_transport():  of test.env.scoreboard called
# NCSU_INFO:Time           1655181000:ncsu_component::nb_put():  of test.env.predictor called
# NCSU_INFO:Time           1655187000:ncsu_component::nb_transport():  of test.env.scoreboard called
# NCSU_INFO:Time           1655187000:ncsu_component::nb_put():  of test.env.predictor called
# NCSU_INFO:Time           1673231000:ncsu_component::nb_transport():  of test.env.scoreboard called
# NCSU_INFO:Time           1673231000:ncsu_component::nb_put():  of test.env.predictor called
# wb data received:  58
# NCSU_INFO:Time           1673235000:i2c_monitor::run():  of test.env.i2c_agent.monitor called.
#  Slave address:0x22;
#  RW:1;
#  Data:58
# NCSU_INFO:Time           1673235000:ncsu_component::nb_put():  of test.env.scoreboard called
# NCSU_INFO:Time           1673237000:ncsu_component::nb_transport():  of test.env.scoreboard called
# NCSU_INFO:Time           1673237000:ncsu_component::nb_put():  of test.env.predictor called
# NCSU_INFO:Time           1673243000:ncsu_component::nb_transport():  of test.env.scoreboard called
# NCSU_INFO:Time           1673243000:ncsu_component::nb_put():  of test.env.predictor called
# NCSU_INFO:Time           1674935000:ncsu_component::nb_transport():  of test.env.scoreboard called
# NCSU_INFO:Time           1674935000:ncsu_component::nb_put():  of test.env.predictor called
# NCSU_INFO:Time           1674939000:FINISH: wb_driver::run():  of test.env.wb_agent.driver is called.
# NCSU_INFO:Time           1674939000:START: wb_driver::run():  of test.env.wb_agent.driver is called.
# NCSU_INFO:Time           1674939000:i2c_driver::bl_put():  of test.env.i2c_agent.driver called
# NCSU_INFO:Time           1674941000:ncsu_component::nb_transport():  of test.env.scoreboard called
# NCSU_INFO:Time           1674941000:ncsu_component::nb_put():  of test.env.predictor called
# NCSU_INFO:Time           1674947000:ncsu_component::nb_transport():  of test.env.scoreboard called
# NCSU_INFO:Time           1674947000:ncsu_component::nb_put():  of test.env.predictor called
# NCSU_INFO:Time           1674955000:ncsu_component::nb_transport():  of test.env.scoreboard called
# NCSU_INFO:Time           1674955000:ncsu_component::nb_put():  of test.env.predictor called
# NCSU_INFO:Time           1674963000:ncsu_component::nb_transport():  of test.env.scoreboard called
# NCSU_INFO:Time           1674963000:ncsu_component::nb_put():  of test.env.predictor called
# NCSU_INFO:Time           1674971000:ncsu_component::nb_transport():  of test.env.scoreboard called
# NCSU_INFO:Time           1674971000:ncsu_component::nb_put():  of test.env.predictor called
# NCSU_INFO:Time           1674977000:ncsu_component::nb_transport():  of test.env.scoreboard called
# NCSU_INFO:Time           1674977000:ncsu_component::nb_put():  of test.env.predictor called
# NCSU_INFO:Time           1676853000:ncsu_component::nb_transport():  of test.env.scoreboard called
# NCSU_INFO:Time           1676853000:ncsu_component::nb_put():  of test.env.predictor called
# NCSU_INFO:Time           1676859000:ncsu_component::nb_transport():  of test.env.scoreboard called
# NCSU_INFO:Time           1676859000:ncsu_component::nb_put():  of test.env.predictor called
# NCSU_INFO:Time           1676865000:ncsu_component::nb_transport():  of test.env.scoreboard called
# NCSU_INFO:Time           1676865000:ncsu_component::nb_put():  of test.env.predictor called
# NCSU_INFO:Time           1676873000:ncsu_component::nb_transport():  of test.env.scoreboard called
# NCSU_INFO:Time           1676873000:ncsu_component::nb_put():  of test.env.predictor called
# NCSU_INFO:Time           1694917000:ncsu_component::nb_transport():  of test.env.scoreboard called
# NCSU_INFO:Time           1694917000:ncsu_component::nb_put():  of test.env.predictor called
# wb_data_sent:  70
# NCSU_INFO:Time           1694923000:ncsu_component::nb_transport():  of test.env.scoreboard called
# NCSU_INFO:Time           1694923000:ncsu_component::nb_put():  of test.env.predictor called
# NCSU_INFO:Time           1694931000:ncsu_component::nb_transport():  of test.env.scoreboard called
# NCSU_INFO:Time           1694931000:ncsu_component::nb_put():  of test.env.predictor called
# NCSU_INFO:Time           1712973000:i2c_monitor::run():  of test.env.i2c_agent.monitor called.
#  Slave address:0x22;
#  RW:0;
#  Data:70 0 0 0 0 0 0 0 0 0 0 0 0 0 0 0 0 0 0 0 0 0 0 0 0 0 0 0 0 0 0 0 0 0 0 0 0 0 0 0 0 0 0 0 0 0 0 0 0 0 0 0 0 0 0 0 0 0 0 0 0 0 0 0
# NCSU_INFO:Time           1712973000:ncsu_component::nb_put():  of test.env.scoreboard called
# NCSU_INFO:Time           1712975000:ncsu_component::nb_transport():  of test.env.scoreboard called
# NCSU_INFO:Time           1712975000:ncsu_component::nb_put():  of test.env.predictor called
# NCSU_INFO:Time           1712981000:ncsu_component::nb_transport():  of test.env.scoreboard called
# NCSU_INFO:Time           1712981000:ncsu_component::nb_put():  of test.env.predictor called
# NCSU_INFO:Time           1714673000:ncsu_component::nb_transport():  of test.env.scoreboard called
# NCSU_INFO:Time           1714673000:ncsu_component::nb_put():  of test.env.predictor called
# NCSU_INFO:Time           1714677000:FINISH: wb_driver::run():  of test.env.wb_agent.driver is called.
# NCSU_INFO:Time           1714677000:START: wb_driver::run():  of test.env.wb_agent.driver is called.
# NCSU_INFO:Time           1714677000:i2c_driver::bl_put():  of test.env.i2c_agent.driver called
# NCSU_INFO:Time           1714679000:ncsu_component::nb_transport():  of test.env.scoreboard called
# NCSU_INFO:Time           1714679000:ncsu_component::nb_put():  of test.env.predictor called
# NCSU_INFO:Time           1714685000:ncsu_component::nb_transport():  of test.env.scoreboard called
# NCSU_INFO:Time           1714685000:ncsu_component::nb_put():  of test.env.predictor called
# NCSU_INFO:Time           1714693000:ncsu_component::nb_transport():  of test.env.scoreboard called
# NCSU_INFO:Time           1714693000:ncsu_component::nb_put():  of test.env.predictor called
# NCSU_INFO:Time           1714701000:ncsu_component::nb_transport():  of test.env.scoreboard called
# NCSU_INFO:Time           1714701000:ncsu_component::nb_put():  of test.env.predictor called
# NCSU_INFO:Time           1714709000:ncsu_component::nb_transport():  of test.env.scoreboard called
# NCSU_INFO:Time           1714709000:ncsu_component::nb_put():  of test.env.predictor called
# NCSU_INFO:Time           1714715000:ncsu_component::nb_transport():  of test.env.scoreboard called
# NCSU_INFO:Time           1714715000:ncsu_component::nb_put():  of test.env.predictor called
# NCSU_INFO:Time           1716591000:ncsu_component::nb_transport():  of test.env.scoreboard called
# NCSU_INFO:Time           1716591000:ncsu_component::nb_put():  of test.env.predictor called
# NCSU_INFO:Time           1716597000:ncsu_component::nb_transport():  of test.env.scoreboard called
# NCSU_INFO:Time           1716597000:ncsu_component::nb_put():  of test.env.predictor called
# NCSU_INFO:Time           1716603000:ncsu_component::nb_transport():  of test.env.scoreboard called
# NCSU_INFO:Time           1716603000:ncsu_component::nb_put():  of test.env.predictor called
# NCSU_INFO:Time           1716611000:ncsu_component::nb_transport():  of test.env.scoreboard called
# NCSU_INFO:Time           1716611000:ncsu_component::nb_put():  of test.env.predictor called
# NCSU_INFO:Time           1734655000:ncsu_component::nb_transport():  of test.env.scoreboard called
# NCSU_INFO:Time           1734655000:ncsu_component::nb_put():  of test.env.predictor called
# NCSU_INFO:Time           1734661000:ncsu_component::nb_transport():  of test.env.scoreboard called
# NCSU_INFO:Time           1734661000:ncsu_component::nb_put():  of test.env.predictor called
# NCSU_INFO:Time           1752705000:ncsu_component::nb_transport():  of test.env.scoreboard called
# NCSU_INFO:Time           1752705000:ncsu_component::nb_put():  of test.env.predictor called
# wb data received:  57
# NCSU_INFO:Time           1752709000:i2c_monitor::run():  of test.env.i2c_agent.monitor called.
#  Slave address:0x22;
#  RW:1;
#  Data:57
# NCSU_INFO:Time           1752709000:ncsu_component::nb_put():  of test.env.scoreboard called
# NCSU_INFO:Time           1752711000:ncsu_component::nb_transport():  of test.env.scoreboard called
# NCSU_INFO:Time           1752711000:ncsu_component::nb_put():  of test.env.predictor called
# NCSU_INFO:Time           1752717000:ncsu_component::nb_transport():  of test.env.scoreboard called
# NCSU_INFO:Time           1752717000:ncsu_component::nb_put():  of test.env.predictor called
# NCSU_INFO:Time           1754409000:ncsu_component::nb_transport():  of test.env.scoreboard called
# NCSU_INFO:Time           1754409000:ncsu_component::nb_put():  of test.env.predictor called
# NCSU_INFO:Time           1754413000:FINISH: wb_driver::run():  of test.env.wb_agent.driver is called.
# NCSU_INFO:Time           1754413000:START: wb_driver::run():  of test.env.wb_agent.driver is called.
# NCSU_INFO:Time           1754413000:i2c_driver::bl_put():  of test.env.i2c_agent.driver called
# NCSU_INFO:Time           1754415000:ncsu_component::nb_transport():  of test.env.scoreboard called
# NCSU_INFO:Time           1754415000:ncsu_component::nb_put():  of test.env.predictor called
# NCSU_INFO:Time           1754421000:ncsu_component::nb_transport():  of test.env.scoreboard called
# NCSU_INFO:Time           1754421000:ncsu_component::nb_put():  of test.env.predictor called
# NCSU_INFO:Time           1754429000:ncsu_component::nb_transport():  of test.env.scoreboard called
# NCSU_INFO:Time           1754429000:ncsu_component::nb_put():  of test.env.predictor called
# NCSU_INFO:Time           1754437000:ncsu_component::nb_transport():  of test.env.scoreboard called
# NCSU_INFO:Time           1754437000:ncsu_component::nb_put():  of test.env.predictor called
# NCSU_INFO:Time           1754445000:ncsu_component::nb_transport():  of test.env.scoreboard called
# NCSU_INFO:Time           1754445000:ncsu_component::nb_put():  of test.env.predictor called
# NCSU_INFO:Time           1754451000:ncsu_component::nb_transport():  of test.env.scoreboard called
# NCSU_INFO:Time           1754451000:ncsu_component::nb_put():  of test.env.predictor called
# NCSU_INFO:Time           1756327000:ncsu_component::nb_transport():  of test.env.scoreboard called
# NCSU_INFO:Time           1756327000:ncsu_component::nb_put():  of test.env.predictor called
# NCSU_INFO:Time           1756333000:ncsu_component::nb_transport():  of test.env.scoreboard called
# NCSU_INFO:Time           1756333000:ncsu_component::nb_put():  of test.env.predictor called
# NCSU_INFO:Time           1756339000:ncsu_component::nb_transport():  of test.env.scoreboard called
# NCSU_INFO:Time           1756339000:ncsu_component::nb_put():  of test.env.predictor called
# NCSU_INFO:Time           1756347000:ncsu_component::nb_transport():  of test.env.scoreboard called
# NCSU_INFO:Time           1756347000:ncsu_component::nb_put():  of test.env.predictor called
# NCSU_INFO:Time           1774391000:ncsu_component::nb_transport():  of test.env.scoreboard called
# NCSU_INFO:Time           1774391000:ncsu_component::nb_put():  of test.env.predictor called
# wb_data_sent:  71
# NCSU_INFO:Time           1774397000:ncsu_component::nb_transport():  of test.env.scoreboard called
# NCSU_INFO:Time           1774397000:ncsu_component::nb_put():  of test.env.predictor called
# NCSU_INFO:Time           1774405000:ncsu_component::nb_transport():  of test.env.scoreboard called
# NCSU_INFO:Time           1774405000:ncsu_component::nb_put():  of test.env.predictor called
# NCSU_INFO:Time           1792447000:i2c_monitor::run():  of test.env.i2c_agent.monitor called.
#  Slave address:0x22;
#  RW:0;
#  Data:71 0 0 0 0 0 0 0 0 0 0 0 0 0 0 0 0 0 0 0 0 0 0 0 0 0 0 0 0 0 0 0 0 0 0 0 0 0 0 0 0 0 0 0 0 0 0 0 0 0 0 0 0 0 0 0 0 0 0 0 0 0 0 0
# NCSU_INFO:Time           1792447000:ncsu_component::nb_put():  of test.env.scoreboard called
# NCSU_INFO:Time           1792449000:ncsu_component::nb_transport():  of test.env.scoreboard called
# NCSU_INFO:Time           1792449000:ncsu_component::nb_put():  of test.env.predictor called
# NCSU_INFO:Time           1792455000:ncsu_component::nb_transport():  of test.env.scoreboard called
# NCSU_INFO:Time           1792455000:ncsu_component::nb_put():  of test.env.predictor called
# NCSU_INFO:Time           1794147000:ncsu_component::nb_transport():  of test.env.scoreboard called
# NCSU_INFO:Time           1794147000:ncsu_component::nb_put():  of test.env.predictor called
# NCSU_INFO:Time           1794151000:FINISH: wb_driver::run():  of test.env.wb_agent.driver is called.
# NCSU_INFO:Time           1794151000:START: wb_driver::run():  of test.env.wb_agent.driver is called.
# NCSU_INFO:Time           1794151000:i2c_driver::bl_put():  of test.env.i2c_agent.driver called
# NCSU_INFO:Time           1794153000:ncsu_component::nb_transport():  of test.env.scoreboard called
# NCSU_INFO:Time           1794153000:ncsu_component::nb_put():  of test.env.predictor called
# NCSU_INFO:Time           1794159000:ncsu_component::nb_transport():  of test.env.scoreboard called
# NCSU_INFO:Time           1794159000:ncsu_component::nb_put():  of test.env.predictor called
# NCSU_INFO:Time           1794167000:ncsu_component::nb_transport():  of test.env.scoreboard called
# NCSU_INFO:Time           1794167000:ncsu_component::nb_put():  of test.env.predictor called
# NCSU_INFO:Time           1794175000:ncsu_component::nb_transport():  of test.env.scoreboard called
# NCSU_INFO:Time           1794175000:ncsu_component::nb_put():  of test.env.predictor called
# NCSU_INFO:Time           1794183000:ncsu_component::nb_transport():  of test.env.scoreboard called
# NCSU_INFO:Time           1794183000:ncsu_component::nb_put():  of test.env.predictor called
# NCSU_INFO:Time           1794189000:ncsu_component::nb_transport():  of test.env.scoreboard called
# NCSU_INFO:Time           1794189000:ncsu_component::nb_put():  of test.env.predictor called
# NCSU_INFO:Time           1796065000:ncsu_component::nb_transport():  of test.env.scoreboard called
# NCSU_INFO:Time           1796065000:ncsu_component::nb_put():  of test.env.predictor called
# NCSU_INFO:Time           1796071000:ncsu_component::nb_transport():  of test.env.scoreboard called
# NCSU_INFO:Time           1796071000:ncsu_component::nb_put():  of test.env.predictor called
# NCSU_INFO:Time           1796077000:ncsu_component::nb_transport():  of test.env.scoreboard called
# NCSU_INFO:Time           1796077000:ncsu_component::nb_put():  of test.env.predictor called
# NCSU_INFO:Time           1796085000:ncsu_component::nb_transport():  of test.env.scoreboard called
# NCSU_INFO:Time           1796085000:ncsu_component::nb_put():  of test.env.predictor called
# NCSU_INFO:Time           1814129000:ncsu_component::nb_transport():  of test.env.scoreboard called
# NCSU_INFO:Time           1814129000:ncsu_component::nb_put():  of test.env.predictor called
# NCSU_INFO:Time           1814135000:ncsu_component::nb_transport():  of test.env.scoreboard called
# NCSU_INFO:Time           1814135000:ncsu_component::nb_put():  of test.env.predictor called
# NCSU_INFO:Time           1832179000:ncsu_component::nb_transport():  of test.env.scoreboard called
# NCSU_INFO:Time           1832179000:ncsu_component::nb_put():  of test.env.predictor called
# wb data received:  56
# NCSU_INFO:Time           1832183000:i2c_monitor::run():  of test.env.i2c_agent.monitor called.
#  Slave address:0x22;
#  RW:1;
#  Data:56
# NCSU_INFO:Time           1832183000:ncsu_component::nb_put():  of test.env.scoreboard called
# NCSU_INFO:Time           1832185000:ncsu_component::nb_transport():  of test.env.scoreboard called
# NCSU_INFO:Time           1832185000:ncsu_component::nb_put():  of test.env.predictor called
# NCSU_INFO:Time           1832191000:ncsu_component::nb_transport():  of test.env.scoreboard called
# NCSU_INFO:Time           1832191000:ncsu_component::nb_put():  of test.env.predictor called
# NCSU_INFO:Time           1833883000:ncsu_component::nb_transport():  of test.env.scoreboard called
# NCSU_INFO:Time           1833883000:ncsu_component::nb_put():  of test.env.predictor called
# NCSU_INFO:Time           1833887000:FINISH: wb_driver::run():  of test.env.wb_agent.driver is called.
# NCSU_INFO:Time           1833887000:START: wb_driver::run():  of test.env.wb_agent.driver is called.
# NCSU_INFO:Time           1833887000:i2c_driver::bl_put():  of test.env.i2c_agent.driver called
# NCSU_INFO:Time           1833889000:ncsu_component::nb_transport():  of test.env.scoreboard called
# NCSU_INFO:Time           1833889000:ncsu_component::nb_put():  of test.env.predictor called
# NCSU_INFO:Time           1833895000:ncsu_component::nb_transport():  of test.env.scoreboard called
# NCSU_INFO:Time           1833895000:ncsu_component::nb_put():  of test.env.predictor called
# NCSU_INFO:Time           1833903000:ncsu_component::nb_transport():  of test.env.scoreboard called
# NCSU_INFO:Time           1833903000:ncsu_component::nb_put():  of test.env.predictor called
# NCSU_INFO:Time           1833911000:ncsu_component::nb_transport():  of test.env.scoreboard called
# NCSU_INFO:Time           1833911000:ncsu_component::nb_put():  of test.env.predictor called
# NCSU_INFO:Time           1833919000:ncsu_component::nb_transport():  of test.env.scoreboard called
# NCSU_INFO:Time           1833919000:ncsu_component::nb_put():  of test.env.predictor called
# NCSU_INFO:Time           1833925000:ncsu_component::nb_transport():  of test.env.scoreboard called
# NCSU_INFO:Time           1833925000:ncsu_component::nb_put():  of test.env.predictor called
# NCSU_INFO:Time           1835801000:ncsu_component::nb_transport():  of test.env.scoreboard called
# NCSU_INFO:Time           1835801000:ncsu_component::nb_put():  of test.env.predictor called
# NCSU_INFO:Time           1835807000:ncsu_component::nb_transport():  of test.env.scoreboard called
# NCSU_INFO:Time           1835807000:ncsu_component::nb_put():  of test.env.predictor called
# NCSU_INFO:Time           1835813000:ncsu_component::nb_transport():  of test.env.scoreboard called
# NCSU_INFO:Time           1835813000:ncsu_component::nb_put():  of test.env.predictor called
# NCSU_INFO:Time           1835821000:ncsu_component::nb_transport():  of test.env.scoreboard called
# NCSU_INFO:Time           1835821000:ncsu_component::nb_put():  of test.env.predictor called
# NCSU_INFO:Time           1853865000:ncsu_component::nb_transport():  of test.env.scoreboard called
# NCSU_INFO:Time           1853865000:ncsu_component::nb_put():  of test.env.predictor called
# wb_data_sent:  72
# NCSU_INFO:Time           1853871000:ncsu_component::nb_transport():  of test.env.scoreboard called
# NCSU_INFO:Time           1853871000:ncsu_component::nb_put():  of test.env.predictor called
# NCSU_INFO:Time           1853879000:ncsu_component::nb_transport():  of test.env.scoreboard called
# NCSU_INFO:Time           1853879000:ncsu_component::nb_put():  of test.env.predictor called
# NCSU_INFO:Time           1871921000:i2c_monitor::run():  of test.env.i2c_agent.monitor called.
#  Slave address:0x22;
#  RW:0;
#  Data:72 0 0 0 0 0 0 0 0 0 0 0 0 0 0 0 0 0 0 0 0 0 0 0 0 0 0 0 0 0 0 0 0 0 0 0 0 0 0 0 0 0 0 0 0 0 0 0 0 0 0 0 0 0 0 0 0 0 0 0 0 0 0 0
# NCSU_INFO:Time           1871921000:ncsu_component::nb_put():  of test.env.scoreboard called
# NCSU_INFO:Time           1871923000:ncsu_component::nb_transport():  of test.env.scoreboard called
# NCSU_INFO:Time           1871923000:ncsu_component::nb_put():  of test.env.predictor called
# NCSU_INFO:Time           1871929000:ncsu_component::nb_transport():  of test.env.scoreboard called
# NCSU_INFO:Time           1871929000:ncsu_component::nb_put():  of test.env.predictor called
# NCSU_INFO:Time           1873621000:ncsu_component::nb_transport():  of test.env.scoreboard called
# NCSU_INFO:Time           1873621000:ncsu_component::nb_put():  of test.env.predictor called
# NCSU_INFO:Time           1873625000:FINISH: wb_driver::run():  of test.env.wb_agent.driver is called.
# NCSU_INFO:Time           1873625000:START: wb_driver::run():  of test.env.wb_agent.driver is called.
# NCSU_INFO:Time           1873625000:i2c_driver::bl_put():  of test.env.i2c_agent.driver called
# NCSU_INFO:Time           1873627000:ncsu_component::nb_transport():  of test.env.scoreboard called
# NCSU_INFO:Time           1873627000:ncsu_component::nb_put():  of test.env.predictor called
# NCSU_INFO:Time           1873633000:ncsu_component::nb_transport():  of test.env.scoreboard called
# NCSU_INFO:Time           1873633000:ncsu_component::nb_put():  of test.env.predictor called
# NCSU_INFO:Time           1873641000:ncsu_component::nb_transport():  of test.env.scoreboard called
# NCSU_INFO:Time           1873641000:ncsu_component::nb_put():  of test.env.predictor called
# NCSU_INFO:Time           1873649000:ncsu_component::nb_transport():  of test.env.scoreboard called
# NCSU_INFO:Time           1873649000:ncsu_component::nb_put():  of test.env.predictor called
# NCSU_INFO:Time           1873657000:ncsu_component::nb_transport():  of test.env.scoreboard called
# NCSU_INFO:Time           1873657000:ncsu_component::nb_put():  of test.env.predictor called
# NCSU_INFO:Time           1873663000:ncsu_component::nb_transport():  of test.env.scoreboard called
# NCSU_INFO:Time           1873663000:ncsu_component::nb_put():  of test.env.predictor called
# NCSU_INFO:Time           1875539000:ncsu_component::nb_transport():  of test.env.scoreboard called
# NCSU_INFO:Time           1875539000:ncsu_component::nb_put():  of test.env.predictor called
# NCSU_INFO:Time           1875545000:ncsu_component::nb_transport():  of test.env.scoreboard called
# NCSU_INFO:Time           1875545000:ncsu_component::nb_put():  of test.env.predictor called
# NCSU_INFO:Time           1875551000:ncsu_component::nb_transport():  of test.env.scoreboard called
# NCSU_INFO:Time           1875551000:ncsu_component::nb_put():  of test.env.predictor called
# NCSU_INFO:Time           1875559000:ncsu_component::nb_transport():  of test.env.scoreboard called
# NCSU_INFO:Time           1875559000:ncsu_component::nb_put():  of test.env.predictor called
# NCSU_INFO:Time           1893603000:ncsu_component::nb_transport():  of test.env.scoreboard called
# NCSU_INFO:Time           1893603000:ncsu_component::nb_put():  of test.env.predictor called
# NCSU_INFO:Time           1893609000:ncsu_component::nb_transport():  of test.env.scoreboard called
# NCSU_INFO:Time           1893609000:ncsu_component::nb_put():  of test.env.predictor called
# NCSU_INFO:Time           1911653000:ncsu_component::nb_transport():  of test.env.scoreboard called
# NCSU_INFO:Time           1911653000:ncsu_component::nb_put():  of test.env.predictor called
# wb data received:  55
# NCSU_INFO:Time           1911657000:i2c_monitor::run():  of test.env.i2c_agent.monitor called.
#  Slave address:0x22;
#  RW:1;
#  Data:55
# NCSU_INFO:Time           1911657000:ncsu_component::nb_put():  of test.env.scoreboard called
# NCSU_INFO:Time           1911659000:ncsu_component::nb_transport():  of test.env.scoreboard called
# NCSU_INFO:Time           1911659000:ncsu_component::nb_put():  of test.env.predictor called
# NCSU_INFO:Time           1911665000:ncsu_component::nb_transport():  of test.env.scoreboard called
# NCSU_INFO:Time           1911665000:ncsu_component::nb_put():  of test.env.predictor called
# NCSU_INFO:Time           1913357000:ncsu_component::nb_transport():  of test.env.scoreboard called
# NCSU_INFO:Time           1913357000:ncsu_component::nb_put():  of test.env.predictor called
# NCSU_INFO:Time           1913361000:FINISH: wb_driver::run():  of test.env.wb_agent.driver is called.
# NCSU_INFO:Time           1913361000:START: wb_driver::run():  of test.env.wb_agent.driver is called.
# NCSU_INFO:Time           1913361000:i2c_driver::bl_put():  of test.env.i2c_agent.driver called
# NCSU_INFO:Time           1913363000:ncsu_component::nb_transport():  of test.env.scoreboard called
# NCSU_INFO:Time           1913363000:ncsu_component::nb_put():  of test.env.predictor called
# NCSU_INFO:Time           1913369000:ncsu_component::nb_transport():  of test.env.scoreboard called
# NCSU_INFO:Time           1913369000:ncsu_component::nb_put():  of test.env.predictor called
# NCSU_INFO:Time           1913377000:ncsu_component::nb_transport():  of test.env.scoreboard called
# NCSU_INFO:Time           1913377000:ncsu_component::nb_put():  of test.env.predictor called
# NCSU_INFO:Time           1913385000:ncsu_component::nb_transport():  of test.env.scoreboard called
# NCSU_INFO:Time           1913385000:ncsu_component::nb_put():  of test.env.predictor called
# NCSU_INFO:Time           1913393000:ncsu_component::nb_transport():  of test.env.scoreboard called
# NCSU_INFO:Time           1913393000:ncsu_component::nb_put():  of test.env.predictor called
# NCSU_INFO:Time           1913399000:ncsu_component::nb_transport():  of test.env.scoreboard called
# NCSU_INFO:Time           1913399000:ncsu_component::nb_put():  of test.env.predictor called
# NCSU_INFO:Time           1915275000:ncsu_component::nb_transport():  of test.env.scoreboard called
# NCSU_INFO:Time           1915275000:ncsu_component::nb_put():  of test.env.predictor called
# NCSU_INFO:Time           1915281000:ncsu_component::nb_transport():  of test.env.scoreboard called
# NCSU_INFO:Time           1915281000:ncsu_component::nb_put():  of test.env.predictor called
# NCSU_INFO:Time           1915287000:ncsu_component::nb_transport():  of test.env.scoreboard called
# NCSU_INFO:Time           1915287000:ncsu_component::nb_put():  of test.env.predictor called
# NCSU_INFO:Time           1915295000:ncsu_component::nb_transport():  of test.env.scoreboard called
# NCSU_INFO:Time           1915295000:ncsu_component::nb_put():  of test.env.predictor called
# NCSU_INFO:Time           1933339000:ncsu_component::nb_transport():  of test.env.scoreboard called
# NCSU_INFO:Time           1933339000:ncsu_component::nb_put():  of test.env.predictor called
# wb_data_sent:  73
# NCSU_INFO:Time           1933345000:ncsu_component::nb_transport():  of test.env.scoreboard called
# NCSU_INFO:Time           1933345000:ncsu_component::nb_put():  of test.env.predictor called
# NCSU_INFO:Time           1933353000:ncsu_component::nb_transport():  of test.env.scoreboard called
# NCSU_INFO:Time           1933353000:ncsu_component::nb_put():  of test.env.predictor called
# NCSU_INFO:Time           1951395000:i2c_monitor::run():  of test.env.i2c_agent.monitor called.
#  Slave address:0x22;
#  RW:0;
#  Data:73 0 0 0 0 0 0 0 0 0 0 0 0 0 0 0 0 0 0 0 0 0 0 0 0 0 0 0 0 0 0 0 0 0 0 0 0 0 0 0 0 0 0 0 0 0 0 0 0 0 0 0 0 0 0 0 0 0 0 0 0 0 0 0
# NCSU_INFO:Time           1951395000:ncsu_component::nb_put():  of test.env.scoreboard called
# NCSU_INFO:Time           1951397000:ncsu_component::nb_transport():  of test.env.scoreboard called
# NCSU_INFO:Time           1951397000:ncsu_component::nb_put():  of test.env.predictor called
# NCSU_INFO:Time           1951403000:ncsu_component::nb_transport():  of test.env.scoreboard called
# NCSU_INFO:Time           1951403000:ncsu_component::nb_put():  of test.env.predictor called
# NCSU_INFO:Time           1953095000:ncsu_component::nb_transport():  of test.env.scoreboard called
# NCSU_INFO:Time           1953095000:ncsu_component::nb_put():  of test.env.predictor called
# NCSU_INFO:Time           1953099000:FINISH: wb_driver::run():  of test.env.wb_agent.driver is called.
# NCSU_INFO:Time           1953099000:START: wb_driver::run():  of test.env.wb_agent.driver is called.
# NCSU_INFO:Time           1953099000:i2c_driver::bl_put():  of test.env.i2c_agent.driver called
# NCSU_INFO:Time           1953101000:ncsu_component::nb_transport():  of test.env.scoreboard called
# NCSU_INFO:Time           1953101000:ncsu_component::nb_put():  of test.env.predictor called
# NCSU_INFO:Time           1953107000:ncsu_component::nb_transport():  of test.env.scoreboard called
# NCSU_INFO:Time           1953107000:ncsu_component::nb_put():  of test.env.predictor called
# NCSU_INFO:Time           1953115000:ncsu_component::nb_transport():  of test.env.scoreboard called
# NCSU_INFO:Time           1953115000:ncsu_component::nb_put():  of test.env.predictor called
# NCSU_INFO:Time           1953123000:ncsu_component::nb_transport():  of test.env.scoreboard called
# NCSU_INFO:Time           1953123000:ncsu_component::nb_put():  of test.env.predictor called
# NCSU_INFO:Time           1953131000:ncsu_component::nb_transport():  of test.env.scoreboard called
# NCSU_INFO:Time           1953131000:ncsu_component::nb_put():  of test.env.predictor called
# NCSU_INFO:Time           1953137000:ncsu_component::nb_transport():  of test.env.scoreboard called
# NCSU_INFO:Time           1953137000:ncsu_component::nb_put():  of test.env.predictor called
# NCSU_INFO:Time           1955013000:ncsu_component::nb_transport():  of test.env.scoreboard called
# NCSU_INFO:Time           1955013000:ncsu_component::nb_put():  of test.env.predictor called
# NCSU_INFO:Time           1955019000:ncsu_component::nb_transport():  of test.env.scoreboard called
# NCSU_INFO:Time           1955019000:ncsu_component::nb_put():  of test.env.predictor called
# NCSU_INFO:Time           1955025000:ncsu_component::nb_transport():  of test.env.scoreboard called
# NCSU_INFO:Time           1955025000:ncsu_component::nb_put():  of test.env.predictor called
# NCSU_INFO:Time           1955033000:ncsu_component::nb_transport():  of test.env.scoreboard called
# NCSU_INFO:Time           1955033000:ncsu_component::nb_put():  of test.env.predictor called
# NCSU_INFO:Time           1973077000:ncsu_component::nb_transport():  of test.env.scoreboard called
# NCSU_INFO:Time           1973077000:ncsu_component::nb_put():  of test.env.predictor called
# NCSU_INFO:Time           1973083000:ncsu_component::nb_transport():  of test.env.scoreboard called
# NCSU_INFO:Time           1973083000:ncsu_component::nb_put():  of test.env.predictor called
# NCSU_INFO:Time           1991127000:ncsu_component::nb_transport():  of test.env.scoreboard called
# NCSU_INFO:Time           1991127000:ncsu_component::nb_put():  of test.env.predictor called
# wb data received:  54
# NCSU_INFO:Time           1991131000:i2c_monitor::run():  of test.env.i2c_agent.monitor called.
#  Slave address:0x22;
#  RW:1;
#  Data:54
# NCSU_INFO:Time           1991131000:ncsu_component::nb_put():  of test.env.scoreboard called
# NCSU_INFO:Time           1991133000:ncsu_component::nb_transport():  of test.env.scoreboard called
# NCSU_INFO:Time           1991133000:ncsu_component::nb_put():  of test.env.predictor called
# NCSU_INFO:Time           1991139000:ncsu_component::nb_transport():  of test.env.scoreboard called
# NCSU_INFO:Time           1991139000:ncsu_component::nb_put():  of test.env.predictor called
# NCSU_INFO:Time           1992831000:ncsu_component::nb_transport():  of test.env.scoreboard called
# NCSU_INFO:Time           1992831000:ncsu_component::nb_put():  of test.env.predictor called
# NCSU_INFO:Time           1992835000:FINISH: wb_driver::run():  of test.env.wb_agent.driver is called.
# NCSU_INFO:Time           1992835000:START: wb_driver::run():  of test.env.wb_agent.driver is called.
# NCSU_INFO:Time           1992835000:i2c_driver::bl_put():  of test.env.i2c_agent.driver called
# NCSU_INFO:Time           1992837000:ncsu_component::nb_transport():  of test.env.scoreboard called
# NCSU_INFO:Time           1992837000:ncsu_component::nb_put():  of test.env.predictor called
# NCSU_INFO:Time           1992843000:ncsu_component::nb_transport():  of test.env.scoreboard called
# NCSU_INFO:Time           1992843000:ncsu_component::nb_put():  of test.env.predictor called
# NCSU_INFO:Time           1992851000:ncsu_component::nb_transport():  of test.env.scoreboard called
# NCSU_INFO:Time           1992851000:ncsu_component::nb_put():  of test.env.predictor called
# NCSU_INFO:Time           1992859000:ncsu_component::nb_transport():  of test.env.scoreboard called
# NCSU_INFO:Time           1992859000:ncsu_component::nb_put():  of test.env.predictor called
# NCSU_INFO:Time           1992867000:ncsu_component::nb_transport():  of test.env.scoreboard called
# NCSU_INFO:Time           1992867000:ncsu_component::nb_put():  of test.env.predictor called
# NCSU_INFO:Time           1992873000:ncsu_component::nb_transport():  of test.env.scoreboard called
# NCSU_INFO:Time           1992873000:ncsu_component::nb_put():  of test.env.predictor called
# NCSU_INFO:Time           1994749000:ncsu_component::nb_transport():  of test.env.scoreboard called
# NCSU_INFO:Time           1994749000:ncsu_component::nb_put():  of test.env.predictor called
# NCSU_INFO:Time           1994755000:ncsu_component::nb_transport():  of test.env.scoreboard called
# NCSU_INFO:Time           1994755000:ncsu_component::nb_put():  of test.env.predictor called
# NCSU_INFO:Time           1994761000:ncsu_component::nb_transport():  of test.env.scoreboard called
# NCSU_INFO:Time           1994761000:ncsu_component::nb_put():  of test.env.predictor called
# NCSU_INFO:Time           1994769000:ncsu_component::nb_transport():  of test.env.scoreboard called
# NCSU_INFO:Time           1994769000:ncsu_component::nb_put():  of test.env.predictor called
# NCSU_INFO:Time           2012813000:ncsu_component::nb_transport():  of test.env.scoreboard called
# NCSU_INFO:Time           2012813000:ncsu_component::nb_put():  of test.env.predictor called
# wb_data_sent:  74
# NCSU_INFO:Time           2012819000:ncsu_component::nb_transport():  of test.env.scoreboard called
# NCSU_INFO:Time           2012819000:ncsu_component::nb_put():  of test.env.predictor called
# NCSU_INFO:Time           2012827000:ncsu_component::nb_transport():  of test.env.scoreboard called
# NCSU_INFO:Time           2012827000:ncsu_component::nb_put():  of test.env.predictor called
# NCSU_INFO:Time           2030869000:i2c_monitor::run():  of test.env.i2c_agent.monitor called.
#  Slave address:0x22;
#  RW:0;
#  Data:74 0 0 0 0 0 0 0 0 0 0 0 0 0 0 0 0 0 0 0 0 0 0 0 0 0 0 0 0 0 0 0 0 0 0 0 0 0 0 0 0 0 0 0 0 0 0 0 0 0 0 0 0 0 0 0 0 0 0 0 0 0 0 0
# NCSU_INFO:Time           2030869000:ncsu_component::nb_put():  of test.env.scoreboard called
# NCSU_INFO:Time           2030871000:ncsu_component::nb_transport():  of test.env.scoreboard called
# NCSU_INFO:Time           2030871000:ncsu_component::nb_put():  of test.env.predictor called
# NCSU_INFO:Time           2030877000:ncsu_component::nb_transport():  of test.env.scoreboard called
# NCSU_INFO:Time           2030877000:ncsu_component::nb_put():  of test.env.predictor called
# NCSU_INFO:Time           2032569000:ncsu_component::nb_transport():  of test.env.scoreboard called
# NCSU_INFO:Time           2032569000:ncsu_component::nb_put():  of test.env.predictor called
# NCSU_INFO:Time           2032573000:FINISH: wb_driver::run():  of test.env.wb_agent.driver is called.
# NCSU_INFO:Time           2032573000:START: wb_driver::run():  of test.env.wb_agent.driver is called.
# NCSU_INFO:Time           2032573000:i2c_driver::bl_put():  of test.env.i2c_agent.driver called
# NCSU_INFO:Time           2032575000:ncsu_component::nb_transport():  of test.env.scoreboard called
# NCSU_INFO:Time           2032575000:ncsu_component::nb_put():  of test.env.predictor called
# NCSU_INFO:Time           2032581000:ncsu_component::nb_transport():  of test.env.scoreboard called
# NCSU_INFO:Time           2032581000:ncsu_component::nb_put():  of test.env.predictor called
# NCSU_INFO:Time           2032589000:ncsu_component::nb_transport():  of test.env.scoreboard called
# NCSU_INFO:Time           2032589000:ncsu_component::nb_put():  of test.env.predictor called
# NCSU_INFO:Time           2032597000:ncsu_component::nb_transport():  of test.env.scoreboard called
# NCSU_INFO:Time           2032597000:ncsu_component::nb_put():  of test.env.predictor called
# NCSU_INFO:Time           2032605000:ncsu_component::nb_transport():  of test.env.scoreboard called
# NCSU_INFO:Time           2032605000:ncsu_component::nb_put():  of test.env.predictor called
# NCSU_INFO:Time           2032611000:ncsu_component::nb_transport():  of test.env.scoreboard called
# NCSU_INFO:Time           2032611000:ncsu_component::nb_put():  of test.env.predictor called
# NCSU_INFO:Time           2034487000:ncsu_component::nb_transport():  of test.env.scoreboard called
# NCSU_INFO:Time           2034487000:ncsu_component::nb_put():  of test.env.predictor called
# NCSU_INFO:Time           2034493000:ncsu_component::nb_transport():  of test.env.scoreboard called
# NCSU_INFO:Time           2034493000:ncsu_component::nb_put():  of test.env.predictor called
# NCSU_INFO:Time           2034499000:ncsu_component::nb_transport():  of test.env.scoreboard called
# NCSU_INFO:Time           2034499000:ncsu_component::nb_put():  of test.env.predictor called
# NCSU_INFO:Time           2034507000:ncsu_component::nb_transport():  of test.env.scoreboard called
# NCSU_INFO:Time           2034507000:ncsu_component::nb_put():  of test.env.predictor called
# NCSU_INFO:Time           2052551000:ncsu_component::nb_transport():  of test.env.scoreboard called
# NCSU_INFO:Time           2052551000:ncsu_component::nb_put():  of test.env.predictor called
# NCSU_INFO:Time           2052557000:ncsu_component::nb_transport():  of test.env.scoreboard called
# NCSU_INFO:Time           2052557000:ncsu_component::nb_put():  of test.env.predictor called
# NCSU_INFO:Time           2070601000:ncsu_component::nb_transport():  of test.env.scoreboard called
# NCSU_INFO:Time           2070601000:ncsu_component::nb_put():  of test.env.predictor called
# wb data received:  53
# NCSU_INFO:Time           2070605000:i2c_monitor::run():  of test.env.i2c_agent.monitor called.
#  Slave address:0x22;
#  RW:1;
#  Data:53
# NCSU_INFO:Time           2070605000:ncsu_component::nb_put():  of test.env.scoreboard called
# NCSU_INFO:Time           2070607000:ncsu_component::nb_transport():  of test.env.scoreboard called
# NCSU_INFO:Time           2070607000:ncsu_component::nb_put():  of test.env.predictor called
# NCSU_INFO:Time           2070613000:ncsu_component::nb_transport():  of test.env.scoreboard called
# NCSU_INFO:Time           2070613000:ncsu_component::nb_put():  of test.env.predictor called
# NCSU_INFO:Time           2072305000:ncsu_component::nb_transport():  of test.env.scoreboard called
# NCSU_INFO:Time           2072305000:ncsu_component::nb_put():  of test.env.predictor called
# NCSU_INFO:Time           2072309000:FINISH: wb_driver::run():  of test.env.wb_agent.driver is called.
# NCSU_INFO:Time           2072309000:START: wb_driver::run():  of test.env.wb_agent.driver is called.
# NCSU_INFO:Time           2072309000:i2c_driver::bl_put():  of test.env.i2c_agent.driver called
# NCSU_INFO:Time           2072311000:ncsu_component::nb_transport():  of test.env.scoreboard called
# NCSU_INFO:Time           2072311000:ncsu_component::nb_put():  of test.env.predictor called
# NCSU_INFO:Time           2072317000:ncsu_component::nb_transport():  of test.env.scoreboard called
# NCSU_INFO:Time           2072317000:ncsu_component::nb_put():  of test.env.predictor called
# NCSU_INFO:Time           2072325000:ncsu_component::nb_transport():  of test.env.scoreboard called
# NCSU_INFO:Time           2072325000:ncsu_component::nb_put():  of test.env.predictor called
# NCSU_INFO:Time           2072333000:ncsu_component::nb_transport():  of test.env.scoreboard called
# NCSU_INFO:Time           2072333000:ncsu_component::nb_put():  of test.env.predictor called
# NCSU_INFO:Time           2072341000:ncsu_component::nb_transport():  of test.env.scoreboard called
# NCSU_INFO:Time           2072341000:ncsu_component::nb_put():  of test.env.predictor called
# NCSU_INFO:Time           2072347000:ncsu_component::nb_transport():  of test.env.scoreboard called
# NCSU_INFO:Time           2072347000:ncsu_component::nb_put():  of test.env.predictor called
# NCSU_INFO:Time           2074223000:ncsu_component::nb_transport():  of test.env.scoreboard called
# NCSU_INFO:Time           2074223000:ncsu_component::nb_put():  of test.env.predictor called
# NCSU_INFO:Time           2074229000:ncsu_component::nb_transport():  of test.env.scoreboard called
# NCSU_INFO:Time           2074229000:ncsu_component::nb_put():  of test.env.predictor called
# NCSU_INFO:Time           2074235000:ncsu_component::nb_transport():  of test.env.scoreboard called
# NCSU_INFO:Time           2074235000:ncsu_component::nb_put():  of test.env.predictor called
# NCSU_INFO:Time           2074243000:ncsu_component::nb_transport():  of test.env.scoreboard called
# NCSU_INFO:Time           2074243000:ncsu_component::nb_put():  of test.env.predictor called
# NCSU_INFO:Time           2092287000:ncsu_component::nb_transport():  of test.env.scoreboard called
# NCSU_INFO:Time           2092287000:ncsu_component::nb_put():  of test.env.predictor called
# wb_data_sent:  75
# NCSU_INFO:Time           2092293000:ncsu_component::nb_transport():  of test.env.scoreboard called
# NCSU_INFO:Time           2092293000:ncsu_component::nb_put():  of test.env.predictor called
# NCSU_INFO:Time           2092301000:ncsu_component::nb_transport():  of test.env.scoreboard called
# NCSU_INFO:Time           2092301000:ncsu_component::nb_put():  of test.env.predictor called
# NCSU_INFO:Time           2110343000:i2c_monitor::run():  of test.env.i2c_agent.monitor called.
#  Slave address:0x22;
#  RW:0;
#  Data:75 0 0 0 0 0 0 0 0 0 0 0 0 0 0 0 0 0 0 0 0 0 0 0 0 0 0 0 0 0 0 0 0 0 0 0 0 0 0 0 0 0 0 0 0 0 0 0 0 0 0 0 0 0 0 0 0 0 0 0 0 0 0 0
# NCSU_INFO:Time           2110343000:ncsu_component::nb_put():  of test.env.scoreboard called
# NCSU_INFO:Time           2110345000:ncsu_component::nb_transport():  of test.env.scoreboard called
# NCSU_INFO:Time           2110345000:ncsu_component::nb_put():  of test.env.predictor called
# NCSU_INFO:Time           2110351000:ncsu_component::nb_transport():  of test.env.scoreboard called
# NCSU_INFO:Time           2110351000:ncsu_component::nb_put():  of test.env.predictor called
# NCSU_INFO:Time           2112043000:ncsu_component::nb_transport():  of test.env.scoreboard called
# NCSU_INFO:Time           2112043000:ncsu_component::nb_put():  of test.env.predictor called
# NCSU_INFO:Time           2112047000:FINISH: wb_driver::run():  of test.env.wb_agent.driver is called.
# NCSU_INFO:Time           2112047000:START: wb_driver::run():  of test.env.wb_agent.driver is called.
# NCSU_INFO:Time           2112047000:i2c_driver::bl_put():  of test.env.i2c_agent.driver called
# NCSU_INFO:Time           2112049000:ncsu_component::nb_transport():  of test.env.scoreboard called
# NCSU_INFO:Time           2112049000:ncsu_component::nb_put():  of test.env.predictor called
# NCSU_INFO:Time           2112055000:ncsu_component::nb_transport():  of test.env.scoreboard called
# NCSU_INFO:Time           2112055000:ncsu_component::nb_put():  of test.env.predictor called
# NCSU_INFO:Time           2112063000:ncsu_component::nb_transport():  of test.env.scoreboard called
# NCSU_INFO:Time           2112063000:ncsu_component::nb_put():  of test.env.predictor called
# NCSU_INFO:Time           2112071000:ncsu_component::nb_transport():  of test.env.scoreboard called
# NCSU_INFO:Time           2112071000:ncsu_component::nb_put():  of test.env.predictor called
# NCSU_INFO:Time           2112079000:ncsu_component::nb_transport():  of test.env.scoreboard called
# NCSU_INFO:Time           2112079000:ncsu_component::nb_put():  of test.env.predictor called
# NCSU_INFO:Time           2112085000:ncsu_component::nb_transport():  of test.env.scoreboard called
# NCSU_INFO:Time           2112085000:ncsu_component::nb_put():  of test.env.predictor called
# NCSU_INFO:Time           2113961000:ncsu_component::nb_transport():  of test.env.scoreboard called
# NCSU_INFO:Time           2113961000:ncsu_component::nb_put():  of test.env.predictor called
# NCSU_INFO:Time           2113967000:ncsu_component::nb_transport():  of test.env.scoreboard called
# NCSU_INFO:Time           2113967000:ncsu_component::nb_put():  of test.env.predictor called
# NCSU_INFO:Time           2113973000:ncsu_component::nb_transport():  of test.env.scoreboard called
# NCSU_INFO:Time           2113973000:ncsu_component::nb_put():  of test.env.predictor called
# NCSU_INFO:Time           2113981000:ncsu_component::nb_transport():  of test.env.scoreboard called
# NCSU_INFO:Time           2113981000:ncsu_component::nb_put():  of test.env.predictor called
# NCSU_INFO:Time           2132025000:ncsu_component::nb_transport():  of test.env.scoreboard called
# NCSU_INFO:Time           2132025000:ncsu_component::nb_put():  of test.env.predictor called
# NCSU_INFO:Time           2132031000:ncsu_component::nb_transport():  of test.env.scoreboard called
# NCSU_INFO:Time           2132031000:ncsu_component::nb_put():  of test.env.predictor called
# NCSU_INFO:Time           2150075000:ncsu_component::nb_transport():  of test.env.scoreboard called
# NCSU_INFO:Time           2150075000:ncsu_component::nb_put():  of test.env.predictor called
# wb data received:  52
# NCSU_INFO:Time           2150079000:i2c_monitor::run():  of test.env.i2c_agent.monitor called.
#  Slave address:0x22;
#  RW:1;
#  Data:52
# NCSU_INFO:Time           2150079000:ncsu_component::nb_put():  of test.env.scoreboard called
# NCSU_INFO:Time           2150081000:ncsu_component::nb_transport():  of test.env.scoreboard called
# NCSU_INFO:Time           2150081000:ncsu_component::nb_put():  of test.env.predictor called
# NCSU_INFO:Time           2150087000:ncsu_component::nb_transport():  of test.env.scoreboard called
# NCSU_INFO:Time           2150087000:ncsu_component::nb_put():  of test.env.predictor called
# NCSU_INFO:Time           2151779000:ncsu_component::nb_transport():  of test.env.scoreboard called
# NCSU_INFO:Time           2151779000:ncsu_component::nb_put():  of test.env.predictor called
# NCSU_INFO:Time           2151783000:FINISH: wb_driver::run():  of test.env.wb_agent.driver is called.
# NCSU_INFO:Time           2151783000:START: wb_driver::run():  of test.env.wb_agent.driver is called.
# NCSU_INFO:Time           2151783000:i2c_driver::bl_put():  of test.env.i2c_agent.driver called
# NCSU_INFO:Time           2151785000:ncsu_component::nb_transport():  of test.env.scoreboard called
# NCSU_INFO:Time           2151785000:ncsu_component::nb_put():  of test.env.predictor called
# NCSU_INFO:Time           2151791000:ncsu_component::nb_transport():  of test.env.scoreboard called
# NCSU_INFO:Time           2151791000:ncsu_component::nb_put():  of test.env.predictor called
# NCSU_INFO:Time           2151799000:ncsu_component::nb_transport():  of test.env.scoreboard called
# NCSU_INFO:Time           2151799000:ncsu_component::nb_put():  of test.env.predictor called
# NCSU_INFO:Time           2151807000:ncsu_component::nb_transport():  of test.env.scoreboard called
# NCSU_INFO:Time           2151807000:ncsu_component::nb_put():  of test.env.predictor called
# NCSU_INFO:Time           2151815000:ncsu_component::nb_transport():  of test.env.scoreboard called
# NCSU_INFO:Time           2151815000:ncsu_component::nb_put():  of test.env.predictor called
# NCSU_INFO:Time           2151821000:ncsu_component::nb_transport():  of test.env.scoreboard called
# NCSU_INFO:Time           2151821000:ncsu_component::nb_put():  of test.env.predictor called
# NCSU_INFO:Time           2153697000:ncsu_component::nb_transport():  of test.env.scoreboard called
# NCSU_INFO:Time           2153697000:ncsu_component::nb_put():  of test.env.predictor called
# NCSU_INFO:Time           2153703000:ncsu_component::nb_transport():  of test.env.scoreboard called
# NCSU_INFO:Time           2153703000:ncsu_component::nb_put():  of test.env.predictor called
# NCSU_INFO:Time           2153709000:ncsu_component::nb_transport():  of test.env.scoreboard called
# NCSU_INFO:Time           2153709000:ncsu_component::nb_put():  of test.env.predictor called
# NCSU_INFO:Time           2153717000:ncsu_component::nb_transport():  of test.env.scoreboard called
# NCSU_INFO:Time           2153717000:ncsu_component::nb_put():  of test.env.predictor called
# NCSU_INFO:Time           2171761000:ncsu_component::nb_transport():  of test.env.scoreboard called
# NCSU_INFO:Time           2171761000:ncsu_component::nb_put():  of test.env.predictor called
# wb_data_sent:  76
# NCSU_INFO:Time           2171767000:ncsu_component::nb_transport():  of test.env.scoreboard called
# NCSU_INFO:Time           2171767000:ncsu_component::nb_put():  of test.env.predictor called
# NCSU_INFO:Time           2171775000:ncsu_component::nb_transport():  of test.env.scoreboard called
# NCSU_INFO:Time           2171775000:ncsu_component::nb_put():  of test.env.predictor called
# NCSU_INFO:Time           2189817000:i2c_monitor::run():  of test.env.i2c_agent.monitor called.
#  Slave address:0x22;
#  RW:0;
#  Data:76 0 0 0 0 0 0 0 0 0 0 0 0 0 0 0 0 0 0 0 0 0 0 0 0 0 0 0 0 0 0 0 0 0 0 0 0 0 0 0 0 0 0 0 0 0 0 0 0 0 0 0 0 0 0 0 0 0 0 0 0 0 0 0
# NCSU_INFO:Time           2189817000:ncsu_component::nb_put():  of test.env.scoreboard called
# NCSU_INFO:Time           2189819000:ncsu_component::nb_transport():  of test.env.scoreboard called
# NCSU_INFO:Time           2189819000:ncsu_component::nb_put():  of test.env.predictor called
# NCSU_INFO:Time           2189825000:ncsu_component::nb_transport():  of test.env.scoreboard called
# NCSU_INFO:Time           2189825000:ncsu_component::nb_put():  of test.env.predictor called
# NCSU_INFO:Time           2191517000:ncsu_component::nb_transport():  of test.env.scoreboard called
# NCSU_INFO:Time           2191517000:ncsu_component::nb_put():  of test.env.predictor called
# NCSU_INFO:Time           2191521000:FINISH: wb_driver::run():  of test.env.wb_agent.driver is called.
# NCSU_INFO:Time           2191521000:START: wb_driver::run():  of test.env.wb_agent.driver is called.
# NCSU_INFO:Time           2191521000:i2c_driver::bl_put():  of test.env.i2c_agent.driver called
# NCSU_INFO:Time           2191523000:ncsu_component::nb_transport():  of test.env.scoreboard called
# NCSU_INFO:Time           2191523000:ncsu_component::nb_put():  of test.env.predictor called
# NCSU_INFO:Time           2191529000:ncsu_component::nb_transport():  of test.env.scoreboard called
# NCSU_INFO:Time           2191529000:ncsu_component::nb_put():  of test.env.predictor called
# NCSU_INFO:Time           2191537000:ncsu_component::nb_transport():  of test.env.scoreboard called
# NCSU_INFO:Time           2191537000:ncsu_component::nb_put():  of test.env.predictor called
# NCSU_INFO:Time           2191545000:ncsu_component::nb_transport():  of test.env.scoreboard called
# NCSU_INFO:Time           2191545000:ncsu_component::nb_put():  of test.env.predictor called
# NCSU_INFO:Time           2191553000:ncsu_component::nb_transport():  of test.env.scoreboard called
# NCSU_INFO:Time           2191553000:ncsu_component::nb_put():  of test.env.predictor called
# NCSU_INFO:Time           2191559000:ncsu_component::nb_transport():  of test.env.scoreboard called
# NCSU_INFO:Time           2191559000:ncsu_component::nb_put():  of test.env.predictor called
# NCSU_INFO:Time           2193435000:ncsu_component::nb_transport():  of test.env.scoreboard called
# NCSU_INFO:Time           2193435000:ncsu_component::nb_put():  of test.env.predictor called
# NCSU_INFO:Time           2193441000:ncsu_component::nb_transport():  of test.env.scoreboard called
# NCSU_INFO:Time           2193441000:ncsu_component::nb_put():  of test.env.predictor called
# NCSU_INFO:Time           2193447000:ncsu_component::nb_transport():  of test.env.scoreboard called
# NCSU_INFO:Time           2193447000:ncsu_component::nb_put():  of test.env.predictor called
# NCSU_INFO:Time           2193455000:ncsu_component::nb_transport():  of test.env.scoreboard called
# NCSU_INFO:Time           2193455000:ncsu_component::nb_put():  of test.env.predictor called
# NCSU_INFO:Time           2211499000:ncsu_component::nb_transport():  of test.env.scoreboard called
# NCSU_INFO:Time           2211499000:ncsu_component::nb_put():  of test.env.predictor called
# NCSU_INFO:Time           2211505000:ncsu_component::nb_transport():  of test.env.scoreboard called
# NCSU_INFO:Time           2211505000:ncsu_component::nb_put():  of test.env.predictor called
# NCSU_INFO:Time           2229549000:ncsu_component::nb_transport():  of test.env.scoreboard called
# NCSU_INFO:Time           2229549000:ncsu_component::nb_put():  of test.env.predictor called
# wb data received:  51
# NCSU_INFO:Time           2229553000:i2c_monitor::run():  of test.env.i2c_agent.monitor called.
#  Slave address:0x22;
#  RW:1;
#  Data:51
# NCSU_INFO:Time           2229553000:ncsu_component::nb_put():  of test.env.scoreboard called
# NCSU_INFO:Time           2229555000:ncsu_component::nb_transport():  of test.env.scoreboard called
# NCSU_INFO:Time           2229555000:ncsu_component::nb_put():  of test.env.predictor called
# NCSU_INFO:Time           2229561000:ncsu_component::nb_transport():  of test.env.scoreboard called
# NCSU_INFO:Time           2229561000:ncsu_component::nb_put():  of test.env.predictor called
# NCSU_INFO:Time           2231253000:ncsu_component::nb_transport():  of test.env.scoreboard called
# NCSU_INFO:Time           2231253000:ncsu_component::nb_put():  of test.env.predictor called
# NCSU_INFO:Time           2231257000:FINISH: wb_driver::run():  of test.env.wb_agent.driver is called.
# NCSU_INFO:Time           2231257000:START: wb_driver::run():  of test.env.wb_agent.driver is called.
# NCSU_INFO:Time           2231257000:i2c_driver::bl_put():  of test.env.i2c_agent.driver called
# NCSU_INFO:Time           2231259000:ncsu_component::nb_transport():  of test.env.scoreboard called
# NCSU_INFO:Time           2231259000:ncsu_component::nb_put():  of test.env.predictor called
# NCSU_INFO:Time           2231265000:ncsu_component::nb_transport():  of test.env.scoreboard called
# NCSU_INFO:Time           2231265000:ncsu_component::nb_put():  of test.env.predictor called
# NCSU_INFO:Time           2231273000:ncsu_component::nb_transport():  of test.env.scoreboard called
# NCSU_INFO:Time           2231273000:ncsu_component::nb_put():  of test.env.predictor called
# NCSU_INFO:Time           2231281000:ncsu_component::nb_transport():  of test.env.scoreboard called
# NCSU_INFO:Time           2231281000:ncsu_component::nb_put():  of test.env.predictor called
# NCSU_INFO:Time           2231289000:ncsu_component::nb_transport():  of test.env.scoreboard called
# NCSU_INFO:Time           2231289000:ncsu_component::nb_put():  of test.env.predictor called
# NCSU_INFO:Time           2231295000:ncsu_component::nb_transport():  of test.env.scoreboard called
# NCSU_INFO:Time           2231295000:ncsu_component::nb_put():  of test.env.predictor called
# NCSU_INFO:Time           2233171000:ncsu_component::nb_transport():  of test.env.scoreboard called
# NCSU_INFO:Time           2233171000:ncsu_component::nb_put():  of test.env.predictor called
# NCSU_INFO:Time           2233177000:ncsu_component::nb_transport():  of test.env.scoreboard called
# NCSU_INFO:Time           2233177000:ncsu_component::nb_put():  of test.env.predictor called
# NCSU_INFO:Time           2233183000:ncsu_component::nb_transport():  of test.env.scoreboard called
# NCSU_INFO:Time           2233183000:ncsu_component::nb_put():  of test.env.predictor called
# NCSU_INFO:Time           2233191000:ncsu_component::nb_transport():  of test.env.scoreboard called
# NCSU_INFO:Time           2233191000:ncsu_component::nb_put():  of test.env.predictor called
# NCSU_INFO:Time           2251235000:ncsu_component::nb_transport():  of test.env.scoreboard called
# NCSU_INFO:Time           2251235000:ncsu_component::nb_put():  of test.env.predictor called
# wb_data_sent:  77
# NCSU_INFO:Time           2251241000:ncsu_component::nb_transport():  of test.env.scoreboard called
# NCSU_INFO:Time           2251241000:ncsu_component::nb_put():  of test.env.predictor called
# NCSU_INFO:Time           2251249000:ncsu_component::nb_transport():  of test.env.scoreboard called
# NCSU_INFO:Time           2251249000:ncsu_component::nb_put():  of test.env.predictor called
# NCSU_INFO:Time           2269291000:i2c_monitor::run():  of test.env.i2c_agent.monitor called.
#  Slave address:0x22;
#  RW:0;
#  Data:77 0 0 0 0 0 0 0 0 0 0 0 0 0 0 0 0 0 0 0 0 0 0 0 0 0 0 0 0 0 0 0 0 0 0 0 0 0 0 0 0 0 0 0 0 0 0 0 0 0 0 0 0 0 0 0 0 0 0 0 0 0 0 0
# NCSU_INFO:Time           2269291000:ncsu_component::nb_put():  of test.env.scoreboard called
# NCSU_INFO:Time           2269293000:ncsu_component::nb_transport():  of test.env.scoreboard called
# NCSU_INFO:Time           2269293000:ncsu_component::nb_put():  of test.env.predictor called
# NCSU_INFO:Time           2269299000:ncsu_component::nb_transport():  of test.env.scoreboard called
# NCSU_INFO:Time           2269299000:ncsu_component::nb_put():  of test.env.predictor called
# NCSU_INFO:Time           2270991000:ncsu_component::nb_transport():  of test.env.scoreboard called
# NCSU_INFO:Time           2270991000:ncsu_component::nb_put():  of test.env.predictor called
# NCSU_INFO:Time           2270995000:FINISH: wb_driver::run():  of test.env.wb_agent.driver is called.
# NCSU_INFO:Time           2270995000:START: wb_driver::run():  of test.env.wb_agent.driver is called.
# NCSU_INFO:Time           2270995000:i2c_driver::bl_put():  of test.env.i2c_agent.driver called
# NCSU_INFO:Time           2270997000:ncsu_component::nb_transport():  of test.env.scoreboard called
# NCSU_INFO:Time           2270997000:ncsu_component::nb_put():  of test.env.predictor called
# NCSU_INFO:Time           2271003000:ncsu_component::nb_transport():  of test.env.scoreboard called
# NCSU_INFO:Time           2271003000:ncsu_component::nb_put():  of test.env.predictor called
# NCSU_INFO:Time           2271011000:ncsu_component::nb_transport():  of test.env.scoreboard called
# NCSU_INFO:Time           2271011000:ncsu_component::nb_put():  of test.env.predictor called
# NCSU_INFO:Time           2271019000:ncsu_component::nb_transport():  of test.env.scoreboard called
# NCSU_INFO:Time           2271019000:ncsu_component::nb_put():  of test.env.predictor called
# NCSU_INFO:Time           2271027000:ncsu_component::nb_transport():  of test.env.scoreboard called
# NCSU_INFO:Time           2271027000:ncsu_component::nb_put():  of test.env.predictor called
# NCSU_INFO:Time           2271033000:ncsu_component::nb_transport():  of test.env.scoreboard called
# NCSU_INFO:Time           2271033000:ncsu_component::nb_put():  of test.env.predictor called
# NCSU_INFO:Time           2272909000:ncsu_component::nb_transport():  of test.env.scoreboard called
# NCSU_INFO:Time           2272909000:ncsu_component::nb_put():  of test.env.predictor called
# NCSU_INFO:Time           2272915000:ncsu_component::nb_transport():  of test.env.scoreboard called
# NCSU_INFO:Time           2272915000:ncsu_component::nb_put():  of test.env.predictor called
# NCSU_INFO:Time           2272921000:ncsu_component::nb_transport():  of test.env.scoreboard called
# NCSU_INFO:Time           2272921000:ncsu_component::nb_put():  of test.env.predictor called
# NCSU_INFO:Time           2272929000:ncsu_component::nb_transport():  of test.env.scoreboard called
# NCSU_INFO:Time           2272929000:ncsu_component::nb_put():  of test.env.predictor called
# NCSU_INFO:Time           2290973000:ncsu_component::nb_transport():  of test.env.scoreboard called
# NCSU_INFO:Time           2290973000:ncsu_component::nb_put():  of test.env.predictor called
# NCSU_INFO:Time           2290979000:ncsu_component::nb_transport():  of test.env.scoreboard called
# NCSU_INFO:Time           2290979000:ncsu_component::nb_put():  of test.env.predictor called
# NCSU_INFO:Time           2309023000:ncsu_component::nb_transport():  of test.env.scoreboard called
# NCSU_INFO:Time           2309023000:ncsu_component::nb_put():  of test.env.predictor called
# wb data received:  50
# NCSU_INFO:Time           2309027000:i2c_monitor::run():  of test.env.i2c_agent.monitor called.
#  Slave address:0x22;
#  RW:1;
#  Data:50
# NCSU_INFO:Time           2309027000:ncsu_component::nb_put():  of test.env.scoreboard called
# NCSU_INFO:Time           2309029000:ncsu_component::nb_transport():  of test.env.scoreboard called
# NCSU_INFO:Time           2309029000:ncsu_component::nb_put():  of test.env.predictor called
# NCSU_INFO:Time           2309035000:ncsu_component::nb_transport():  of test.env.scoreboard called
# NCSU_INFO:Time           2309035000:ncsu_component::nb_put():  of test.env.predictor called
# NCSU_INFO:Time           2310727000:ncsu_component::nb_transport():  of test.env.scoreboard called
# NCSU_INFO:Time           2310727000:ncsu_component::nb_put():  of test.env.predictor called
# NCSU_INFO:Time           2310731000:FINISH: wb_driver::run():  of test.env.wb_agent.driver is called.
# NCSU_INFO:Time           2310731000:START: wb_driver::run():  of test.env.wb_agent.driver is called.
# NCSU_INFO:Time           2310731000:i2c_driver::bl_put():  of test.env.i2c_agent.driver called
# NCSU_INFO:Time           2310733000:ncsu_component::nb_transport():  of test.env.scoreboard called
# NCSU_INFO:Time           2310733000:ncsu_component::nb_put():  of test.env.predictor called
# NCSU_INFO:Time           2310739000:ncsu_component::nb_transport():  of test.env.scoreboard called
# NCSU_INFO:Time           2310739000:ncsu_component::nb_put():  of test.env.predictor called
# NCSU_INFO:Time           2310747000:ncsu_component::nb_transport():  of test.env.scoreboard called
# NCSU_INFO:Time           2310747000:ncsu_component::nb_put():  of test.env.predictor called
# NCSU_INFO:Time           2310755000:ncsu_component::nb_transport():  of test.env.scoreboard called
# NCSU_INFO:Time           2310755000:ncsu_component::nb_put():  of test.env.predictor called
# NCSU_INFO:Time           2310763000:ncsu_component::nb_transport():  of test.env.scoreboard called
# NCSU_INFO:Time           2310763000:ncsu_component::nb_put():  of test.env.predictor called
# NCSU_INFO:Time           2310769000:ncsu_component::nb_transport():  of test.env.scoreboard called
# NCSU_INFO:Time           2310769000:ncsu_component::nb_put():  of test.env.predictor called
# NCSU_INFO:Time           2312645000:ncsu_component::nb_transport():  of test.env.scoreboard called
# NCSU_INFO:Time           2312645000:ncsu_component::nb_put():  of test.env.predictor called
# NCSU_INFO:Time           2312651000:ncsu_component::nb_transport():  of test.env.scoreboard called
# NCSU_INFO:Time           2312651000:ncsu_component::nb_put():  of test.env.predictor called
# NCSU_INFO:Time           2312657000:ncsu_component::nb_transport():  of test.env.scoreboard called
# NCSU_INFO:Time           2312657000:ncsu_component::nb_put():  of test.env.predictor called
# NCSU_INFO:Time           2312665000:ncsu_component::nb_transport():  of test.env.scoreboard called
# NCSU_INFO:Time           2312665000:ncsu_component::nb_put():  of test.env.predictor called
# NCSU_INFO:Time           2330709000:ncsu_component::nb_transport():  of test.env.scoreboard called
# NCSU_INFO:Time           2330709000:ncsu_component::nb_put():  of test.env.predictor called
# wb_data_sent:  78
# NCSU_INFO:Time           2330715000:ncsu_component::nb_transport():  of test.env.scoreboard called
# NCSU_INFO:Time           2330715000:ncsu_component::nb_put():  of test.env.predictor called
# NCSU_INFO:Time           2330723000:ncsu_component::nb_transport():  of test.env.scoreboard called
# NCSU_INFO:Time           2330723000:ncsu_component::nb_put():  of test.env.predictor called
# NCSU_INFO:Time           2348765000:i2c_monitor::run():  of test.env.i2c_agent.monitor called.
#  Slave address:0x22;
#  RW:0;
#  Data:78 0 0 0 0 0 0 0 0 0 0 0 0 0 0 0 0 0 0 0 0 0 0 0 0 0 0 0 0 0 0 0 0 0 0 0 0 0 0 0 0 0 0 0 0 0 0 0 0 0 0 0 0 0 0 0 0 0 0 0 0 0 0 0
# NCSU_INFO:Time           2348765000:ncsu_component::nb_put():  of test.env.scoreboard called
# NCSU_INFO:Time           2348767000:ncsu_component::nb_transport():  of test.env.scoreboard called
# NCSU_INFO:Time           2348767000:ncsu_component::nb_put():  of test.env.predictor called
# NCSU_INFO:Time           2348773000:ncsu_component::nb_transport():  of test.env.scoreboard called
# NCSU_INFO:Time           2348773000:ncsu_component::nb_put():  of test.env.predictor called
# NCSU_INFO:Time           2350465000:ncsu_component::nb_transport():  of test.env.scoreboard called
# NCSU_INFO:Time           2350465000:ncsu_component::nb_put():  of test.env.predictor called
# NCSU_INFO:Time           2350469000:FINISH: wb_driver::run():  of test.env.wb_agent.driver is called.
# NCSU_INFO:Time           2350469000:START: wb_driver::run():  of test.env.wb_agent.driver is called.
# NCSU_INFO:Time           2350469000:i2c_driver::bl_put():  of test.env.i2c_agent.driver called
# NCSU_INFO:Time           2350471000:ncsu_component::nb_transport():  of test.env.scoreboard called
# NCSU_INFO:Time           2350471000:ncsu_component::nb_put():  of test.env.predictor called
# NCSU_INFO:Time           2350477000:ncsu_component::nb_transport():  of test.env.scoreboard called
# NCSU_INFO:Time           2350477000:ncsu_component::nb_put():  of test.env.predictor called
# NCSU_INFO:Time           2350485000:ncsu_component::nb_transport():  of test.env.scoreboard called
# NCSU_INFO:Time           2350485000:ncsu_component::nb_put():  of test.env.predictor called
# NCSU_INFO:Time           2350493000:ncsu_component::nb_transport():  of test.env.scoreboard called
# NCSU_INFO:Time           2350493000:ncsu_component::nb_put():  of test.env.predictor called
# NCSU_INFO:Time           2350501000:ncsu_component::nb_transport():  of test.env.scoreboard called
# NCSU_INFO:Time           2350501000:ncsu_component::nb_put():  of test.env.predictor called
# NCSU_INFO:Time           2350507000:ncsu_component::nb_transport():  of test.env.scoreboard called
# NCSU_INFO:Time           2350507000:ncsu_component::nb_put():  of test.env.predictor called
# NCSU_INFO:Time           2352383000:ncsu_component::nb_transport():  of test.env.scoreboard called
# NCSU_INFO:Time           2352383000:ncsu_component::nb_put():  of test.env.predictor called
# NCSU_INFO:Time           2352389000:ncsu_component::nb_transport():  of test.env.scoreboard called
# NCSU_INFO:Time           2352389000:ncsu_component::nb_put():  of test.env.predictor called
# NCSU_INFO:Time           2352395000:ncsu_component::nb_transport():  of test.env.scoreboard called
# NCSU_INFO:Time           2352395000:ncsu_component::nb_put():  of test.env.predictor called
# NCSU_INFO:Time           2352403000:ncsu_component::nb_transport():  of test.env.scoreboard called
# NCSU_INFO:Time           2352403000:ncsu_component::nb_put():  of test.env.predictor called
# NCSU_INFO:Time           2370447000:ncsu_component::nb_transport():  of test.env.scoreboard called
# NCSU_INFO:Time           2370447000:ncsu_component::nb_put():  of test.env.predictor called
# NCSU_INFO:Time           2370453000:ncsu_component::nb_transport():  of test.env.scoreboard called
# NCSU_INFO:Time           2370453000:ncsu_component::nb_put():  of test.env.predictor called
# NCSU_INFO:Time           2388497000:ncsu_component::nb_transport():  of test.env.scoreboard called
# NCSU_INFO:Time           2388497000:ncsu_component::nb_put():  of test.env.predictor called
# wb data received:  49
# NCSU_INFO:Time           2388501000:i2c_monitor::run():  of test.env.i2c_agent.monitor called.
#  Slave address:0x22;
#  RW:1;
#  Data:49
# NCSU_INFO:Time           2388501000:ncsu_component::nb_put():  of test.env.scoreboard called
# NCSU_INFO:Time           2388503000:ncsu_component::nb_transport():  of test.env.scoreboard called
# NCSU_INFO:Time           2388503000:ncsu_component::nb_put():  of test.env.predictor called
# NCSU_INFO:Time           2388509000:ncsu_component::nb_transport():  of test.env.scoreboard called
# NCSU_INFO:Time           2388509000:ncsu_component::nb_put():  of test.env.predictor called
# NCSU_INFO:Time           2390201000:ncsu_component::nb_transport():  of test.env.scoreboard called
# NCSU_INFO:Time           2390201000:ncsu_component::nb_put():  of test.env.predictor called
# NCSU_INFO:Time           2390205000:FINISH: wb_driver::run():  of test.env.wb_agent.driver is called.
# NCSU_INFO:Time           2390205000:START: wb_driver::run():  of test.env.wb_agent.driver is called.
# NCSU_INFO:Time           2390205000:i2c_driver::bl_put():  of test.env.i2c_agent.driver called
# NCSU_INFO:Time           2390207000:ncsu_component::nb_transport():  of test.env.scoreboard called
# NCSU_INFO:Time           2390207000:ncsu_component::nb_put():  of test.env.predictor called
# NCSU_INFO:Time           2390213000:ncsu_component::nb_transport():  of test.env.scoreboard called
# NCSU_INFO:Time           2390213000:ncsu_component::nb_put():  of test.env.predictor called
# NCSU_INFO:Time           2390221000:ncsu_component::nb_transport():  of test.env.scoreboard called
# NCSU_INFO:Time           2390221000:ncsu_component::nb_put():  of test.env.predictor called
# NCSU_INFO:Time           2390229000:ncsu_component::nb_transport():  of test.env.scoreboard called
# NCSU_INFO:Time           2390229000:ncsu_component::nb_put():  of test.env.predictor called
# NCSU_INFO:Time           2390237000:ncsu_component::nb_transport():  of test.env.scoreboard called
# NCSU_INFO:Time           2390237000:ncsu_component::nb_put():  of test.env.predictor called
# NCSU_INFO:Time           2390243000:ncsu_component::nb_transport():  of test.env.scoreboard called
# NCSU_INFO:Time           2390243000:ncsu_component::nb_put():  of test.env.predictor called
# NCSU_INFO:Time           2392119000:ncsu_component::nb_transport():  of test.env.scoreboard called
# NCSU_INFO:Time           2392119000:ncsu_component::nb_put():  of test.env.predictor called
# NCSU_INFO:Time           2392125000:ncsu_component::nb_transport():  of test.env.scoreboard called
# NCSU_INFO:Time           2392125000:ncsu_component::nb_put():  of test.env.predictor called
# NCSU_INFO:Time           2392131000:ncsu_component::nb_transport():  of test.env.scoreboard called
# NCSU_INFO:Time           2392131000:ncsu_component::nb_put():  of test.env.predictor called
# NCSU_INFO:Time           2392139000:ncsu_component::nb_transport():  of test.env.scoreboard called
# NCSU_INFO:Time           2392139000:ncsu_component::nb_put():  of test.env.predictor called
# NCSU_INFO:Time           2410183000:ncsu_component::nb_transport():  of test.env.scoreboard called
# NCSU_INFO:Time           2410183000:ncsu_component::nb_put():  of test.env.predictor called
# wb_data_sent:  79
# NCSU_INFO:Time           2410189000:ncsu_component::nb_transport():  of test.env.scoreboard called
# NCSU_INFO:Time           2410189000:ncsu_component::nb_put():  of test.env.predictor called
# NCSU_INFO:Time           2410197000:ncsu_component::nb_transport():  of test.env.scoreboard called
# NCSU_INFO:Time           2410197000:ncsu_component::nb_put():  of test.env.predictor called
# NCSU_INFO:Time           2428239000:i2c_monitor::run():  of test.env.i2c_agent.monitor called.
#  Slave address:0x22;
#  RW:0;
#  Data:79 0 0 0 0 0 0 0 0 0 0 0 0 0 0 0 0 0 0 0 0 0 0 0 0 0 0 0 0 0 0 0 0 0 0 0 0 0 0 0 0 0 0 0 0 0 0 0 0 0 0 0 0 0 0 0 0 0 0 0 0 0 0 0
# NCSU_INFO:Time           2428239000:ncsu_component::nb_put():  of test.env.scoreboard called
# NCSU_INFO:Time           2428241000:ncsu_component::nb_transport():  of test.env.scoreboard called
# NCSU_INFO:Time           2428241000:ncsu_component::nb_put():  of test.env.predictor called
# NCSU_INFO:Time           2428247000:ncsu_component::nb_transport():  of test.env.scoreboard called
# NCSU_INFO:Time           2428247000:ncsu_component::nb_put():  of test.env.predictor called
# NCSU_INFO:Time           2429939000:ncsu_component::nb_transport():  of test.env.scoreboard called
# NCSU_INFO:Time           2429939000:ncsu_component::nb_put():  of test.env.predictor called
# NCSU_INFO:Time           2429943000:FINISH: wb_driver::run():  of test.env.wb_agent.driver is called.
# NCSU_INFO:Time           2429943000:START: wb_driver::run():  of test.env.wb_agent.driver is called.
# NCSU_INFO:Time           2429943000:i2c_driver::bl_put():  of test.env.i2c_agent.driver called
# NCSU_INFO:Time           2429945000:ncsu_component::nb_transport():  of test.env.scoreboard called
# NCSU_INFO:Time           2429945000:ncsu_component::nb_put():  of test.env.predictor called
# NCSU_INFO:Time           2429951000:ncsu_component::nb_transport():  of test.env.scoreboard called
# NCSU_INFO:Time           2429951000:ncsu_component::nb_put():  of test.env.predictor called
# NCSU_INFO:Time           2429959000:ncsu_component::nb_transport():  of test.env.scoreboard called
# NCSU_INFO:Time           2429959000:ncsu_component::nb_put():  of test.env.predictor called
# NCSU_INFO:Time           2429967000:ncsu_component::nb_transport():  of test.env.scoreboard called
# NCSU_INFO:Time           2429967000:ncsu_component::nb_put():  of test.env.predictor called
# NCSU_INFO:Time           2429975000:ncsu_component::nb_transport():  of test.env.scoreboard called
# NCSU_INFO:Time           2429975000:ncsu_component::nb_put():  of test.env.predictor called
# NCSU_INFO:Time           2429981000:ncsu_component::nb_transport():  of test.env.scoreboard called
# NCSU_INFO:Time           2429981000:ncsu_component::nb_put():  of test.env.predictor called
# NCSU_INFO:Time           2431857000:ncsu_component::nb_transport():  of test.env.scoreboard called
# NCSU_INFO:Time           2431857000:ncsu_component::nb_put():  of test.env.predictor called
# NCSU_INFO:Time           2431863000:ncsu_component::nb_transport():  of test.env.scoreboard called
# NCSU_INFO:Time           2431863000:ncsu_component::nb_put():  of test.env.predictor called
# NCSU_INFO:Time           2431869000:ncsu_component::nb_transport():  of test.env.scoreboard called
# NCSU_INFO:Time           2431869000:ncsu_component::nb_put():  of test.env.predictor called
# NCSU_INFO:Time           2431877000:ncsu_component::nb_transport():  of test.env.scoreboard called
# NCSU_INFO:Time           2431877000:ncsu_component::nb_put():  of test.env.predictor called
# NCSU_INFO:Time           2449921000:ncsu_component::nb_transport():  of test.env.scoreboard called
# NCSU_INFO:Time           2449921000:ncsu_component::nb_put():  of test.env.predictor called
# NCSU_INFO:Time           2449927000:ncsu_component::nb_transport():  of test.env.scoreboard called
# NCSU_INFO:Time           2449927000:ncsu_component::nb_put():  of test.env.predictor called
# NCSU_INFO:Time           2467971000:ncsu_component::nb_transport():  of test.env.scoreboard called
# NCSU_INFO:Time           2467971000:ncsu_component::nb_put():  of test.env.predictor called
# wb data received:  48
# NCSU_INFO:Time           2467975000:i2c_monitor::run():  of test.env.i2c_agent.monitor called.
#  Slave address:0x22;
#  RW:1;
#  Data:48
# NCSU_INFO:Time           2467975000:ncsu_component::nb_put():  of test.env.scoreboard called
# NCSU_INFO:Time           2467977000:ncsu_component::nb_transport():  of test.env.scoreboard called
# NCSU_INFO:Time           2467977000:ncsu_component::nb_put():  of test.env.predictor called
# NCSU_INFO:Time           2467983000:ncsu_component::nb_transport():  of test.env.scoreboard called
# NCSU_INFO:Time           2467983000:ncsu_component::nb_put():  of test.env.predictor called
# NCSU_INFO:Time           2469675000:ncsu_component::nb_transport():  of test.env.scoreboard called
# NCSU_INFO:Time           2469675000:ncsu_component::nb_put():  of test.env.predictor called
# NCSU_INFO:Time           2469679000:FINISH: wb_driver::run():  of test.env.wb_agent.driver is called.
# NCSU_INFO:Time           2469679000:START: wb_driver::run():  of test.env.wb_agent.driver is called.
# NCSU_INFO:Time           2469679000:i2c_driver::bl_put():  of test.env.i2c_agent.driver called
# NCSU_INFO:Time           2469681000:ncsu_component::nb_transport():  of test.env.scoreboard called
# NCSU_INFO:Time           2469681000:ncsu_component::nb_put():  of test.env.predictor called
# NCSU_INFO:Time           2469687000:ncsu_component::nb_transport():  of test.env.scoreboard called
# NCSU_INFO:Time           2469687000:ncsu_component::nb_put():  of test.env.predictor called
# NCSU_INFO:Time           2469695000:ncsu_component::nb_transport():  of test.env.scoreboard called
# NCSU_INFO:Time           2469695000:ncsu_component::nb_put():  of test.env.predictor called
# NCSU_INFO:Time           2469703000:ncsu_component::nb_transport():  of test.env.scoreboard called
# NCSU_INFO:Time           2469703000:ncsu_component::nb_put():  of test.env.predictor called
# NCSU_INFO:Time           2469711000:ncsu_component::nb_transport():  of test.env.scoreboard called
# NCSU_INFO:Time           2469711000:ncsu_component::nb_put():  of test.env.predictor called
# NCSU_INFO:Time           2469717000:ncsu_component::nb_transport():  of test.env.scoreboard called
# NCSU_INFO:Time           2469717000:ncsu_component::nb_put():  of test.env.predictor called
# NCSU_INFO:Time           2471593000:ncsu_component::nb_transport():  of test.env.scoreboard called
# NCSU_INFO:Time           2471593000:ncsu_component::nb_put():  of test.env.predictor called
# NCSU_INFO:Time           2471599000:ncsu_component::nb_transport():  of test.env.scoreboard called
# NCSU_INFO:Time           2471599000:ncsu_component::nb_put():  of test.env.predictor called
# NCSU_INFO:Time           2471605000:ncsu_component::nb_transport():  of test.env.scoreboard called
# NCSU_INFO:Time           2471605000:ncsu_component::nb_put():  of test.env.predictor called
# NCSU_INFO:Time           2471613000:ncsu_component::nb_transport():  of test.env.scoreboard called
# NCSU_INFO:Time           2471613000:ncsu_component::nb_put():  of test.env.predictor called
# NCSU_INFO:Time           2489657000:ncsu_component::nb_transport():  of test.env.scoreboard called
# NCSU_INFO:Time           2489657000:ncsu_component::nb_put():  of test.env.predictor called
# wb_data_sent:  80
# NCSU_INFO:Time           2489663000:ncsu_component::nb_transport():  of test.env.scoreboard called
# NCSU_INFO:Time           2489663000:ncsu_component::nb_put():  of test.env.predictor called
# NCSU_INFO:Time           2489671000:ncsu_component::nb_transport():  of test.env.scoreboard called
# NCSU_INFO:Time           2489671000:ncsu_component::nb_put():  of test.env.predictor called
# NCSU_INFO:Time           2507713000:i2c_monitor::run():  of test.env.i2c_agent.monitor called.
#  Slave address:0x22;
#  RW:0;
#  Data:80 0 0 0 0 0 0 0 0 0 0 0 0 0 0 0 0 0 0 0 0 0 0 0 0 0 0 0 0 0 0 0 0 0 0 0 0 0 0 0 0 0 0 0 0 0 0 0 0 0 0 0 0 0 0 0 0 0 0 0 0 0 0 0
# NCSU_INFO:Time           2507713000:ncsu_component::nb_put():  of test.env.scoreboard called
# NCSU_INFO:Time           2507715000:ncsu_component::nb_transport():  of test.env.scoreboard called
# NCSU_INFO:Time           2507715000:ncsu_component::nb_put():  of test.env.predictor called
# NCSU_INFO:Time           2507721000:ncsu_component::nb_transport():  of test.env.scoreboard called
# NCSU_INFO:Time           2507721000:ncsu_component::nb_put():  of test.env.predictor called
# NCSU_INFO:Time           2509413000:ncsu_component::nb_transport():  of test.env.scoreboard called
# NCSU_INFO:Time           2509413000:ncsu_component::nb_put():  of test.env.predictor called
# NCSU_INFO:Time           2509417000:FINISH: wb_driver::run():  of test.env.wb_agent.driver is called.
# NCSU_INFO:Time           2509417000:START: wb_driver::run():  of test.env.wb_agent.driver is called.
# NCSU_INFO:Time           2509417000:i2c_driver::bl_put():  of test.env.i2c_agent.driver called
# NCSU_INFO:Time           2509419000:ncsu_component::nb_transport():  of test.env.scoreboard called
# NCSU_INFO:Time           2509419000:ncsu_component::nb_put():  of test.env.predictor called
# NCSU_INFO:Time           2509425000:ncsu_component::nb_transport():  of test.env.scoreboard called
# NCSU_INFO:Time           2509425000:ncsu_component::nb_put():  of test.env.predictor called
# NCSU_INFO:Time           2509433000:ncsu_component::nb_transport():  of test.env.scoreboard called
# NCSU_INFO:Time           2509433000:ncsu_component::nb_put():  of test.env.predictor called
# NCSU_INFO:Time           2509441000:ncsu_component::nb_transport():  of test.env.scoreboard called
# NCSU_INFO:Time           2509441000:ncsu_component::nb_put():  of test.env.predictor called
# NCSU_INFO:Time           2509449000:ncsu_component::nb_transport():  of test.env.scoreboard called
# NCSU_INFO:Time           2509449000:ncsu_component::nb_put():  of test.env.predictor called
# NCSU_INFO:Time           2509455000:ncsu_component::nb_transport():  of test.env.scoreboard called
# NCSU_INFO:Time           2509455000:ncsu_component::nb_put():  of test.env.predictor called
# NCSU_INFO:Time           2511331000:ncsu_component::nb_transport():  of test.env.scoreboard called
# NCSU_INFO:Time           2511331000:ncsu_component::nb_put():  of test.env.predictor called
# NCSU_INFO:Time           2511337000:ncsu_component::nb_transport():  of test.env.scoreboard called
# NCSU_INFO:Time           2511337000:ncsu_component::nb_put():  of test.env.predictor called
# NCSU_INFO:Time           2511343000:ncsu_component::nb_transport():  of test.env.scoreboard called
# NCSU_INFO:Time           2511343000:ncsu_component::nb_put():  of test.env.predictor called
# NCSU_INFO:Time           2511351000:ncsu_component::nb_transport():  of test.env.scoreboard called
# NCSU_INFO:Time           2511351000:ncsu_component::nb_put():  of test.env.predictor called
# NCSU_INFO:Time           2529395000:ncsu_component::nb_transport():  of test.env.scoreboard called
# NCSU_INFO:Time           2529395000:ncsu_component::nb_put():  of test.env.predictor called
# NCSU_INFO:Time           2529401000:ncsu_component::nb_transport():  of test.env.scoreboard called
# NCSU_INFO:Time           2529401000:ncsu_component::nb_put():  of test.env.predictor called
# NCSU_INFO:Time           2547445000:ncsu_component::nb_transport():  of test.env.scoreboard called
# NCSU_INFO:Time           2547445000:ncsu_component::nb_put():  of test.env.predictor called
# wb data received:  47
# NCSU_INFO:Time           2547449000:i2c_monitor::run():  of test.env.i2c_agent.monitor called.
#  Slave address:0x22;
#  RW:1;
#  Data:47
# NCSU_INFO:Time           2547449000:ncsu_component::nb_put():  of test.env.scoreboard called
# NCSU_INFO:Time           2547451000:ncsu_component::nb_transport():  of test.env.scoreboard called
# NCSU_INFO:Time           2547451000:ncsu_component::nb_put():  of test.env.predictor called
# NCSU_INFO:Time           2547457000:ncsu_component::nb_transport():  of test.env.scoreboard called
# NCSU_INFO:Time           2547457000:ncsu_component::nb_put():  of test.env.predictor called
# NCSU_INFO:Time           2549149000:ncsu_component::nb_transport():  of test.env.scoreboard called
# NCSU_INFO:Time           2549149000:ncsu_component::nb_put():  of test.env.predictor called
# NCSU_INFO:Time           2549153000:FINISH: wb_driver::run():  of test.env.wb_agent.driver is called.
# NCSU_INFO:Time           2549153000:START: wb_driver::run():  of test.env.wb_agent.driver is called.
# NCSU_INFO:Time           2549153000:i2c_driver::bl_put():  of test.env.i2c_agent.driver called
# NCSU_INFO:Time           2549155000:ncsu_component::nb_transport():  of test.env.scoreboard called
# NCSU_INFO:Time           2549155000:ncsu_component::nb_put():  of test.env.predictor called
# NCSU_INFO:Time           2549161000:ncsu_component::nb_transport():  of test.env.scoreboard called
# NCSU_INFO:Time           2549161000:ncsu_component::nb_put():  of test.env.predictor called
# NCSU_INFO:Time           2549169000:ncsu_component::nb_transport():  of test.env.scoreboard called
# NCSU_INFO:Time           2549169000:ncsu_component::nb_put():  of test.env.predictor called
# NCSU_INFO:Time           2549177000:ncsu_component::nb_transport():  of test.env.scoreboard called
# NCSU_INFO:Time           2549177000:ncsu_component::nb_put():  of test.env.predictor called
# NCSU_INFO:Time           2549185000:ncsu_component::nb_transport():  of test.env.scoreboard called
# NCSU_INFO:Time           2549185000:ncsu_component::nb_put():  of test.env.predictor called
# NCSU_INFO:Time           2549191000:ncsu_component::nb_transport():  of test.env.scoreboard called
# NCSU_INFO:Time           2549191000:ncsu_component::nb_put():  of test.env.predictor called
# NCSU_INFO:Time           2551067000:ncsu_component::nb_transport():  of test.env.scoreboard called
# NCSU_INFO:Time           2551067000:ncsu_component::nb_put():  of test.env.predictor called
# NCSU_INFO:Time           2551073000:ncsu_component::nb_transport():  of test.env.scoreboard called
# NCSU_INFO:Time           2551073000:ncsu_component::nb_put():  of test.env.predictor called
# NCSU_INFO:Time           2551079000:ncsu_component::nb_transport():  of test.env.scoreboard called
# NCSU_INFO:Time           2551079000:ncsu_component::nb_put():  of test.env.predictor called
# NCSU_INFO:Time           2551087000:ncsu_component::nb_transport():  of test.env.scoreboard called
# NCSU_INFO:Time           2551087000:ncsu_component::nb_put():  of test.env.predictor called
# NCSU_INFO:Time           2569131000:ncsu_component::nb_transport():  of test.env.scoreboard called
# NCSU_INFO:Time           2569131000:ncsu_component::nb_put():  of test.env.predictor called
# wb_data_sent:  81
# NCSU_INFO:Time           2569137000:ncsu_component::nb_transport():  of test.env.scoreboard called
# NCSU_INFO:Time           2569137000:ncsu_component::nb_put():  of test.env.predictor called
# NCSU_INFO:Time           2569145000:ncsu_component::nb_transport():  of test.env.scoreboard called
# NCSU_INFO:Time           2569145000:ncsu_component::nb_put():  of test.env.predictor called
# NCSU_INFO:Time           2587187000:i2c_monitor::run():  of test.env.i2c_agent.monitor called.
#  Slave address:0x22;
#  RW:0;
#  Data:81 0 0 0 0 0 0 0 0 0 0 0 0 0 0 0 0 0 0 0 0 0 0 0 0 0 0 0 0 0 0 0 0 0 0 0 0 0 0 0 0 0 0 0 0 0 0 0 0 0 0 0 0 0 0 0 0 0 0 0 0 0 0 0
# NCSU_INFO:Time           2587187000:ncsu_component::nb_put():  of test.env.scoreboard called
# NCSU_INFO:Time           2587189000:ncsu_component::nb_transport():  of test.env.scoreboard called
# NCSU_INFO:Time           2587189000:ncsu_component::nb_put():  of test.env.predictor called
# NCSU_INFO:Time           2587195000:ncsu_component::nb_transport():  of test.env.scoreboard called
# NCSU_INFO:Time           2587195000:ncsu_component::nb_put():  of test.env.predictor called
# NCSU_INFO:Time           2588887000:ncsu_component::nb_transport():  of test.env.scoreboard called
# NCSU_INFO:Time           2588887000:ncsu_component::nb_put():  of test.env.predictor called
# NCSU_INFO:Time           2588891000:FINISH: wb_driver::run():  of test.env.wb_agent.driver is called.
# NCSU_INFO:Time           2588891000:START: wb_driver::run():  of test.env.wb_agent.driver is called.
# NCSU_INFO:Time           2588891000:i2c_driver::bl_put():  of test.env.i2c_agent.driver called
# NCSU_INFO:Time           2588893000:ncsu_component::nb_transport():  of test.env.scoreboard called
# NCSU_INFO:Time           2588893000:ncsu_component::nb_put():  of test.env.predictor called
# NCSU_INFO:Time           2588899000:ncsu_component::nb_transport():  of test.env.scoreboard called
# NCSU_INFO:Time           2588899000:ncsu_component::nb_put():  of test.env.predictor called
# NCSU_INFO:Time           2588907000:ncsu_component::nb_transport():  of test.env.scoreboard called
# NCSU_INFO:Time           2588907000:ncsu_component::nb_put():  of test.env.predictor called
# NCSU_INFO:Time           2588915000:ncsu_component::nb_transport():  of test.env.scoreboard called
# NCSU_INFO:Time           2588915000:ncsu_component::nb_put():  of test.env.predictor called
# NCSU_INFO:Time           2588923000:ncsu_component::nb_transport():  of test.env.scoreboard called
# NCSU_INFO:Time           2588923000:ncsu_component::nb_put():  of test.env.predictor called
# NCSU_INFO:Time           2588929000:ncsu_component::nb_transport():  of test.env.scoreboard called
# NCSU_INFO:Time           2588929000:ncsu_component::nb_put():  of test.env.predictor called
# NCSU_INFO:Time           2590805000:ncsu_component::nb_transport():  of test.env.scoreboard called
# NCSU_INFO:Time           2590805000:ncsu_component::nb_put():  of test.env.predictor called
# NCSU_INFO:Time           2590811000:ncsu_component::nb_transport():  of test.env.scoreboard called
# NCSU_INFO:Time           2590811000:ncsu_component::nb_put():  of test.env.predictor called
# NCSU_INFO:Time           2590817000:ncsu_component::nb_transport():  of test.env.scoreboard called
# NCSU_INFO:Time           2590817000:ncsu_component::nb_put():  of test.env.predictor called
# NCSU_INFO:Time           2590825000:ncsu_component::nb_transport():  of test.env.scoreboard called
# NCSU_INFO:Time           2590825000:ncsu_component::nb_put():  of test.env.predictor called
# NCSU_INFO:Time           2608869000:ncsu_component::nb_transport():  of test.env.scoreboard called
# NCSU_INFO:Time           2608869000:ncsu_component::nb_put():  of test.env.predictor called
# NCSU_INFO:Time           2608875000:ncsu_component::nb_transport():  of test.env.scoreboard called
# NCSU_INFO:Time           2608875000:ncsu_component::nb_put():  of test.env.predictor called
# NCSU_INFO:Time           2626919000:ncsu_component::nb_transport():  of test.env.scoreboard called
# NCSU_INFO:Time           2626919000:ncsu_component::nb_put():  of test.env.predictor called
# wb data received:  46
# NCSU_INFO:Time           2626923000:i2c_monitor::run():  of test.env.i2c_agent.monitor called.
#  Slave address:0x22;
#  RW:1;
#  Data:46
# NCSU_INFO:Time           2626923000:ncsu_component::nb_put():  of test.env.scoreboard called
# NCSU_INFO:Time           2626925000:ncsu_component::nb_transport():  of test.env.scoreboard called
# NCSU_INFO:Time           2626925000:ncsu_component::nb_put():  of test.env.predictor called
# NCSU_INFO:Time           2626931000:ncsu_component::nb_transport():  of test.env.scoreboard called
# NCSU_INFO:Time           2626931000:ncsu_component::nb_put():  of test.env.predictor called
# NCSU_INFO:Time           2628623000:ncsu_component::nb_transport():  of test.env.scoreboard called
# NCSU_INFO:Time           2628623000:ncsu_component::nb_put():  of test.env.predictor called
# NCSU_INFO:Time           2628627000:FINISH: wb_driver::run():  of test.env.wb_agent.driver is called.
# NCSU_INFO:Time           2628627000:START: wb_driver::run():  of test.env.wb_agent.driver is called.
# NCSU_INFO:Time           2628627000:i2c_driver::bl_put():  of test.env.i2c_agent.driver called
# NCSU_INFO:Time           2628629000:ncsu_component::nb_transport():  of test.env.scoreboard called
# NCSU_INFO:Time           2628629000:ncsu_component::nb_put():  of test.env.predictor called
# NCSU_INFO:Time           2628635000:ncsu_component::nb_transport():  of test.env.scoreboard called
# NCSU_INFO:Time           2628635000:ncsu_component::nb_put():  of test.env.predictor called
# NCSU_INFO:Time           2628643000:ncsu_component::nb_transport():  of test.env.scoreboard called
# NCSU_INFO:Time           2628643000:ncsu_component::nb_put():  of test.env.predictor called
# NCSU_INFO:Time           2628651000:ncsu_component::nb_transport():  of test.env.scoreboard called
# NCSU_INFO:Time           2628651000:ncsu_component::nb_put():  of test.env.predictor called
# NCSU_INFO:Time           2628659000:ncsu_component::nb_transport():  of test.env.scoreboard called
# NCSU_INFO:Time           2628659000:ncsu_component::nb_put():  of test.env.predictor called
# NCSU_INFO:Time           2628665000:ncsu_component::nb_transport():  of test.env.scoreboard called
# NCSU_INFO:Time           2628665000:ncsu_component::nb_put():  of test.env.predictor called
# NCSU_INFO:Time           2630541000:ncsu_component::nb_transport():  of test.env.scoreboard called
# NCSU_INFO:Time           2630541000:ncsu_component::nb_put():  of test.env.predictor called
# NCSU_INFO:Time           2630547000:ncsu_component::nb_transport():  of test.env.scoreboard called
# NCSU_INFO:Time           2630547000:ncsu_component::nb_put():  of test.env.predictor called
# NCSU_INFO:Time           2630553000:ncsu_component::nb_transport():  of test.env.scoreboard called
# NCSU_INFO:Time           2630553000:ncsu_component::nb_put():  of test.env.predictor called
# NCSU_INFO:Time           2630561000:ncsu_component::nb_transport():  of test.env.scoreboard called
# NCSU_INFO:Time           2630561000:ncsu_component::nb_put():  of test.env.predictor called
# NCSU_INFO:Time           2648605000:ncsu_component::nb_transport():  of test.env.scoreboard called
# NCSU_INFO:Time           2648605000:ncsu_component::nb_put():  of test.env.predictor called
# wb_data_sent:  82
# NCSU_INFO:Time           2648611000:ncsu_component::nb_transport():  of test.env.scoreboard called
# NCSU_INFO:Time           2648611000:ncsu_component::nb_put():  of test.env.predictor called
# NCSU_INFO:Time           2648619000:ncsu_component::nb_transport():  of test.env.scoreboard called
# NCSU_INFO:Time           2648619000:ncsu_component::nb_put():  of test.env.predictor called
# NCSU_INFO:Time           2666661000:i2c_monitor::run():  of test.env.i2c_agent.monitor called.
#  Slave address:0x22;
#  RW:0;
#  Data:82 0 0 0 0 0 0 0 0 0 0 0 0 0 0 0 0 0 0 0 0 0 0 0 0 0 0 0 0 0 0 0 0 0 0 0 0 0 0 0 0 0 0 0 0 0 0 0 0 0 0 0 0 0 0 0 0 0 0 0 0 0 0 0
# NCSU_INFO:Time           2666661000:ncsu_component::nb_put():  of test.env.scoreboard called
# NCSU_INFO:Time           2666663000:ncsu_component::nb_transport():  of test.env.scoreboard called
# NCSU_INFO:Time           2666663000:ncsu_component::nb_put():  of test.env.predictor called
# NCSU_INFO:Time           2666669000:ncsu_component::nb_transport():  of test.env.scoreboard called
# NCSU_INFO:Time           2666669000:ncsu_component::nb_put():  of test.env.predictor called
# NCSU_INFO:Time           2668361000:ncsu_component::nb_transport():  of test.env.scoreboard called
# NCSU_INFO:Time           2668361000:ncsu_component::nb_put():  of test.env.predictor called
# NCSU_INFO:Time           2668365000:FINISH: wb_driver::run():  of test.env.wb_agent.driver is called.
# NCSU_INFO:Time           2668365000:START: wb_driver::run():  of test.env.wb_agent.driver is called.
# NCSU_INFO:Time           2668365000:i2c_driver::bl_put():  of test.env.i2c_agent.driver called
# NCSU_INFO:Time           2668367000:ncsu_component::nb_transport():  of test.env.scoreboard called
# NCSU_INFO:Time           2668367000:ncsu_component::nb_put():  of test.env.predictor called
# NCSU_INFO:Time           2668373000:ncsu_component::nb_transport():  of test.env.scoreboard called
# NCSU_INFO:Time           2668373000:ncsu_component::nb_put():  of test.env.predictor called
# NCSU_INFO:Time           2668381000:ncsu_component::nb_transport():  of test.env.scoreboard called
# NCSU_INFO:Time           2668381000:ncsu_component::nb_put():  of test.env.predictor called
# NCSU_INFO:Time           2668389000:ncsu_component::nb_transport():  of test.env.scoreboard called
# NCSU_INFO:Time           2668389000:ncsu_component::nb_put():  of test.env.predictor called
# NCSU_INFO:Time           2668397000:ncsu_component::nb_transport():  of test.env.scoreboard called
# NCSU_INFO:Time           2668397000:ncsu_component::nb_put():  of test.env.predictor called
# NCSU_INFO:Time           2668403000:ncsu_component::nb_transport():  of test.env.scoreboard called
# NCSU_INFO:Time           2668403000:ncsu_component::nb_put():  of test.env.predictor called
# NCSU_INFO:Time           2670279000:ncsu_component::nb_transport():  of test.env.scoreboard called
# NCSU_INFO:Time           2670279000:ncsu_component::nb_put():  of test.env.predictor called
# NCSU_INFO:Time           2670285000:ncsu_component::nb_transport():  of test.env.scoreboard called
# NCSU_INFO:Time           2670285000:ncsu_component::nb_put():  of test.env.predictor called
# NCSU_INFO:Time           2670291000:ncsu_component::nb_transport():  of test.env.scoreboard called
# NCSU_INFO:Time           2670291000:ncsu_component::nb_put():  of test.env.predictor called
# NCSU_INFO:Time           2670299000:ncsu_component::nb_transport():  of test.env.scoreboard called
# NCSU_INFO:Time           2670299000:ncsu_component::nb_put():  of test.env.predictor called
# NCSU_INFO:Time           2688343000:ncsu_component::nb_transport():  of test.env.scoreboard called
# NCSU_INFO:Time           2688343000:ncsu_component::nb_put():  of test.env.predictor called
# NCSU_INFO:Time           2688349000:ncsu_component::nb_transport():  of test.env.scoreboard called
# NCSU_INFO:Time           2688349000:ncsu_component::nb_put():  of test.env.predictor called
# NCSU_INFO:Time           2706393000:ncsu_component::nb_transport():  of test.env.scoreboard called
# NCSU_INFO:Time           2706393000:ncsu_component::nb_put():  of test.env.predictor called
# wb data received:  45
# NCSU_INFO:Time           2706397000:i2c_monitor::run():  of test.env.i2c_agent.monitor called.
#  Slave address:0x22;
#  RW:1;
#  Data:45
# NCSU_INFO:Time           2706397000:ncsu_component::nb_put():  of test.env.scoreboard called
# NCSU_INFO:Time           2706399000:ncsu_component::nb_transport():  of test.env.scoreboard called
# NCSU_INFO:Time           2706399000:ncsu_component::nb_put():  of test.env.predictor called
# NCSU_INFO:Time           2706405000:ncsu_component::nb_transport():  of test.env.scoreboard called
# NCSU_INFO:Time           2706405000:ncsu_component::nb_put():  of test.env.predictor called
# NCSU_INFO:Time           2708097000:ncsu_component::nb_transport():  of test.env.scoreboard called
# NCSU_INFO:Time           2708097000:ncsu_component::nb_put():  of test.env.predictor called
# NCSU_INFO:Time           2708101000:FINISH: wb_driver::run():  of test.env.wb_agent.driver is called.
# NCSU_INFO:Time           2708101000:START: wb_driver::run():  of test.env.wb_agent.driver is called.
# NCSU_INFO:Time           2708101000:i2c_driver::bl_put():  of test.env.i2c_agent.driver called
# NCSU_INFO:Time           2708103000:ncsu_component::nb_transport():  of test.env.scoreboard called
# NCSU_INFO:Time           2708103000:ncsu_component::nb_put():  of test.env.predictor called
# NCSU_INFO:Time           2708109000:ncsu_component::nb_transport():  of test.env.scoreboard called
# NCSU_INFO:Time           2708109000:ncsu_component::nb_put():  of test.env.predictor called
# NCSU_INFO:Time           2708117000:ncsu_component::nb_transport():  of test.env.scoreboard called
# NCSU_INFO:Time           2708117000:ncsu_component::nb_put():  of test.env.predictor called
# NCSU_INFO:Time           2708125000:ncsu_component::nb_transport():  of test.env.scoreboard called
# NCSU_INFO:Time           2708125000:ncsu_component::nb_put():  of test.env.predictor called
# NCSU_INFO:Time           2708133000:ncsu_component::nb_transport():  of test.env.scoreboard called
# NCSU_INFO:Time           2708133000:ncsu_component::nb_put():  of test.env.predictor called
# NCSU_INFO:Time           2708139000:ncsu_component::nb_transport():  of test.env.scoreboard called
# NCSU_INFO:Time           2708139000:ncsu_component::nb_put():  of test.env.predictor called
# NCSU_INFO:Time           2710015000:ncsu_component::nb_transport():  of test.env.scoreboard called
# NCSU_INFO:Time           2710015000:ncsu_component::nb_put():  of test.env.predictor called
# NCSU_INFO:Time           2710021000:ncsu_component::nb_transport():  of test.env.scoreboard called
# NCSU_INFO:Time           2710021000:ncsu_component::nb_put():  of test.env.predictor called
# NCSU_INFO:Time           2710027000:ncsu_component::nb_transport():  of test.env.scoreboard called
# NCSU_INFO:Time           2710027000:ncsu_component::nb_put():  of test.env.predictor called
# NCSU_INFO:Time           2710035000:ncsu_component::nb_transport():  of test.env.scoreboard called
# NCSU_INFO:Time           2710035000:ncsu_component::nb_put():  of test.env.predictor called
# NCSU_INFO:Time           2728079000:ncsu_component::nb_transport():  of test.env.scoreboard called
# NCSU_INFO:Time           2728079000:ncsu_component::nb_put():  of test.env.predictor called
# wb_data_sent:  83
# NCSU_INFO:Time           2728085000:ncsu_component::nb_transport():  of test.env.scoreboard called
# NCSU_INFO:Time           2728085000:ncsu_component::nb_put():  of test.env.predictor called
# NCSU_INFO:Time           2728093000:ncsu_component::nb_transport():  of test.env.scoreboard called
# NCSU_INFO:Time           2728093000:ncsu_component::nb_put():  of test.env.predictor called
# NCSU_INFO:Time           2746135000:i2c_monitor::run():  of test.env.i2c_agent.monitor called.
#  Slave address:0x22;
#  RW:0;
#  Data:83 0 0 0 0 0 0 0 0 0 0 0 0 0 0 0 0 0 0 0 0 0 0 0 0 0 0 0 0 0 0 0 0 0 0 0 0 0 0 0 0 0 0 0 0 0 0 0 0 0 0 0 0 0 0 0 0 0 0 0 0 0 0 0
# NCSU_INFO:Time           2746135000:ncsu_component::nb_put():  of test.env.scoreboard called
# NCSU_INFO:Time           2746137000:ncsu_component::nb_transport():  of test.env.scoreboard called
# NCSU_INFO:Time           2746137000:ncsu_component::nb_put():  of test.env.predictor called
# NCSU_INFO:Time           2746143000:ncsu_component::nb_transport():  of test.env.scoreboard called
# NCSU_INFO:Time           2746143000:ncsu_component::nb_put():  of test.env.predictor called
# NCSU_INFO:Time           2747835000:ncsu_component::nb_transport():  of test.env.scoreboard called
# NCSU_INFO:Time           2747835000:ncsu_component::nb_put():  of test.env.predictor called
# NCSU_INFO:Time           2747839000:FINISH: wb_driver::run():  of test.env.wb_agent.driver is called.
# NCSU_INFO:Time           2747839000:START: wb_driver::run():  of test.env.wb_agent.driver is called.
# NCSU_INFO:Time           2747839000:i2c_driver::bl_put():  of test.env.i2c_agent.driver called
# NCSU_INFO:Time           2747841000:ncsu_component::nb_transport():  of test.env.scoreboard called
# NCSU_INFO:Time           2747841000:ncsu_component::nb_put():  of test.env.predictor called
# NCSU_INFO:Time           2747847000:ncsu_component::nb_transport():  of test.env.scoreboard called
# NCSU_INFO:Time           2747847000:ncsu_component::nb_put():  of test.env.predictor called
# NCSU_INFO:Time           2747855000:ncsu_component::nb_transport():  of test.env.scoreboard called
# NCSU_INFO:Time           2747855000:ncsu_component::nb_put():  of test.env.predictor called
# NCSU_INFO:Time           2747863000:ncsu_component::nb_transport():  of test.env.scoreboard called
# NCSU_INFO:Time           2747863000:ncsu_component::nb_put():  of test.env.predictor called
# NCSU_INFO:Time           2747871000:ncsu_component::nb_transport():  of test.env.scoreboard called
# NCSU_INFO:Time           2747871000:ncsu_component::nb_put():  of test.env.predictor called
# NCSU_INFO:Time           2747877000:ncsu_component::nb_transport():  of test.env.scoreboard called
# NCSU_INFO:Time           2747877000:ncsu_component::nb_put():  of test.env.predictor called
# NCSU_INFO:Time           2749753000:ncsu_component::nb_transport():  of test.env.scoreboard called
# NCSU_INFO:Time           2749753000:ncsu_component::nb_put():  of test.env.predictor called
# NCSU_INFO:Time           2749759000:ncsu_component::nb_transport():  of test.env.scoreboard called
# NCSU_INFO:Time           2749759000:ncsu_component::nb_put():  of test.env.predictor called
# NCSU_INFO:Time           2749765000:ncsu_component::nb_transport():  of test.env.scoreboard called
# NCSU_INFO:Time           2749765000:ncsu_component::nb_put():  of test.env.predictor called
# NCSU_INFO:Time           2749773000:ncsu_component::nb_transport():  of test.env.scoreboard called
# NCSU_INFO:Time           2749773000:ncsu_component::nb_put():  of test.env.predictor called
# NCSU_INFO:Time           2767817000:ncsu_component::nb_transport():  of test.env.scoreboard called
# NCSU_INFO:Time           2767817000:ncsu_component::nb_put():  of test.env.predictor called
# NCSU_INFO:Time           2767823000:ncsu_component::nb_transport():  of test.env.scoreboard called
# NCSU_INFO:Time           2767823000:ncsu_component::nb_put():  of test.env.predictor called
# NCSU_INFO:Time           2785867000:ncsu_component::nb_transport():  of test.env.scoreboard called
# NCSU_INFO:Time           2785867000:ncsu_component::nb_put():  of test.env.predictor called
# wb data received:  44
# NCSU_INFO:Time           2785871000:i2c_monitor::run():  of test.env.i2c_agent.monitor called.
#  Slave address:0x22;
#  RW:1;
#  Data:44
# NCSU_INFO:Time           2785871000:ncsu_component::nb_put():  of test.env.scoreboard called
# NCSU_INFO:Time           2785873000:ncsu_component::nb_transport():  of test.env.scoreboard called
# NCSU_INFO:Time           2785873000:ncsu_component::nb_put():  of test.env.predictor called
# NCSU_INFO:Time           2785879000:ncsu_component::nb_transport():  of test.env.scoreboard called
# NCSU_INFO:Time           2785879000:ncsu_component::nb_put():  of test.env.predictor called
# NCSU_INFO:Time           2787571000:ncsu_component::nb_transport():  of test.env.scoreboard called
# NCSU_INFO:Time           2787571000:ncsu_component::nb_put():  of test.env.predictor called
# NCSU_INFO:Time           2787575000:FINISH: wb_driver::run():  of test.env.wb_agent.driver is called.
# NCSU_INFO:Time           2787575000:START: wb_driver::run():  of test.env.wb_agent.driver is called.
# NCSU_INFO:Time           2787575000:i2c_driver::bl_put():  of test.env.i2c_agent.driver called
# NCSU_INFO:Time           2787577000:ncsu_component::nb_transport():  of test.env.scoreboard called
# NCSU_INFO:Time           2787577000:ncsu_component::nb_put():  of test.env.predictor called
# NCSU_INFO:Time           2787583000:ncsu_component::nb_transport():  of test.env.scoreboard called
# NCSU_INFO:Time           2787583000:ncsu_component::nb_put():  of test.env.predictor called
# NCSU_INFO:Time           2787591000:ncsu_component::nb_transport():  of test.env.scoreboard called
# NCSU_INFO:Time           2787591000:ncsu_component::nb_put():  of test.env.predictor called
# NCSU_INFO:Time           2787599000:ncsu_component::nb_transport():  of test.env.scoreboard called
# NCSU_INFO:Time           2787599000:ncsu_component::nb_put():  of test.env.predictor called
# NCSU_INFO:Time           2787607000:ncsu_component::nb_transport():  of test.env.scoreboard called
# NCSU_INFO:Time           2787607000:ncsu_component::nb_put():  of test.env.predictor called
# NCSU_INFO:Time           2787613000:ncsu_component::nb_transport():  of test.env.scoreboard called
# NCSU_INFO:Time           2787613000:ncsu_component::nb_put():  of test.env.predictor called
# NCSU_INFO:Time           2789489000:ncsu_component::nb_transport():  of test.env.scoreboard called
# NCSU_INFO:Time           2789489000:ncsu_component::nb_put():  of test.env.predictor called
# NCSU_INFO:Time           2789495000:ncsu_component::nb_transport():  of test.env.scoreboard called
# NCSU_INFO:Time           2789495000:ncsu_component::nb_put():  of test.env.predictor called
# NCSU_INFO:Time           2789501000:ncsu_component::nb_transport():  of test.env.scoreboard called
# NCSU_INFO:Time           2789501000:ncsu_component::nb_put():  of test.env.predictor called
# NCSU_INFO:Time           2789509000:ncsu_component::nb_transport():  of test.env.scoreboard called
# NCSU_INFO:Time           2789509000:ncsu_component::nb_put():  of test.env.predictor called
# NCSU_INFO:Time           2807553000:ncsu_component::nb_transport():  of test.env.scoreboard called
# NCSU_INFO:Time           2807553000:ncsu_component::nb_put():  of test.env.predictor called
# wb_data_sent:  84
# NCSU_INFO:Time           2807559000:ncsu_component::nb_transport():  of test.env.scoreboard called
# NCSU_INFO:Time           2807559000:ncsu_component::nb_put():  of test.env.predictor called
# NCSU_INFO:Time           2807567000:ncsu_component::nb_transport():  of test.env.scoreboard called
# NCSU_INFO:Time           2807567000:ncsu_component::nb_put():  of test.env.predictor called
# NCSU_INFO:Time           2825609000:i2c_monitor::run():  of test.env.i2c_agent.monitor called.
#  Slave address:0x22;
#  RW:0;
#  Data:84 0 0 0 0 0 0 0 0 0 0 0 0 0 0 0 0 0 0 0 0 0 0 0 0 0 0 0 0 0 0 0 0 0 0 0 0 0 0 0 0 0 0 0 0 0 0 0 0 0 0 0 0 0 0 0 0 0 0 0 0 0 0 0
# NCSU_INFO:Time           2825609000:ncsu_component::nb_put():  of test.env.scoreboard called
# NCSU_INFO:Time           2825611000:ncsu_component::nb_transport():  of test.env.scoreboard called
# NCSU_INFO:Time           2825611000:ncsu_component::nb_put():  of test.env.predictor called
# NCSU_INFO:Time           2825617000:ncsu_component::nb_transport():  of test.env.scoreboard called
# NCSU_INFO:Time           2825617000:ncsu_component::nb_put():  of test.env.predictor called
# NCSU_INFO:Time           2827309000:ncsu_component::nb_transport():  of test.env.scoreboard called
# NCSU_INFO:Time           2827309000:ncsu_component::nb_put():  of test.env.predictor called
# NCSU_INFO:Time           2827313000:FINISH: wb_driver::run():  of test.env.wb_agent.driver is called.
# NCSU_INFO:Time           2827313000:START: wb_driver::run():  of test.env.wb_agent.driver is called.
# NCSU_INFO:Time           2827313000:i2c_driver::bl_put():  of test.env.i2c_agent.driver called
# NCSU_INFO:Time           2827315000:ncsu_component::nb_transport():  of test.env.scoreboard called
# NCSU_INFO:Time           2827315000:ncsu_component::nb_put():  of test.env.predictor called
# NCSU_INFO:Time           2827321000:ncsu_component::nb_transport():  of test.env.scoreboard called
# NCSU_INFO:Time           2827321000:ncsu_component::nb_put():  of test.env.predictor called
# NCSU_INFO:Time           2827329000:ncsu_component::nb_transport():  of test.env.scoreboard called
# NCSU_INFO:Time           2827329000:ncsu_component::nb_put():  of test.env.predictor called
# NCSU_INFO:Time           2827337000:ncsu_component::nb_transport():  of test.env.scoreboard called
# NCSU_INFO:Time           2827337000:ncsu_component::nb_put():  of test.env.predictor called
# NCSU_INFO:Time           2827345000:ncsu_component::nb_transport():  of test.env.scoreboard called
# NCSU_INFO:Time           2827345000:ncsu_component::nb_put():  of test.env.predictor called
# NCSU_INFO:Time           2827351000:ncsu_component::nb_transport():  of test.env.scoreboard called
# NCSU_INFO:Time           2827351000:ncsu_component::nb_put():  of test.env.predictor called
# NCSU_INFO:Time           2829227000:ncsu_component::nb_transport():  of test.env.scoreboard called
# NCSU_INFO:Time           2829227000:ncsu_component::nb_put():  of test.env.predictor called
# NCSU_INFO:Time           2829233000:ncsu_component::nb_transport():  of test.env.scoreboard called
# NCSU_INFO:Time           2829233000:ncsu_component::nb_put():  of test.env.predictor called
# NCSU_INFO:Time           2829239000:ncsu_component::nb_transport():  of test.env.scoreboard called
# NCSU_INFO:Time           2829239000:ncsu_component::nb_put():  of test.env.predictor called
# NCSU_INFO:Time           2829247000:ncsu_component::nb_transport():  of test.env.scoreboard called
# NCSU_INFO:Time           2829247000:ncsu_component::nb_put():  of test.env.predictor called
# NCSU_INFO:Time           2847291000:ncsu_component::nb_transport():  of test.env.scoreboard called
# NCSU_INFO:Time           2847291000:ncsu_component::nb_put():  of test.env.predictor called
# NCSU_INFO:Time           2847297000:ncsu_component::nb_transport():  of test.env.scoreboard called
# NCSU_INFO:Time           2847297000:ncsu_component::nb_put():  of test.env.predictor called
# NCSU_INFO:Time           2865341000:ncsu_component::nb_transport():  of test.env.scoreboard called
# NCSU_INFO:Time           2865341000:ncsu_component::nb_put():  of test.env.predictor called
# wb data received:  43
# NCSU_INFO:Time           2865345000:i2c_monitor::run():  of test.env.i2c_agent.monitor called.
#  Slave address:0x22;
#  RW:1;
#  Data:43
# NCSU_INFO:Time           2865345000:ncsu_component::nb_put():  of test.env.scoreboard called
# NCSU_INFO:Time           2865347000:ncsu_component::nb_transport():  of test.env.scoreboard called
# NCSU_INFO:Time           2865347000:ncsu_component::nb_put():  of test.env.predictor called
# NCSU_INFO:Time           2865353000:ncsu_component::nb_transport():  of test.env.scoreboard called
# NCSU_INFO:Time           2865353000:ncsu_component::nb_put():  of test.env.predictor called
# NCSU_INFO:Time           2867045000:ncsu_component::nb_transport():  of test.env.scoreboard called
# NCSU_INFO:Time           2867045000:ncsu_component::nb_put():  of test.env.predictor called
# NCSU_INFO:Time           2867049000:FINISH: wb_driver::run():  of test.env.wb_agent.driver is called.
# NCSU_INFO:Time           2867049000:START: wb_driver::run():  of test.env.wb_agent.driver is called.
# NCSU_INFO:Time           2867049000:i2c_driver::bl_put():  of test.env.i2c_agent.driver called
# NCSU_INFO:Time           2867051000:ncsu_component::nb_transport():  of test.env.scoreboard called
# NCSU_INFO:Time           2867051000:ncsu_component::nb_put():  of test.env.predictor called
# NCSU_INFO:Time           2867057000:ncsu_component::nb_transport():  of test.env.scoreboard called
# NCSU_INFO:Time           2867057000:ncsu_component::nb_put():  of test.env.predictor called
# NCSU_INFO:Time           2867065000:ncsu_component::nb_transport():  of test.env.scoreboard called
# NCSU_INFO:Time           2867065000:ncsu_component::nb_put():  of test.env.predictor called
# NCSU_INFO:Time           2867073000:ncsu_component::nb_transport():  of test.env.scoreboard called
# NCSU_INFO:Time           2867073000:ncsu_component::nb_put():  of test.env.predictor called
# NCSU_INFO:Time           2867081000:ncsu_component::nb_transport():  of test.env.scoreboard called
# NCSU_INFO:Time           2867081000:ncsu_component::nb_put():  of test.env.predictor called
# NCSU_INFO:Time           2867087000:ncsu_component::nb_transport():  of test.env.scoreboard called
# NCSU_INFO:Time           2867087000:ncsu_component::nb_put():  of test.env.predictor called
# NCSU_INFO:Time           2868963000:ncsu_component::nb_transport():  of test.env.scoreboard called
# NCSU_INFO:Time           2868963000:ncsu_component::nb_put():  of test.env.predictor called
# NCSU_INFO:Time           2868969000:ncsu_component::nb_transport():  of test.env.scoreboard called
# NCSU_INFO:Time           2868969000:ncsu_component::nb_put():  of test.env.predictor called
# NCSU_INFO:Time           2868975000:ncsu_component::nb_transport():  of test.env.scoreboard called
# NCSU_INFO:Time           2868975000:ncsu_component::nb_put():  of test.env.predictor called
# NCSU_INFO:Time           2868983000:ncsu_component::nb_transport():  of test.env.scoreboard called
# NCSU_INFO:Time           2868983000:ncsu_component::nb_put():  of test.env.predictor called
# NCSU_INFO:Time           2887027000:ncsu_component::nb_transport():  of test.env.scoreboard called
# NCSU_INFO:Time           2887027000:ncsu_component::nb_put():  of test.env.predictor called
# wb_data_sent:  85
# NCSU_INFO:Time           2887033000:ncsu_component::nb_transport():  of test.env.scoreboard called
# NCSU_INFO:Time           2887033000:ncsu_component::nb_put():  of test.env.predictor called
# NCSU_INFO:Time           2887041000:ncsu_component::nb_transport():  of test.env.scoreboard called
# NCSU_INFO:Time           2887041000:ncsu_component::nb_put():  of test.env.predictor called
# NCSU_INFO:Time           2905083000:i2c_monitor::run():  of test.env.i2c_agent.monitor called.
#  Slave address:0x22;
#  RW:0;
#  Data:85 0 0 0 0 0 0 0 0 0 0 0 0 0 0 0 0 0 0 0 0 0 0 0 0 0 0 0 0 0 0 0 0 0 0 0 0 0 0 0 0 0 0 0 0 0 0 0 0 0 0 0 0 0 0 0 0 0 0 0 0 0 0 0
# NCSU_INFO:Time           2905083000:ncsu_component::nb_put():  of test.env.scoreboard called
# NCSU_INFO:Time           2905085000:ncsu_component::nb_transport():  of test.env.scoreboard called
# NCSU_INFO:Time           2905085000:ncsu_component::nb_put():  of test.env.predictor called
# NCSU_INFO:Time           2905091000:ncsu_component::nb_transport():  of test.env.scoreboard called
# NCSU_INFO:Time           2905091000:ncsu_component::nb_put():  of test.env.predictor called
# NCSU_INFO:Time           2906783000:ncsu_component::nb_transport():  of test.env.scoreboard called
# NCSU_INFO:Time           2906783000:ncsu_component::nb_put():  of test.env.predictor called
# NCSU_INFO:Time           2906787000:FINISH: wb_driver::run():  of test.env.wb_agent.driver is called.
# NCSU_INFO:Time           2906787000:START: wb_driver::run():  of test.env.wb_agent.driver is called.
# NCSU_INFO:Time           2906787000:i2c_driver::bl_put():  of test.env.i2c_agent.driver called
# NCSU_INFO:Time           2906789000:ncsu_component::nb_transport():  of test.env.scoreboard called
# NCSU_INFO:Time           2906789000:ncsu_component::nb_put():  of test.env.predictor called
# NCSU_INFO:Time           2906795000:ncsu_component::nb_transport():  of test.env.scoreboard called
# NCSU_INFO:Time           2906795000:ncsu_component::nb_put():  of test.env.predictor called
# NCSU_INFO:Time           2906803000:ncsu_component::nb_transport():  of test.env.scoreboard called
# NCSU_INFO:Time           2906803000:ncsu_component::nb_put():  of test.env.predictor called
# NCSU_INFO:Time           2906811000:ncsu_component::nb_transport():  of test.env.scoreboard called
# NCSU_INFO:Time           2906811000:ncsu_component::nb_put():  of test.env.predictor called
# NCSU_INFO:Time           2906819000:ncsu_component::nb_transport():  of test.env.scoreboard called
# NCSU_INFO:Time           2906819000:ncsu_component::nb_put():  of test.env.predictor called
# NCSU_INFO:Time           2906825000:ncsu_component::nb_transport():  of test.env.scoreboard called
# NCSU_INFO:Time           2906825000:ncsu_component::nb_put():  of test.env.predictor called
# NCSU_INFO:Time           2908701000:ncsu_component::nb_transport():  of test.env.scoreboard called
# NCSU_INFO:Time           2908701000:ncsu_component::nb_put():  of test.env.predictor called
# NCSU_INFO:Time           2908707000:ncsu_component::nb_transport():  of test.env.scoreboard called
# NCSU_INFO:Time           2908707000:ncsu_component::nb_put():  of test.env.predictor called
# NCSU_INFO:Time           2908713000:ncsu_component::nb_transport():  of test.env.scoreboard called
# NCSU_INFO:Time           2908713000:ncsu_component::nb_put():  of test.env.predictor called
# NCSU_INFO:Time           2908721000:ncsu_component::nb_transport():  of test.env.scoreboard called
# NCSU_INFO:Time           2908721000:ncsu_component::nb_put():  of test.env.predictor called
# NCSU_INFO:Time           2926765000:ncsu_component::nb_transport():  of test.env.scoreboard called
# NCSU_INFO:Time           2926765000:ncsu_component::nb_put():  of test.env.predictor called
# NCSU_INFO:Time           2926771000:ncsu_component::nb_transport():  of test.env.scoreboard called
# NCSU_INFO:Time           2926771000:ncsu_component::nb_put():  of test.env.predictor called
# NCSU_INFO:Time           2944815000:ncsu_component::nb_transport():  of test.env.scoreboard called
# NCSU_INFO:Time           2944815000:ncsu_component::nb_put():  of test.env.predictor called
# wb data received:  42
# NCSU_INFO:Time           2944819000:i2c_monitor::run():  of test.env.i2c_agent.monitor called.
#  Slave address:0x22;
#  RW:1;
#  Data:42
# NCSU_INFO:Time           2944819000:ncsu_component::nb_put():  of test.env.scoreboard called
# NCSU_INFO:Time           2944821000:ncsu_component::nb_transport():  of test.env.scoreboard called
# NCSU_INFO:Time           2944821000:ncsu_component::nb_put():  of test.env.predictor called
# NCSU_INFO:Time           2944827000:ncsu_component::nb_transport():  of test.env.scoreboard called
# NCSU_INFO:Time           2944827000:ncsu_component::nb_put():  of test.env.predictor called
# NCSU_INFO:Time           2946519000:ncsu_component::nb_transport():  of test.env.scoreboard called
# NCSU_INFO:Time           2946519000:ncsu_component::nb_put():  of test.env.predictor called
# NCSU_INFO:Time           2946523000:FINISH: wb_driver::run():  of test.env.wb_agent.driver is called.
# NCSU_INFO:Time           2946523000:START: wb_driver::run():  of test.env.wb_agent.driver is called.
# NCSU_INFO:Time           2946523000:i2c_driver::bl_put():  of test.env.i2c_agent.driver called
# NCSU_INFO:Time           2946525000:ncsu_component::nb_transport():  of test.env.scoreboard called
# NCSU_INFO:Time           2946525000:ncsu_component::nb_put():  of test.env.predictor called
# NCSU_INFO:Time           2946531000:ncsu_component::nb_transport():  of test.env.scoreboard called
# NCSU_INFO:Time           2946531000:ncsu_component::nb_put():  of test.env.predictor called
# NCSU_INFO:Time           2946539000:ncsu_component::nb_transport():  of test.env.scoreboard called
# NCSU_INFO:Time           2946539000:ncsu_component::nb_put():  of test.env.predictor called
# NCSU_INFO:Time           2946547000:ncsu_component::nb_transport():  of test.env.scoreboard called
# NCSU_INFO:Time           2946547000:ncsu_component::nb_put():  of test.env.predictor called
# NCSU_INFO:Time           2946555000:ncsu_component::nb_transport():  of test.env.scoreboard called
# NCSU_INFO:Time           2946555000:ncsu_component::nb_put():  of test.env.predictor called
# NCSU_INFO:Time           2946561000:ncsu_component::nb_transport():  of test.env.scoreboard called
# NCSU_INFO:Time           2946561000:ncsu_component::nb_put():  of test.env.predictor called
# NCSU_INFO:Time           2948437000:ncsu_component::nb_transport():  of test.env.scoreboard called
# NCSU_INFO:Time           2948437000:ncsu_component::nb_put():  of test.env.predictor called
# NCSU_INFO:Time           2948443000:ncsu_component::nb_transport():  of test.env.scoreboard called
# NCSU_INFO:Time           2948443000:ncsu_component::nb_put():  of test.env.predictor called
# NCSU_INFO:Time           2948449000:ncsu_component::nb_transport():  of test.env.scoreboard called
# NCSU_INFO:Time           2948449000:ncsu_component::nb_put():  of test.env.predictor called
# NCSU_INFO:Time           2948457000:ncsu_component::nb_transport():  of test.env.scoreboard called
# NCSU_INFO:Time           2948457000:ncsu_component::nb_put():  of test.env.predictor called
# NCSU_INFO:Time           2966501000:ncsu_component::nb_transport():  of test.env.scoreboard called
# NCSU_INFO:Time           2966501000:ncsu_component::nb_put():  of test.env.predictor called
# wb_data_sent:  86
# NCSU_INFO:Time           2966507000:ncsu_component::nb_transport():  of test.env.scoreboard called
# NCSU_INFO:Time           2966507000:ncsu_component::nb_put():  of test.env.predictor called
# NCSU_INFO:Time           2966515000:ncsu_component::nb_transport():  of test.env.scoreboard called
# NCSU_INFO:Time           2966515000:ncsu_component::nb_put():  of test.env.predictor called
# NCSU_INFO:Time           2984557000:i2c_monitor::run():  of test.env.i2c_agent.monitor called.
#  Slave address:0x22;
#  RW:0;
#  Data:86 0 0 0 0 0 0 0 0 0 0 0 0 0 0 0 0 0 0 0 0 0 0 0 0 0 0 0 0 0 0 0 0 0 0 0 0 0 0 0 0 0 0 0 0 0 0 0 0 0 0 0 0 0 0 0 0 0 0 0 0 0 0 0
# NCSU_INFO:Time           2984557000:ncsu_component::nb_put():  of test.env.scoreboard called
# NCSU_INFO:Time           2984559000:ncsu_component::nb_transport():  of test.env.scoreboard called
# NCSU_INFO:Time           2984559000:ncsu_component::nb_put():  of test.env.predictor called
# NCSU_INFO:Time           2984565000:ncsu_component::nb_transport():  of test.env.scoreboard called
# NCSU_INFO:Time           2984565000:ncsu_component::nb_put():  of test.env.predictor called
# NCSU_INFO:Time           2986257000:ncsu_component::nb_transport():  of test.env.scoreboard called
# NCSU_INFO:Time           2986257000:ncsu_component::nb_put():  of test.env.predictor called
# NCSU_INFO:Time           2986261000:FINISH: wb_driver::run():  of test.env.wb_agent.driver is called.
# NCSU_INFO:Time           2986261000:START: wb_driver::run():  of test.env.wb_agent.driver is called.
# NCSU_INFO:Time           2986261000:i2c_driver::bl_put():  of test.env.i2c_agent.driver called
# NCSU_INFO:Time           2986263000:ncsu_component::nb_transport():  of test.env.scoreboard called
# NCSU_INFO:Time           2986263000:ncsu_component::nb_put():  of test.env.predictor called
# NCSU_INFO:Time           2986269000:ncsu_component::nb_transport():  of test.env.scoreboard called
# NCSU_INFO:Time           2986269000:ncsu_component::nb_put():  of test.env.predictor called
# NCSU_INFO:Time           2986277000:ncsu_component::nb_transport():  of test.env.scoreboard called
# NCSU_INFO:Time           2986277000:ncsu_component::nb_put():  of test.env.predictor called
# NCSU_INFO:Time           2986285000:ncsu_component::nb_transport():  of test.env.scoreboard called
# NCSU_INFO:Time           2986285000:ncsu_component::nb_put():  of test.env.predictor called
# NCSU_INFO:Time           2986293000:ncsu_component::nb_transport():  of test.env.scoreboard called
# NCSU_INFO:Time           2986293000:ncsu_component::nb_put():  of test.env.predictor called
# NCSU_INFO:Time           2986299000:ncsu_component::nb_transport():  of test.env.scoreboard called
# NCSU_INFO:Time           2986299000:ncsu_component::nb_put():  of test.env.predictor called
# NCSU_INFO:Time           2988175000:ncsu_component::nb_transport():  of test.env.scoreboard called
# NCSU_INFO:Time           2988175000:ncsu_component::nb_put():  of test.env.predictor called
# NCSU_INFO:Time           2988181000:ncsu_component::nb_transport():  of test.env.scoreboard called
# NCSU_INFO:Time           2988181000:ncsu_component::nb_put():  of test.env.predictor called
# NCSU_INFO:Time           2988187000:ncsu_component::nb_transport():  of test.env.scoreboard called
# NCSU_INFO:Time           2988187000:ncsu_component::nb_put():  of test.env.predictor called
# NCSU_INFO:Time           2988195000:ncsu_component::nb_transport():  of test.env.scoreboard called
# NCSU_INFO:Time           2988195000:ncsu_component::nb_put():  of test.env.predictor called
# NCSU_INFO:Time           3006239000:ncsu_component::nb_transport():  of test.env.scoreboard called
# NCSU_INFO:Time           3006239000:ncsu_component::nb_put():  of test.env.predictor called
# NCSU_INFO:Time           3006245000:ncsu_component::nb_transport():  of test.env.scoreboard called
# NCSU_INFO:Time           3006245000:ncsu_component::nb_put():  of test.env.predictor called
# NCSU_INFO:Time           3024289000:ncsu_component::nb_transport():  of test.env.scoreboard called
# NCSU_INFO:Time           3024289000:ncsu_component::nb_put():  of test.env.predictor called
# wb data received:  41
# NCSU_INFO:Time           3024293000:i2c_monitor::run():  of test.env.i2c_agent.monitor called.
#  Slave address:0x22;
#  RW:1;
#  Data:41
# NCSU_INFO:Time           3024293000:ncsu_component::nb_put():  of test.env.scoreboard called
# NCSU_INFO:Time           3024295000:ncsu_component::nb_transport():  of test.env.scoreboard called
# NCSU_INFO:Time           3024295000:ncsu_component::nb_put():  of test.env.predictor called
# NCSU_INFO:Time           3024301000:ncsu_component::nb_transport():  of test.env.scoreboard called
# NCSU_INFO:Time           3024301000:ncsu_component::nb_put():  of test.env.predictor called
# NCSU_INFO:Time           3025993000:ncsu_component::nb_transport():  of test.env.scoreboard called
# NCSU_INFO:Time           3025993000:ncsu_component::nb_put():  of test.env.predictor called
# NCSU_INFO:Time           3025997000:FINISH: wb_driver::run():  of test.env.wb_agent.driver is called.
# NCSU_INFO:Time           3025997000:START: wb_driver::run():  of test.env.wb_agent.driver is called.
# NCSU_INFO:Time           3025997000:i2c_driver::bl_put():  of test.env.i2c_agent.driver called
# NCSU_INFO:Time           3025999000:ncsu_component::nb_transport():  of test.env.scoreboard called
# NCSU_INFO:Time           3025999000:ncsu_component::nb_put():  of test.env.predictor called
# NCSU_INFO:Time           3026005000:ncsu_component::nb_transport():  of test.env.scoreboard called
# NCSU_INFO:Time           3026005000:ncsu_component::nb_put():  of test.env.predictor called
# NCSU_INFO:Time           3026013000:ncsu_component::nb_transport():  of test.env.scoreboard called
# NCSU_INFO:Time           3026013000:ncsu_component::nb_put():  of test.env.predictor called
# NCSU_INFO:Time           3026021000:ncsu_component::nb_transport():  of test.env.scoreboard called
# NCSU_INFO:Time           3026021000:ncsu_component::nb_put():  of test.env.predictor called
# NCSU_INFO:Time           3026029000:ncsu_component::nb_transport():  of test.env.scoreboard called
# NCSU_INFO:Time           3026029000:ncsu_component::nb_put():  of test.env.predictor called
# NCSU_INFO:Time           3026035000:ncsu_component::nb_transport():  of test.env.scoreboard called
# NCSU_INFO:Time           3026035000:ncsu_component::nb_put():  of test.env.predictor called
# NCSU_INFO:Time           3027911000:ncsu_component::nb_transport():  of test.env.scoreboard called
# NCSU_INFO:Time           3027911000:ncsu_component::nb_put():  of test.env.predictor called
# NCSU_INFO:Time           3027917000:ncsu_component::nb_transport():  of test.env.scoreboard called
# NCSU_INFO:Time           3027917000:ncsu_component::nb_put():  of test.env.predictor called
# NCSU_INFO:Time           3027923000:ncsu_component::nb_transport():  of test.env.scoreboard called
# NCSU_INFO:Time           3027923000:ncsu_component::nb_put():  of test.env.predictor called
# NCSU_INFO:Time           3027931000:ncsu_component::nb_transport():  of test.env.scoreboard called
# NCSU_INFO:Time           3027931000:ncsu_component::nb_put():  of test.env.predictor called
# NCSU_INFO:Time           3045975000:ncsu_component::nb_transport():  of test.env.scoreboard called
# NCSU_INFO:Time           3045975000:ncsu_component::nb_put():  of test.env.predictor called
# wb_data_sent:  87
# NCSU_INFO:Time           3045981000:ncsu_component::nb_transport():  of test.env.scoreboard called
# NCSU_INFO:Time           3045981000:ncsu_component::nb_put():  of test.env.predictor called
# NCSU_INFO:Time           3045989000:ncsu_component::nb_transport():  of test.env.scoreboard called
# NCSU_INFO:Time           3045989000:ncsu_component::nb_put():  of test.env.predictor called
# NCSU_INFO:Time           3064031000:i2c_monitor::run():  of test.env.i2c_agent.monitor called.
#  Slave address:0x22;
#  RW:0;
#  Data:87 0 0 0 0 0 0 0 0 0 0 0 0 0 0 0 0 0 0 0 0 0 0 0 0 0 0 0 0 0 0 0 0 0 0 0 0 0 0 0 0 0 0 0 0 0 0 0 0 0 0 0 0 0 0 0 0 0 0 0 0 0 0 0
# NCSU_INFO:Time           3064031000:ncsu_component::nb_put():  of test.env.scoreboard called
# NCSU_INFO:Time           3064033000:ncsu_component::nb_transport():  of test.env.scoreboard called
# NCSU_INFO:Time           3064033000:ncsu_component::nb_put():  of test.env.predictor called
# NCSU_INFO:Time           3064039000:ncsu_component::nb_transport():  of test.env.scoreboard called
# NCSU_INFO:Time           3064039000:ncsu_component::nb_put():  of test.env.predictor called
# NCSU_INFO:Time           3065731000:ncsu_component::nb_transport():  of test.env.scoreboard called
# NCSU_INFO:Time           3065731000:ncsu_component::nb_put():  of test.env.predictor called
# NCSU_INFO:Time           3065735000:FINISH: wb_driver::run():  of test.env.wb_agent.driver is called.
# NCSU_INFO:Time           3065735000:START: wb_driver::run():  of test.env.wb_agent.driver is called.
# NCSU_INFO:Time           3065735000:i2c_driver::bl_put():  of test.env.i2c_agent.driver called
# NCSU_INFO:Time           3065737000:ncsu_component::nb_transport():  of test.env.scoreboard called
# NCSU_INFO:Time           3065737000:ncsu_component::nb_put():  of test.env.predictor called
# NCSU_INFO:Time           3065743000:ncsu_component::nb_transport():  of test.env.scoreboard called
# NCSU_INFO:Time           3065743000:ncsu_component::nb_put():  of test.env.predictor called
# NCSU_INFO:Time           3065751000:ncsu_component::nb_transport():  of test.env.scoreboard called
# NCSU_INFO:Time           3065751000:ncsu_component::nb_put():  of test.env.predictor called
# NCSU_INFO:Time           3065759000:ncsu_component::nb_transport():  of test.env.scoreboard called
# NCSU_INFO:Time           3065759000:ncsu_component::nb_put():  of test.env.predictor called
# NCSU_INFO:Time           3065767000:ncsu_component::nb_transport():  of test.env.scoreboard called
# NCSU_INFO:Time           3065767000:ncsu_component::nb_put():  of test.env.predictor called
# NCSU_INFO:Time           3065773000:ncsu_component::nb_transport():  of test.env.scoreboard called
# NCSU_INFO:Time           3065773000:ncsu_component::nb_put():  of test.env.predictor called
# NCSU_INFO:Time           3067649000:ncsu_component::nb_transport():  of test.env.scoreboard called
# NCSU_INFO:Time           3067649000:ncsu_component::nb_put():  of test.env.predictor called
# NCSU_INFO:Time           3067655000:ncsu_component::nb_transport():  of test.env.scoreboard called
# NCSU_INFO:Time           3067655000:ncsu_component::nb_put():  of test.env.predictor called
# NCSU_INFO:Time           3067661000:ncsu_component::nb_transport():  of test.env.scoreboard called
# NCSU_INFO:Time           3067661000:ncsu_component::nb_put():  of test.env.predictor called
# NCSU_INFO:Time           3067669000:ncsu_component::nb_transport():  of test.env.scoreboard called
# NCSU_INFO:Time           3067669000:ncsu_component::nb_put():  of test.env.predictor called
# NCSU_INFO:Time           3085713000:ncsu_component::nb_transport():  of test.env.scoreboard called
# NCSU_INFO:Time           3085713000:ncsu_component::nb_put():  of test.env.predictor called
# NCSU_INFO:Time           3085719000:ncsu_component::nb_transport():  of test.env.scoreboard called
# NCSU_INFO:Time           3085719000:ncsu_component::nb_put():  of test.env.predictor called
# NCSU_INFO:Time           3103763000:ncsu_component::nb_transport():  of test.env.scoreboard called
# NCSU_INFO:Time           3103763000:ncsu_component::nb_put():  of test.env.predictor called
# wb data received:  40
# NCSU_INFO:Time           3103767000:i2c_monitor::run():  of test.env.i2c_agent.monitor called.
#  Slave address:0x22;
#  RW:1;
#  Data:40
# NCSU_INFO:Time           3103767000:ncsu_component::nb_put():  of test.env.scoreboard called
# NCSU_INFO:Time           3103769000:ncsu_component::nb_transport():  of test.env.scoreboard called
# NCSU_INFO:Time           3103769000:ncsu_component::nb_put():  of test.env.predictor called
# NCSU_INFO:Time           3103775000:ncsu_component::nb_transport():  of test.env.scoreboard called
# NCSU_INFO:Time           3103775000:ncsu_component::nb_put():  of test.env.predictor called
# NCSU_INFO:Time           3105467000:ncsu_component::nb_transport():  of test.env.scoreboard called
# NCSU_INFO:Time           3105467000:ncsu_component::nb_put():  of test.env.predictor called
# NCSU_INFO:Time           3105471000:FINISH: wb_driver::run():  of test.env.wb_agent.driver is called.
# NCSU_INFO:Time           3105471000:START: wb_driver::run():  of test.env.wb_agent.driver is called.
# NCSU_INFO:Time           3105471000:i2c_driver::bl_put():  of test.env.i2c_agent.driver called
# NCSU_INFO:Time           3105473000:ncsu_component::nb_transport():  of test.env.scoreboard called
# NCSU_INFO:Time           3105473000:ncsu_component::nb_put():  of test.env.predictor called
# NCSU_INFO:Time           3105479000:ncsu_component::nb_transport():  of test.env.scoreboard called
# NCSU_INFO:Time           3105479000:ncsu_component::nb_put():  of test.env.predictor called
# NCSU_INFO:Time           3105487000:ncsu_component::nb_transport():  of test.env.scoreboard called
# NCSU_INFO:Time           3105487000:ncsu_component::nb_put():  of test.env.predictor called
# NCSU_INFO:Time           3105495000:ncsu_component::nb_transport():  of test.env.scoreboard called
# NCSU_INFO:Time           3105495000:ncsu_component::nb_put():  of test.env.predictor called
# NCSU_INFO:Time           3105503000:ncsu_component::nb_transport():  of test.env.scoreboard called
# NCSU_INFO:Time           3105503000:ncsu_component::nb_put():  of test.env.predictor called
# NCSU_INFO:Time           3105509000:ncsu_component::nb_transport():  of test.env.scoreboard called
# NCSU_INFO:Time           3105509000:ncsu_component::nb_put():  of test.env.predictor called
# NCSU_INFO:Time           3107385000:ncsu_component::nb_transport():  of test.env.scoreboard called
# NCSU_INFO:Time           3107385000:ncsu_component::nb_put():  of test.env.predictor called
# NCSU_INFO:Time           3107391000:ncsu_component::nb_transport():  of test.env.scoreboard called
# NCSU_INFO:Time           3107391000:ncsu_component::nb_put():  of test.env.predictor called
# NCSU_INFO:Time           3107397000:ncsu_component::nb_transport():  of test.env.scoreboard called
# NCSU_INFO:Time           3107397000:ncsu_component::nb_put():  of test.env.predictor called
# NCSU_INFO:Time           3107405000:ncsu_component::nb_transport():  of test.env.scoreboard called
# NCSU_INFO:Time           3107405000:ncsu_component::nb_put():  of test.env.predictor called
# NCSU_INFO:Time           3125449000:ncsu_component::nb_transport():  of test.env.scoreboard called
# NCSU_INFO:Time           3125449000:ncsu_component::nb_put():  of test.env.predictor called
# wb_data_sent:  88
# NCSU_INFO:Time           3125455000:ncsu_component::nb_transport():  of test.env.scoreboard called
# NCSU_INFO:Time           3125455000:ncsu_component::nb_put():  of test.env.predictor called
# NCSU_INFO:Time           3125463000:ncsu_component::nb_transport():  of test.env.scoreboard called
# NCSU_INFO:Time           3125463000:ncsu_component::nb_put():  of test.env.predictor called
# NCSU_INFO:Time           3143505000:i2c_monitor::run():  of test.env.i2c_agent.monitor called.
#  Slave address:0x22;
#  RW:0;
#  Data:88 0 0 0 0 0 0 0 0 0 0 0 0 0 0 0 0 0 0 0 0 0 0 0 0 0 0 0 0 0 0 0 0 0 0 0 0 0 0 0 0 0 0 0 0 0 0 0 0 0 0 0 0 0 0 0 0 0 0 0 0 0 0 0
# NCSU_INFO:Time           3143505000:ncsu_component::nb_put():  of test.env.scoreboard called
# NCSU_INFO:Time           3143507000:ncsu_component::nb_transport():  of test.env.scoreboard called
# NCSU_INFO:Time           3143507000:ncsu_component::nb_put():  of test.env.predictor called
# NCSU_INFO:Time           3143513000:ncsu_component::nb_transport():  of test.env.scoreboard called
# NCSU_INFO:Time           3143513000:ncsu_component::nb_put():  of test.env.predictor called
# NCSU_INFO:Time           3145205000:ncsu_component::nb_transport():  of test.env.scoreboard called
# NCSU_INFO:Time           3145205000:ncsu_component::nb_put():  of test.env.predictor called
# NCSU_INFO:Time           3145209000:FINISH: wb_driver::run():  of test.env.wb_agent.driver is called.
# NCSU_INFO:Time           3145209000:START: wb_driver::run():  of test.env.wb_agent.driver is called.
# NCSU_INFO:Time           3145209000:i2c_driver::bl_put():  of test.env.i2c_agent.driver called
# NCSU_INFO:Time           3145211000:ncsu_component::nb_transport():  of test.env.scoreboard called
# NCSU_INFO:Time           3145211000:ncsu_component::nb_put():  of test.env.predictor called
# NCSU_INFO:Time           3145217000:ncsu_component::nb_transport():  of test.env.scoreboard called
# NCSU_INFO:Time           3145217000:ncsu_component::nb_put():  of test.env.predictor called
# NCSU_INFO:Time           3145225000:ncsu_component::nb_transport():  of test.env.scoreboard called
# NCSU_INFO:Time           3145225000:ncsu_component::nb_put():  of test.env.predictor called
# NCSU_INFO:Time           3145233000:ncsu_component::nb_transport():  of test.env.scoreboard called
# NCSU_INFO:Time           3145233000:ncsu_component::nb_put():  of test.env.predictor called
# NCSU_INFO:Time           3145241000:ncsu_component::nb_transport():  of test.env.scoreboard called
# NCSU_INFO:Time           3145241000:ncsu_component::nb_put():  of test.env.predictor called
# NCSU_INFO:Time           3145247000:ncsu_component::nb_transport():  of test.env.scoreboard called
# NCSU_INFO:Time           3145247000:ncsu_component::nb_put():  of test.env.predictor called
# NCSU_INFO:Time           3147123000:ncsu_component::nb_transport():  of test.env.scoreboard called
# NCSU_INFO:Time           3147123000:ncsu_component::nb_put():  of test.env.predictor called
# NCSU_INFO:Time           3147129000:ncsu_component::nb_transport():  of test.env.scoreboard called
# NCSU_INFO:Time           3147129000:ncsu_component::nb_put():  of test.env.predictor called
# NCSU_INFO:Time           3147135000:ncsu_component::nb_transport():  of test.env.scoreboard called
# NCSU_INFO:Time           3147135000:ncsu_component::nb_put():  of test.env.predictor called
# NCSU_INFO:Time           3147143000:ncsu_component::nb_transport():  of test.env.scoreboard called
# NCSU_INFO:Time           3147143000:ncsu_component::nb_put():  of test.env.predictor called
# NCSU_INFO:Time           3165187000:ncsu_component::nb_transport():  of test.env.scoreboard called
# NCSU_INFO:Time           3165187000:ncsu_component::nb_put():  of test.env.predictor called
# NCSU_INFO:Time           3165193000:ncsu_component::nb_transport():  of test.env.scoreboard called
# NCSU_INFO:Time           3165193000:ncsu_component::nb_put():  of test.env.predictor called
# NCSU_INFO:Time           3183237000:ncsu_component::nb_transport():  of test.env.scoreboard called
# NCSU_INFO:Time           3183237000:ncsu_component::nb_put():  of test.env.predictor called
# wb data received:  39
# NCSU_INFO:Time           3183241000:i2c_monitor::run():  of test.env.i2c_agent.monitor called.
#  Slave address:0x22;
#  RW:1;
#  Data:39
# NCSU_INFO:Time           3183241000:ncsu_component::nb_put():  of test.env.scoreboard called
# NCSU_INFO:Time           3183243000:ncsu_component::nb_transport():  of test.env.scoreboard called
# NCSU_INFO:Time           3183243000:ncsu_component::nb_put():  of test.env.predictor called
# NCSU_INFO:Time           3183249000:ncsu_component::nb_transport():  of test.env.scoreboard called
# NCSU_INFO:Time           3183249000:ncsu_component::nb_put():  of test.env.predictor called
# NCSU_INFO:Time           3184941000:ncsu_component::nb_transport():  of test.env.scoreboard called
# NCSU_INFO:Time           3184941000:ncsu_component::nb_put():  of test.env.predictor called
# NCSU_INFO:Time           3184945000:FINISH: wb_driver::run():  of test.env.wb_agent.driver is called.
# NCSU_INFO:Time           3184945000:START: wb_driver::run():  of test.env.wb_agent.driver is called.
# NCSU_INFO:Time           3184945000:i2c_driver::bl_put():  of test.env.i2c_agent.driver called
# NCSU_INFO:Time           3184947000:ncsu_component::nb_transport():  of test.env.scoreboard called
# NCSU_INFO:Time           3184947000:ncsu_component::nb_put():  of test.env.predictor called
# NCSU_INFO:Time           3184953000:ncsu_component::nb_transport():  of test.env.scoreboard called
# NCSU_INFO:Time           3184953000:ncsu_component::nb_put():  of test.env.predictor called
# NCSU_INFO:Time           3184961000:ncsu_component::nb_transport():  of test.env.scoreboard called
# NCSU_INFO:Time           3184961000:ncsu_component::nb_put():  of test.env.predictor called
# NCSU_INFO:Time           3184969000:ncsu_component::nb_transport():  of test.env.scoreboard called
# NCSU_INFO:Time           3184969000:ncsu_component::nb_put():  of test.env.predictor called
# NCSU_INFO:Time           3184977000:ncsu_component::nb_transport():  of test.env.scoreboard called
# NCSU_INFO:Time           3184977000:ncsu_component::nb_put():  of test.env.predictor called
# NCSU_INFO:Time           3184983000:ncsu_component::nb_transport():  of test.env.scoreboard called
# NCSU_INFO:Time           3184983000:ncsu_component::nb_put():  of test.env.predictor called
# NCSU_INFO:Time           3186859000:ncsu_component::nb_transport():  of test.env.scoreboard called
# NCSU_INFO:Time           3186859000:ncsu_component::nb_put():  of test.env.predictor called
# NCSU_INFO:Time           3186865000:ncsu_component::nb_transport():  of test.env.scoreboard called
# NCSU_INFO:Time           3186865000:ncsu_component::nb_put():  of test.env.predictor called
# NCSU_INFO:Time           3186871000:ncsu_component::nb_transport():  of test.env.scoreboard called
# NCSU_INFO:Time           3186871000:ncsu_component::nb_put():  of test.env.predictor called
# NCSU_INFO:Time           3186879000:ncsu_component::nb_transport():  of test.env.scoreboard called
# NCSU_INFO:Time           3186879000:ncsu_component::nb_put():  of test.env.predictor called
# NCSU_INFO:Time           3204923000:ncsu_component::nb_transport():  of test.env.scoreboard called
# NCSU_INFO:Time           3204923000:ncsu_component::nb_put():  of test.env.predictor called
# wb_data_sent:  89
# NCSU_INFO:Time           3204929000:ncsu_component::nb_transport():  of test.env.scoreboard called
# NCSU_INFO:Time           3204929000:ncsu_component::nb_put():  of test.env.predictor called
# NCSU_INFO:Time           3204937000:ncsu_component::nb_transport():  of test.env.scoreboard called
# NCSU_INFO:Time           3204937000:ncsu_component::nb_put():  of test.env.predictor called
# NCSU_INFO:Time           3222979000:i2c_monitor::run():  of test.env.i2c_agent.monitor called.
#  Slave address:0x22;
#  RW:0;
#  Data:89 0 0 0 0 0 0 0 0 0 0 0 0 0 0 0 0 0 0 0 0 0 0 0 0 0 0 0 0 0 0 0 0 0 0 0 0 0 0 0 0 0 0 0 0 0 0 0 0 0 0 0 0 0 0 0 0 0 0 0 0 0 0 0
# NCSU_INFO:Time           3222979000:ncsu_component::nb_put():  of test.env.scoreboard called
# NCSU_INFO:Time           3222981000:ncsu_component::nb_transport():  of test.env.scoreboard called
# NCSU_INFO:Time           3222981000:ncsu_component::nb_put():  of test.env.predictor called
# NCSU_INFO:Time           3222987000:ncsu_component::nb_transport():  of test.env.scoreboard called
# NCSU_INFO:Time           3222987000:ncsu_component::nb_put():  of test.env.predictor called
# NCSU_INFO:Time           3224679000:ncsu_component::nb_transport():  of test.env.scoreboard called
# NCSU_INFO:Time           3224679000:ncsu_component::nb_put():  of test.env.predictor called
# NCSU_INFO:Time           3224683000:FINISH: wb_driver::run():  of test.env.wb_agent.driver is called.
# NCSU_INFO:Time           3224683000:START: wb_driver::run():  of test.env.wb_agent.driver is called.
# NCSU_INFO:Time           3224683000:i2c_driver::bl_put():  of test.env.i2c_agent.driver called
# NCSU_INFO:Time           3224685000:ncsu_component::nb_transport():  of test.env.scoreboard called
# NCSU_INFO:Time           3224685000:ncsu_component::nb_put():  of test.env.predictor called
# NCSU_INFO:Time           3224691000:ncsu_component::nb_transport():  of test.env.scoreboard called
# NCSU_INFO:Time           3224691000:ncsu_component::nb_put():  of test.env.predictor called
# NCSU_INFO:Time           3224699000:ncsu_component::nb_transport():  of test.env.scoreboard called
# NCSU_INFO:Time           3224699000:ncsu_component::nb_put():  of test.env.predictor called
# NCSU_INFO:Time           3224707000:ncsu_component::nb_transport():  of test.env.scoreboard called
# NCSU_INFO:Time           3224707000:ncsu_component::nb_put():  of test.env.predictor called
# NCSU_INFO:Time           3224715000:ncsu_component::nb_transport():  of test.env.scoreboard called
# NCSU_INFO:Time           3224715000:ncsu_component::nb_put():  of test.env.predictor called
# NCSU_INFO:Time           3224721000:ncsu_component::nb_transport():  of test.env.scoreboard called
# NCSU_INFO:Time           3224721000:ncsu_component::nb_put():  of test.env.predictor called
# NCSU_INFO:Time           3226597000:ncsu_component::nb_transport():  of test.env.scoreboard called
# NCSU_INFO:Time           3226597000:ncsu_component::nb_put():  of test.env.predictor called
# NCSU_INFO:Time           3226603000:ncsu_component::nb_transport():  of test.env.scoreboard called
# NCSU_INFO:Time           3226603000:ncsu_component::nb_put():  of test.env.predictor called
# NCSU_INFO:Time           3226609000:ncsu_component::nb_transport():  of test.env.scoreboard called
# NCSU_INFO:Time           3226609000:ncsu_component::nb_put():  of test.env.predictor called
# NCSU_INFO:Time           3226617000:ncsu_component::nb_transport():  of test.env.scoreboard called
# NCSU_INFO:Time           3226617000:ncsu_component::nb_put():  of test.env.predictor called
# NCSU_INFO:Time           3244661000:ncsu_component::nb_transport():  of test.env.scoreboard called
# NCSU_INFO:Time           3244661000:ncsu_component::nb_put():  of test.env.predictor called
# NCSU_INFO:Time           3244667000:ncsu_component::nb_transport():  of test.env.scoreboard called
# NCSU_INFO:Time           3244667000:ncsu_component::nb_put():  of test.env.predictor called
# NCSU_INFO:Time           3262711000:ncsu_component::nb_transport():  of test.env.scoreboard called
# NCSU_INFO:Time           3262711000:ncsu_component::nb_put():  of test.env.predictor called
# wb data received:  38
# NCSU_INFO:Time           3262715000:i2c_monitor::run():  of test.env.i2c_agent.monitor called.
#  Slave address:0x22;
#  RW:1;
#  Data:38
# NCSU_INFO:Time           3262715000:ncsu_component::nb_put():  of test.env.scoreboard called
# NCSU_INFO:Time           3262717000:ncsu_component::nb_transport():  of test.env.scoreboard called
# NCSU_INFO:Time           3262717000:ncsu_component::nb_put():  of test.env.predictor called
# NCSU_INFO:Time           3262723000:ncsu_component::nb_transport():  of test.env.scoreboard called
# NCSU_INFO:Time           3262723000:ncsu_component::nb_put():  of test.env.predictor called
# NCSU_INFO:Time           3264415000:ncsu_component::nb_transport():  of test.env.scoreboard called
# NCSU_INFO:Time           3264415000:ncsu_component::nb_put():  of test.env.predictor called
# NCSU_INFO:Time           3264419000:FINISH: wb_driver::run():  of test.env.wb_agent.driver is called.
# NCSU_INFO:Time           3264419000:START: wb_driver::run():  of test.env.wb_agent.driver is called.
# NCSU_INFO:Time           3264419000:i2c_driver::bl_put():  of test.env.i2c_agent.driver called
# NCSU_INFO:Time           3264421000:ncsu_component::nb_transport():  of test.env.scoreboard called
# NCSU_INFO:Time           3264421000:ncsu_component::nb_put():  of test.env.predictor called
# NCSU_INFO:Time           3264427000:ncsu_component::nb_transport():  of test.env.scoreboard called
# NCSU_INFO:Time           3264427000:ncsu_component::nb_put():  of test.env.predictor called
# NCSU_INFO:Time           3264435000:ncsu_component::nb_transport():  of test.env.scoreboard called
# NCSU_INFO:Time           3264435000:ncsu_component::nb_put():  of test.env.predictor called
# NCSU_INFO:Time           3264443000:ncsu_component::nb_transport():  of test.env.scoreboard called
# NCSU_INFO:Time           3264443000:ncsu_component::nb_put():  of test.env.predictor called
# NCSU_INFO:Time           3264451000:ncsu_component::nb_transport():  of test.env.scoreboard called
# NCSU_INFO:Time           3264451000:ncsu_component::nb_put():  of test.env.predictor called
# NCSU_INFO:Time           3264457000:ncsu_component::nb_transport():  of test.env.scoreboard called
# NCSU_INFO:Time           3264457000:ncsu_component::nb_put():  of test.env.predictor called
# NCSU_INFO:Time           3266333000:ncsu_component::nb_transport():  of test.env.scoreboard called
# NCSU_INFO:Time           3266333000:ncsu_component::nb_put():  of test.env.predictor called
# NCSU_INFO:Time           3266339000:ncsu_component::nb_transport():  of test.env.scoreboard called
# NCSU_INFO:Time           3266339000:ncsu_component::nb_put():  of test.env.predictor called
# NCSU_INFO:Time           3266345000:ncsu_component::nb_transport():  of test.env.scoreboard called
# NCSU_INFO:Time           3266345000:ncsu_component::nb_put():  of test.env.predictor called
# NCSU_INFO:Time           3266353000:ncsu_component::nb_transport():  of test.env.scoreboard called
# NCSU_INFO:Time           3266353000:ncsu_component::nb_put():  of test.env.predictor called
# NCSU_INFO:Time           3284397000:ncsu_component::nb_transport():  of test.env.scoreboard called
# NCSU_INFO:Time           3284397000:ncsu_component::nb_put():  of test.env.predictor called
# wb_data_sent:  90
# NCSU_INFO:Time           3284403000:ncsu_component::nb_transport():  of test.env.scoreboard called
# NCSU_INFO:Time           3284403000:ncsu_component::nb_put():  of test.env.predictor called
# NCSU_INFO:Time           3284411000:ncsu_component::nb_transport():  of test.env.scoreboard called
# NCSU_INFO:Time           3284411000:ncsu_component::nb_put():  of test.env.predictor called
# NCSU_INFO:Time           3302453000:i2c_monitor::run():  of test.env.i2c_agent.monitor called.
#  Slave address:0x22;
#  RW:0;
#  Data:90 0 0 0 0 0 0 0 0 0 0 0 0 0 0 0 0 0 0 0 0 0 0 0 0 0 0 0 0 0 0 0 0 0 0 0 0 0 0 0 0 0 0 0 0 0 0 0 0 0 0 0 0 0 0 0 0 0 0 0 0 0 0 0
# NCSU_INFO:Time           3302453000:ncsu_component::nb_put():  of test.env.scoreboard called
# NCSU_INFO:Time           3302455000:ncsu_component::nb_transport():  of test.env.scoreboard called
# NCSU_INFO:Time           3302455000:ncsu_component::nb_put():  of test.env.predictor called
# NCSU_INFO:Time           3302461000:ncsu_component::nb_transport():  of test.env.scoreboard called
# NCSU_INFO:Time           3302461000:ncsu_component::nb_put():  of test.env.predictor called
# NCSU_INFO:Time           3304153000:ncsu_component::nb_transport():  of test.env.scoreboard called
# NCSU_INFO:Time           3304153000:ncsu_component::nb_put():  of test.env.predictor called
# NCSU_INFO:Time           3304157000:FINISH: wb_driver::run():  of test.env.wb_agent.driver is called.
# NCSU_INFO:Time           3304157000:START: wb_driver::run():  of test.env.wb_agent.driver is called.
# NCSU_INFO:Time           3304157000:i2c_driver::bl_put():  of test.env.i2c_agent.driver called
# NCSU_INFO:Time           3304159000:ncsu_component::nb_transport():  of test.env.scoreboard called
# NCSU_INFO:Time           3304159000:ncsu_component::nb_put():  of test.env.predictor called
# NCSU_INFO:Time           3304165000:ncsu_component::nb_transport():  of test.env.scoreboard called
# NCSU_INFO:Time           3304165000:ncsu_component::nb_put():  of test.env.predictor called
# NCSU_INFO:Time           3304173000:ncsu_component::nb_transport():  of test.env.scoreboard called
# NCSU_INFO:Time           3304173000:ncsu_component::nb_put():  of test.env.predictor called
# NCSU_INFO:Time           3304181000:ncsu_component::nb_transport():  of test.env.scoreboard called
# NCSU_INFO:Time           3304181000:ncsu_component::nb_put():  of test.env.predictor called
# NCSU_INFO:Time           3304189000:ncsu_component::nb_transport():  of test.env.scoreboard called
# NCSU_INFO:Time           3304189000:ncsu_component::nb_put():  of test.env.predictor called
# NCSU_INFO:Time           3304195000:ncsu_component::nb_transport():  of test.env.scoreboard called
# NCSU_INFO:Time           3304195000:ncsu_component::nb_put():  of test.env.predictor called
# NCSU_INFO:Time           3306071000:ncsu_component::nb_transport():  of test.env.scoreboard called
# NCSU_INFO:Time           3306071000:ncsu_component::nb_put():  of test.env.predictor called
# NCSU_INFO:Time           3306077000:ncsu_component::nb_transport():  of test.env.scoreboard called
# NCSU_INFO:Time           3306077000:ncsu_component::nb_put():  of test.env.predictor called
# NCSU_INFO:Time           3306083000:ncsu_component::nb_transport():  of test.env.scoreboard called
# NCSU_INFO:Time           3306083000:ncsu_component::nb_put():  of test.env.predictor called
# NCSU_INFO:Time           3306091000:ncsu_component::nb_transport():  of test.env.scoreboard called
# NCSU_INFO:Time           3306091000:ncsu_component::nb_put():  of test.env.predictor called
# NCSU_INFO:Time           3324135000:ncsu_component::nb_transport():  of test.env.scoreboard called
# NCSU_INFO:Time           3324135000:ncsu_component::nb_put():  of test.env.predictor called
# NCSU_INFO:Time           3324141000:ncsu_component::nb_transport():  of test.env.scoreboard called
# NCSU_INFO:Time           3324141000:ncsu_component::nb_put():  of test.env.predictor called
# NCSU_INFO:Time           3342185000:ncsu_component::nb_transport():  of test.env.scoreboard called
# NCSU_INFO:Time           3342185000:ncsu_component::nb_put():  of test.env.predictor called
# wb data received:  37
# NCSU_INFO:Time           3342189000:i2c_monitor::run():  of test.env.i2c_agent.monitor called.
#  Slave address:0x22;
#  RW:1;
#  Data:37
# NCSU_INFO:Time           3342189000:ncsu_component::nb_put():  of test.env.scoreboard called
# NCSU_INFO:Time           3342191000:ncsu_component::nb_transport():  of test.env.scoreboard called
# NCSU_INFO:Time           3342191000:ncsu_component::nb_put():  of test.env.predictor called
# NCSU_INFO:Time           3342197000:ncsu_component::nb_transport():  of test.env.scoreboard called
# NCSU_INFO:Time           3342197000:ncsu_component::nb_put():  of test.env.predictor called
# NCSU_INFO:Time           3343889000:ncsu_component::nb_transport():  of test.env.scoreboard called
# NCSU_INFO:Time           3343889000:ncsu_component::nb_put():  of test.env.predictor called
# NCSU_INFO:Time           3343893000:FINISH: wb_driver::run():  of test.env.wb_agent.driver is called.
# NCSU_INFO:Time           3343893000:START: wb_driver::run():  of test.env.wb_agent.driver is called.
# NCSU_INFO:Time           3343893000:i2c_driver::bl_put():  of test.env.i2c_agent.driver called
# NCSU_INFO:Time           3343895000:ncsu_component::nb_transport():  of test.env.scoreboard called
# NCSU_INFO:Time           3343895000:ncsu_component::nb_put():  of test.env.predictor called
# NCSU_INFO:Time           3343901000:ncsu_component::nb_transport():  of test.env.scoreboard called
# NCSU_INFO:Time           3343901000:ncsu_component::nb_put():  of test.env.predictor called
# NCSU_INFO:Time           3343909000:ncsu_component::nb_transport():  of test.env.scoreboard called
# NCSU_INFO:Time           3343909000:ncsu_component::nb_put():  of test.env.predictor called
# NCSU_INFO:Time           3343917000:ncsu_component::nb_transport():  of test.env.scoreboard called
# NCSU_INFO:Time           3343917000:ncsu_component::nb_put():  of test.env.predictor called
# NCSU_INFO:Time           3343925000:ncsu_component::nb_transport():  of test.env.scoreboard called
# NCSU_INFO:Time           3343925000:ncsu_component::nb_put():  of test.env.predictor called
# NCSU_INFO:Time           3343931000:ncsu_component::nb_transport():  of test.env.scoreboard called
# NCSU_INFO:Time           3343931000:ncsu_component::nb_put():  of test.env.predictor called
# NCSU_INFO:Time           3345807000:ncsu_component::nb_transport():  of test.env.scoreboard called
# NCSU_INFO:Time           3345807000:ncsu_component::nb_put():  of test.env.predictor called
# NCSU_INFO:Time           3345813000:ncsu_component::nb_transport():  of test.env.scoreboard called
# NCSU_INFO:Time           3345813000:ncsu_component::nb_put():  of test.env.predictor called
# NCSU_INFO:Time           3345819000:ncsu_component::nb_transport():  of test.env.scoreboard called
# NCSU_INFO:Time           3345819000:ncsu_component::nb_put():  of test.env.predictor called
# NCSU_INFO:Time           3345827000:ncsu_component::nb_transport():  of test.env.scoreboard called
# NCSU_INFO:Time           3345827000:ncsu_component::nb_put():  of test.env.predictor called
# NCSU_INFO:Time           3363871000:ncsu_component::nb_transport():  of test.env.scoreboard called
# NCSU_INFO:Time           3363871000:ncsu_component::nb_put():  of test.env.predictor called
# wb_data_sent:  91
# NCSU_INFO:Time           3363877000:ncsu_component::nb_transport():  of test.env.scoreboard called
# NCSU_INFO:Time           3363877000:ncsu_component::nb_put():  of test.env.predictor called
# NCSU_INFO:Time           3363885000:ncsu_component::nb_transport():  of test.env.scoreboard called
# NCSU_INFO:Time           3363885000:ncsu_component::nb_put():  of test.env.predictor called
# NCSU_INFO:Time           3381927000:i2c_monitor::run():  of test.env.i2c_agent.monitor called.
#  Slave address:0x22;
#  RW:0;
#  Data:91 0 0 0 0 0 0 0 0 0 0 0 0 0 0 0 0 0 0 0 0 0 0 0 0 0 0 0 0 0 0 0 0 0 0 0 0 0 0 0 0 0 0 0 0 0 0 0 0 0 0 0 0 0 0 0 0 0 0 0 0 0 0 0
# NCSU_INFO:Time           3381927000:ncsu_component::nb_put():  of test.env.scoreboard called
# NCSU_INFO:Time           3381929000:ncsu_component::nb_transport():  of test.env.scoreboard called
# NCSU_INFO:Time           3381929000:ncsu_component::nb_put():  of test.env.predictor called
# NCSU_INFO:Time           3381935000:ncsu_component::nb_transport():  of test.env.scoreboard called
# NCSU_INFO:Time           3381935000:ncsu_component::nb_put():  of test.env.predictor called
# NCSU_INFO:Time           3383627000:ncsu_component::nb_transport():  of test.env.scoreboard called
# NCSU_INFO:Time           3383627000:ncsu_component::nb_put():  of test.env.predictor called
# NCSU_INFO:Time           3383631000:FINISH: wb_driver::run():  of test.env.wb_agent.driver is called.
# NCSU_INFO:Time           3383631000:START: wb_driver::run():  of test.env.wb_agent.driver is called.
# NCSU_INFO:Time           3383631000:i2c_driver::bl_put():  of test.env.i2c_agent.driver called
# NCSU_INFO:Time           3383633000:ncsu_component::nb_transport():  of test.env.scoreboard called
# NCSU_INFO:Time           3383633000:ncsu_component::nb_put():  of test.env.predictor called
# NCSU_INFO:Time           3383639000:ncsu_component::nb_transport():  of test.env.scoreboard called
# NCSU_INFO:Time           3383639000:ncsu_component::nb_put():  of test.env.predictor called
# NCSU_INFO:Time           3383647000:ncsu_component::nb_transport():  of test.env.scoreboard called
# NCSU_INFO:Time           3383647000:ncsu_component::nb_put():  of test.env.predictor called
# NCSU_INFO:Time           3383655000:ncsu_component::nb_transport():  of test.env.scoreboard called
# NCSU_INFO:Time           3383655000:ncsu_component::nb_put():  of test.env.predictor called
# NCSU_INFO:Time           3383663000:ncsu_component::nb_transport():  of test.env.scoreboard called
# NCSU_INFO:Time           3383663000:ncsu_component::nb_put():  of test.env.predictor called
# NCSU_INFO:Time           3383669000:ncsu_component::nb_transport():  of test.env.scoreboard called
# NCSU_INFO:Time           3383669000:ncsu_component::nb_put():  of test.env.predictor called
# NCSU_INFO:Time           3385545000:ncsu_component::nb_transport():  of test.env.scoreboard called
# NCSU_INFO:Time           3385545000:ncsu_component::nb_put():  of test.env.predictor called
# NCSU_INFO:Time           3385551000:ncsu_component::nb_transport():  of test.env.scoreboard called
# NCSU_INFO:Time           3385551000:ncsu_component::nb_put():  of test.env.predictor called
# NCSU_INFO:Time           3385557000:ncsu_component::nb_transport():  of test.env.scoreboard called
# NCSU_INFO:Time           3385557000:ncsu_component::nb_put():  of test.env.predictor called
# NCSU_INFO:Time           3385565000:ncsu_component::nb_transport():  of test.env.scoreboard called
# NCSU_INFO:Time           3385565000:ncsu_component::nb_put():  of test.env.predictor called
# NCSU_INFO:Time           3403609000:ncsu_component::nb_transport():  of test.env.scoreboard called
# NCSU_INFO:Time           3403609000:ncsu_component::nb_put():  of test.env.predictor called
# NCSU_INFO:Time           3403615000:ncsu_component::nb_transport():  of test.env.scoreboard called
# NCSU_INFO:Time           3403615000:ncsu_component::nb_put():  of test.env.predictor called
# NCSU_INFO:Time           3421659000:ncsu_component::nb_transport():  of test.env.scoreboard called
# NCSU_INFO:Time           3421659000:ncsu_component::nb_put():  of test.env.predictor called
# wb data received:  36
# NCSU_INFO:Time           3421663000:i2c_monitor::run():  of test.env.i2c_agent.monitor called.
#  Slave address:0x22;
#  RW:1;
#  Data:36
# NCSU_INFO:Time           3421663000:ncsu_component::nb_put():  of test.env.scoreboard called
# NCSU_INFO:Time           3421665000:ncsu_component::nb_transport():  of test.env.scoreboard called
# NCSU_INFO:Time           3421665000:ncsu_component::nb_put():  of test.env.predictor called
# NCSU_INFO:Time           3421671000:ncsu_component::nb_transport():  of test.env.scoreboard called
# NCSU_INFO:Time           3421671000:ncsu_component::nb_put():  of test.env.predictor called
# NCSU_INFO:Time           3423363000:ncsu_component::nb_transport():  of test.env.scoreboard called
# NCSU_INFO:Time           3423363000:ncsu_component::nb_put():  of test.env.predictor called
# NCSU_INFO:Time           3423367000:FINISH: wb_driver::run():  of test.env.wb_agent.driver is called.
# NCSU_INFO:Time           3423367000:START: wb_driver::run():  of test.env.wb_agent.driver is called.
# NCSU_INFO:Time           3423367000:i2c_driver::bl_put():  of test.env.i2c_agent.driver called
# NCSU_INFO:Time           3423369000:ncsu_component::nb_transport():  of test.env.scoreboard called
# NCSU_INFO:Time           3423369000:ncsu_component::nb_put():  of test.env.predictor called
# NCSU_INFO:Time           3423375000:ncsu_component::nb_transport():  of test.env.scoreboard called
# NCSU_INFO:Time           3423375000:ncsu_component::nb_put():  of test.env.predictor called
# NCSU_INFO:Time           3423383000:ncsu_component::nb_transport():  of test.env.scoreboard called
# NCSU_INFO:Time           3423383000:ncsu_component::nb_put():  of test.env.predictor called
# NCSU_INFO:Time           3423391000:ncsu_component::nb_transport():  of test.env.scoreboard called
# NCSU_INFO:Time           3423391000:ncsu_component::nb_put():  of test.env.predictor called
# NCSU_INFO:Time           3423399000:ncsu_component::nb_transport():  of test.env.scoreboard called
# NCSU_INFO:Time           3423399000:ncsu_component::nb_put():  of test.env.predictor called
# NCSU_INFO:Time           3423405000:ncsu_component::nb_transport():  of test.env.scoreboard called
# NCSU_INFO:Time           3423405000:ncsu_component::nb_put():  of test.env.predictor called
# NCSU_INFO:Time           3425281000:ncsu_component::nb_transport():  of test.env.scoreboard called
# NCSU_INFO:Time           3425281000:ncsu_component::nb_put():  of test.env.predictor called
# NCSU_INFO:Time           3425287000:ncsu_component::nb_transport():  of test.env.scoreboard called
# NCSU_INFO:Time           3425287000:ncsu_component::nb_put():  of test.env.predictor called
# NCSU_INFO:Time           3425293000:ncsu_component::nb_transport():  of test.env.scoreboard called
# NCSU_INFO:Time           3425293000:ncsu_component::nb_put():  of test.env.predictor called
# NCSU_INFO:Time           3425301000:ncsu_component::nb_transport():  of test.env.scoreboard called
# NCSU_INFO:Time           3425301000:ncsu_component::nb_put():  of test.env.predictor called
# NCSU_INFO:Time           3443345000:ncsu_component::nb_transport():  of test.env.scoreboard called
# NCSU_INFO:Time           3443345000:ncsu_component::nb_put():  of test.env.predictor called
# wb_data_sent:  92
# NCSU_INFO:Time           3443351000:ncsu_component::nb_transport():  of test.env.scoreboard called
# NCSU_INFO:Time           3443351000:ncsu_component::nb_put():  of test.env.predictor called
# NCSU_INFO:Time           3443359000:ncsu_component::nb_transport():  of test.env.scoreboard called
# NCSU_INFO:Time           3443359000:ncsu_component::nb_put():  of test.env.predictor called
# NCSU_INFO:Time           3461401000:i2c_monitor::run():  of test.env.i2c_agent.monitor called.
#  Slave address:0x22;
#  RW:0;
#  Data:92 0 0 0 0 0 0 0 0 0 0 0 0 0 0 0 0 0 0 0 0 0 0 0 0 0 0 0 0 0 0 0 0 0 0 0 0 0 0 0 0 0 0 0 0 0 0 0 0 0 0 0 0 0 0 0 0 0 0 0 0 0 0 0
# NCSU_INFO:Time           3461401000:ncsu_component::nb_put():  of test.env.scoreboard called
# NCSU_INFO:Time           3461403000:ncsu_component::nb_transport():  of test.env.scoreboard called
# NCSU_INFO:Time           3461403000:ncsu_component::nb_put():  of test.env.predictor called
# NCSU_INFO:Time           3461409000:ncsu_component::nb_transport():  of test.env.scoreboard called
# NCSU_INFO:Time           3461409000:ncsu_component::nb_put():  of test.env.predictor called
# NCSU_INFO:Time           3463101000:ncsu_component::nb_transport():  of test.env.scoreboard called
# NCSU_INFO:Time           3463101000:ncsu_component::nb_put():  of test.env.predictor called
# NCSU_INFO:Time           3463105000:FINISH: wb_driver::run():  of test.env.wb_agent.driver is called.
# NCSU_INFO:Time           3463105000:START: wb_driver::run():  of test.env.wb_agent.driver is called.
# NCSU_INFO:Time           3463105000:i2c_driver::bl_put():  of test.env.i2c_agent.driver called
# NCSU_INFO:Time           3463107000:ncsu_component::nb_transport():  of test.env.scoreboard called
# NCSU_INFO:Time           3463107000:ncsu_component::nb_put():  of test.env.predictor called
# NCSU_INFO:Time           3463113000:ncsu_component::nb_transport():  of test.env.scoreboard called
# NCSU_INFO:Time           3463113000:ncsu_component::nb_put():  of test.env.predictor called
# NCSU_INFO:Time           3463121000:ncsu_component::nb_transport():  of test.env.scoreboard called
# NCSU_INFO:Time           3463121000:ncsu_component::nb_put():  of test.env.predictor called
# NCSU_INFO:Time           3463129000:ncsu_component::nb_transport():  of test.env.scoreboard called
# NCSU_INFO:Time           3463129000:ncsu_component::nb_put():  of test.env.predictor called
# NCSU_INFO:Time           3463137000:ncsu_component::nb_transport():  of test.env.scoreboard called
# NCSU_INFO:Time           3463137000:ncsu_component::nb_put():  of test.env.predictor called
# NCSU_INFO:Time           3463143000:ncsu_component::nb_transport():  of test.env.scoreboard called
# NCSU_INFO:Time           3463143000:ncsu_component::nb_put():  of test.env.predictor called
# NCSU_INFO:Time           3465019000:ncsu_component::nb_transport():  of test.env.scoreboard called
# NCSU_INFO:Time           3465019000:ncsu_component::nb_put():  of test.env.predictor called
# NCSU_INFO:Time           3465025000:ncsu_component::nb_transport():  of test.env.scoreboard called
# NCSU_INFO:Time           3465025000:ncsu_component::nb_put():  of test.env.predictor called
# NCSU_INFO:Time           3465031000:ncsu_component::nb_transport():  of test.env.scoreboard called
# NCSU_INFO:Time           3465031000:ncsu_component::nb_put():  of test.env.predictor called
# NCSU_INFO:Time           3465039000:ncsu_component::nb_transport():  of test.env.scoreboard called
# NCSU_INFO:Time           3465039000:ncsu_component::nb_put():  of test.env.predictor called
# NCSU_INFO:Time           3483083000:ncsu_component::nb_transport():  of test.env.scoreboard called
# NCSU_INFO:Time           3483083000:ncsu_component::nb_put():  of test.env.predictor called
# NCSU_INFO:Time           3483089000:ncsu_component::nb_transport():  of test.env.scoreboard called
# NCSU_INFO:Time           3483089000:ncsu_component::nb_put():  of test.env.predictor called
# NCSU_INFO:Time           3501133000:ncsu_component::nb_transport():  of test.env.scoreboard called
# NCSU_INFO:Time           3501133000:ncsu_component::nb_put():  of test.env.predictor called
# wb data received:  35
# NCSU_INFO:Time           3501137000:i2c_monitor::run():  of test.env.i2c_agent.monitor called.
#  Slave address:0x22;
#  RW:1;
#  Data:35
# NCSU_INFO:Time           3501137000:ncsu_component::nb_put():  of test.env.scoreboard called
# NCSU_INFO:Time           3501139000:ncsu_component::nb_transport():  of test.env.scoreboard called
# NCSU_INFO:Time           3501139000:ncsu_component::nb_put():  of test.env.predictor called
# NCSU_INFO:Time           3501145000:ncsu_component::nb_transport():  of test.env.scoreboard called
# NCSU_INFO:Time           3501145000:ncsu_component::nb_put():  of test.env.predictor called
# NCSU_INFO:Time           3502837000:ncsu_component::nb_transport():  of test.env.scoreboard called
# NCSU_INFO:Time           3502837000:ncsu_component::nb_put():  of test.env.predictor called
# NCSU_INFO:Time           3502841000:FINISH: wb_driver::run():  of test.env.wb_agent.driver is called.
# NCSU_INFO:Time           3502841000:START: wb_driver::run():  of test.env.wb_agent.driver is called.
# NCSU_INFO:Time           3502841000:i2c_driver::bl_put():  of test.env.i2c_agent.driver called
# NCSU_INFO:Time           3502843000:ncsu_component::nb_transport():  of test.env.scoreboard called
# NCSU_INFO:Time           3502843000:ncsu_component::nb_put():  of test.env.predictor called
# NCSU_INFO:Time           3502849000:ncsu_component::nb_transport():  of test.env.scoreboard called
# NCSU_INFO:Time           3502849000:ncsu_component::nb_put():  of test.env.predictor called
# NCSU_INFO:Time           3502857000:ncsu_component::nb_transport():  of test.env.scoreboard called
# NCSU_INFO:Time           3502857000:ncsu_component::nb_put():  of test.env.predictor called
# NCSU_INFO:Time           3502865000:ncsu_component::nb_transport():  of test.env.scoreboard called
# NCSU_INFO:Time           3502865000:ncsu_component::nb_put():  of test.env.predictor called
# NCSU_INFO:Time           3502873000:ncsu_component::nb_transport():  of test.env.scoreboard called
# NCSU_INFO:Time           3502873000:ncsu_component::nb_put():  of test.env.predictor called
# NCSU_INFO:Time           3502879000:ncsu_component::nb_transport():  of test.env.scoreboard called
# NCSU_INFO:Time           3502879000:ncsu_component::nb_put():  of test.env.predictor called
# NCSU_INFO:Time           3504755000:ncsu_component::nb_transport():  of test.env.scoreboard called
# NCSU_INFO:Time           3504755000:ncsu_component::nb_put():  of test.env.predictor called
# NCSU_INFO:Time           3504761000:ncsu_component::nb_transport():  of test.env.scoreboard called
# NCSU_INFO:Time           3504761000:ncsu_component::nb_put():  of test.env.predictor called
# NCSU_INFO:Time           3504767000:ncsu_component::nb_transport():  of test.env.scoreboard called
# NCSU_INFO:Time           3504767000:ncsu_component::nb_put():  of test.env.predictor called
# NCSU_INFO:Time           3504775000:ncsu_component::nb_transport():  of test.env.scoreboard called
# NCSU_INFO:Time           3504775000:ncsu_component::nb_put():  of test.env.predictor called
# NCSU_INFO:Time           3522819000:ncsu_component::nb_transport():  of test.env.scoreboard called
# NCSU_INFO:Time           3522819000:ncsu_component::nb_put():  of test.env.predictor called
# wb_data_sent:  93
# NCSU_INFO:Time           3522825000:ncsu_component::nb_transport():  of test.env.scoreboard called
# NCSU_INFO:Time           3522825000:ncsu_component::nb_put():  of test.env.predictor called
# NCSU_INFO:Time           3522833000:ncsu_component::nb_transport():  of test.env.scoreboard called
# NCSU_INFO:Time           3522833000:ncsu_component::nb_put():  of test.env.predictor called
# NCSU_INFO:Time           3540875000:i2c_monitor::run():  of test.env.i2c_agent.monitor called.
#  Slave address:0x22;
#  RW:0;
#  Data:93 0 0 0 0 0 0 0 0 0 0 0 0 0 0 0 0 0 0 0 0 0 0 0 0 0 0 0 0 0 0 0 0 0 0 0 0 0 0 0 0 0 0 0 0 0 0 0 0 0 0 0 0 0 0 0 0 0 0 0 0 0 0 0
# NCSU_INFO:Time           3540875000:ncsu_component::nb_put():  of test.env.scoreboard called
# NCSU_INFO:Time           3540877000:ncsu_component::nb_transport():  of test.env.scoreboard called
# NCSU_INFO:Time           3540877000:ncsu_component::nb_put():  of test.env.predictor called
# NCSU_INFO:Time           3540883000:ncsu_component::nb_transport():  of test.env.scoreboard called
# NCSU_INFO:Time           3540883000:ncsu_component::nb_put():  of test.env.predictor called
# NCSU_INFO:Time           3542575000:ncsu_component::nb_transport():  of test.env.scoreboard called
# NCSU_INFO:Time           3542575000:ncsu_component::nb_put():  of test.env.predictor called
# NCSU_INFO:Time           3542579000:FINISH: wb_driver::run():  of test.env.wb_agent.driver is called.
# NCSU_INFO:Time           3542579000:START: wb_driver::run():  of test.env.wb_agent.driver is called.
# NCSU_INFO:Time           3542579000:i2c_driver::bl_put():  of test.env.i2c_agent.driver called
# NCSU_INFO:Time           3542581000:ncsu_component::nb_transport():  of test.env.scoreboard called
# NCSU_INFO:Time           3542581000:ncsu_component::nb_put():  of test.env.predictor called
# NCSU_INFO:Time           3542587000:ncsu_component::nb_transport():  of test.env.scoreboard called
# NCSU_INFO:Time           3542587000:ncsu_component::nb_put():  of test.env.predictor called
# NCSU_INFO:Time           3542595000:ncsu_component::nb_transport():  of test.env.scoreboard called
# NCSU_INFO:Time           3542595000:ncsu_component::nb_put():  of test.env.predictor called
# NCSU_INFO:Time           3542603000:ncsu_component::nb_transport():  of test.env.scoreboard called
# NCSU_INFO:Time           3542603000:ncsu_component::nb_put():  of test.env.predictor called
# NCSU_INFO:Time           3542611000:ncsu_component::nb_transport():  of test.env.scoreboard called
# NCSU_INFO:Time           3542611000:ncsu_component::nb_put():  of test.env.predictor called
# NCSU_INFO:Time           3542617000:ncsu_component::nb_transport():  of test.env.scoreboard called
# NCSU_INFO:Time           3542617000:ncsu_component::nb_put():  of test.env.predictor called
# NCSU_INFO:Time           3544493000:ncsu_component::nb_transport():  of test.env.scoreboard called
# NCSU_INFO:Time           3544493000:ncsu_component::nb_put():  of test.env.predictor called
# NCSU_INFO:Time           3544499000:ncsu_component::nb_transport():  of test.env.scoreboard called
# NCSU_INFO:Time           3544499000:ncsu_component::nb_put():  of test.env.predictor called
# NCSU_INFO:Time           3544505000:ncsu_component::nb_transport():  of test.env.scoreboard called
# NCSU_INFO:Time           3544505000:ncsu_component::nb_put():  of test.env.predictor called
# NCSU_INFO:Time           3544513000:ncsu_component::nb_transport():  of test.env.scoreboard called
# NCSU_INFO:Time           3544513000:ncsu_component::nb_put():  of test.env.predictor called
# NCSU_INFO:Time           3562557000:ncsu_component::nb_transport():  of test.env.scoreboard called
# NCSU_INFO:Time           3562557000:ncsu_component::nb_put():  of test.env.predictor called
# NCSU_INFO:Time           3562563000:ncsu_component::nb_transport():  of test.env.scoreboard called
# NCSU_INFO:Time           3562563000:ncsu_component::nb_put():  of test.env.predictor called
# NCSU_INFO:Time           3580607000:ncsu_component::nb_transport():  of test.env.scoreboard called
# NCSU_INFO:Time           3580607000:ncsu_component::nb_put():  of test.env.predictor called
# wb data received:  34
# NCSU_INFO:Time           3580611000:i2c_monitor::run():  of test.env.i2c_agent.monitor called.
#  Slave address:0x22;
#  RW:1;
#  Data:34
# NCSU_INFO:Time           3580611000:ncsu_component::nb_put():  of test.env.scoreboard called
# NCSU_INFO:Time           3580613000:ncsu_component::nb_transport():  of test.env.scoreboard called
# NCSU_INFO:Time           3580613000:ncsu_component::nb_put():  of test.env.predictor called
# NCSU_INFO:Time           3580619000:ncsu_component::nb_transport():  of test.env.scoreboard called
# NCSU_INFO:Time           3580619000:ncsu_component::nb_put():  of test.env.predictor called
# NCSU_INFO:Time           3582311000:ncsu_component::nb_transport():  of test.env.scoreboard called
# NCSU_INFO:Time           3582311000:ncsu_component::nb_put():  of test.env.predictor called
# NCSU_INFO:Time           3582315000:FINISH: wb_driver::run():  of test.env.wb_agent.driver is called.
# NCSU_INFO:Time           3582315000:START: wb_driver::run():  of test.env.wb_agent.driver is called.
# NCSU_INFO:Time           3582315000:i2c_driver::bl_put():  of test.env.i2c_agent.driver called
# NCSU_INFO:Time           3582317000:ncsu_component::nb_transport():  of test.env.scoreboard called
# NCSU_INFO:Time           3582317000:ncsu_component::nb_put():  of test.env.predictor called
# NCSU_INFO:Time           3582323000:ncsu_component::nb_transport():  of test.env.scoreboard called
# NCSU_INFO:Time           3582323000:ncsu_component::nb_put():  of test.env.predictor called
# NCSU_INFO:Time           3582331000:ncsu_component::nb_transport():  of test.env.scoreboard called
# NCSU_INFO:Time           3582331000:ncsu_component::nb_put():  of test.env.predictor called
# NCSU_INFO:Time           3582339000:ncsu_component::nb_transport():  of test.env.scoreboard called
# NCSU_INFO:Time           3582339000:ncsu_component::nb_put():  of test.env.predictor called
# NCSU_INFO:Time           3582347000:ncsu_component::nb_transport():  of test.env.scoreboard called
# NCSU_INFO:Time           3582347000:ncsu_component::nb_put():  of test.env.predictor called
# NCSU_INFO:Time           3582353000:ncsu_component::nb_transport():  of test.env.scoreboard called
# NCSU_INFO:Time           3582353000:ncsu_component::nb_put():  of test.env.predictor called
# NCSU_INFO:Time           3584229000:ncsu_component::nb_transport():  of test.env.scoreboard called
# NCSU_INFO:Time           3584229000:ncsu_component::nb_put():  of test.env.predictor called
# NCSU_INFO:Time           3584235000:ncsu_component::nb_transport():  of test.env.scoreboard called
# NCSU_INFO:Time           3584235000:ncsu_component::nb_put():  of test.env.predictor called
# NCSU_INFO:Time           3584241000:ncsu_component::nb_transport():  of test.env.scoreboard called
# NCSU_INFO:Time           3584241000:ncsu_component::nb_put():  of test.env.predictor called
# NCSU_INFO:Time           3584249000:ncsu_component::nb_transport():  of test.env.scoreboard called
# NCSU_INFO:Time           3584249000:ncsu_component::nb_put():  of test.env.predictor called
# NCSU_INFO:Time           3602293000:ncsu_component::nb_transport():  of test.env.scoreboard called
# NCSU_INFO:Time           3602293000:ncsu_component::nb_put():  of test.env.predictor called
# wb_data_sent:  94
# NCSU_INFO:Time           3602299000:ncsu_component::nb_transport():  of test.env.scoreboard called
# NCSU_INFO:Time           3602299000:ncsu_component::nb_put():  of test.env.predictor called
# NCSU_INFO:Time           3602307000:ncsu_component::nb_transport():  of test.env.scoreboard called
# NCSU_INFO:Time           3602307000:ncsu_component::nb_put():  of test.env.predictor called
# NCSU_INFO:Time           3620349000:i2c_monitor::run():  of test.env.i2c_agent.monitor called.
#  Slave address:0x22;
#  RW:0;
#  Data:94 0 0 0 0 0 0 0 0 0 0 0 0 0 0 0 0 0 0 0 0 0 0 0 0 0 0 0 0 0 0 0 0 0 0 0 0 0 0 0 0 0 0 0 0 0 0 0 0 0 0 0 0 0 0 0 0 0 0 0 0 0 0 0
# NCSU_INFO:Time           3620349000:ncsu_component::nb_put():  of test.env.scoreboard called
# NCSU_INFO:Time           3620351000:ncsu_component::nb_transport():  of test.env.scoreboard called
# NCSU_INFO:Time           3620351000:ncsu_component::nb_put():  of test.env.predictor called
# NCSU_INFO:Time           3620357000:ncsu_component::nb_transport():  of test.env.scoreboard called
# NCSU_INFO:Time           3620357000:ncsu_component::nb_put():  of test.env.predictor called
# NCSU_INFO:Time           3622049000:ncsu_component::nb_transport():  of test.env.scoreboard called
# NCSU_INFO:Time           3622049000:ncsu_component::nb_put():  of test.env.predictor called
# NCSU_INFO:Time           3622053000:FINISH: wb_driver::run():  of test.env.wb_agent.driver is called.
# NCSU_INFO:Time           3622053000:START: wb_driver::run():  of test.env.wb_agent.driver is called.
# NCSU_INFO:Time           3622053000:i2c_driver::bl_put():  of test.env.i2c_agent.driver called
# NCSU_INFO:Time           3622055000:ncsu_component::nb_transport():  of test.env.scoreboard called
# NCSU_INFO:Time           3622055000:ncsu_component::nb_put():  of test.env.predictor called
# NCSU_INFO:Time           3622061000:ncsu_component::nb_transport():  of test.env.scoreboard called
# NCSU_INFO:Time           3622061000:ncsu_component::nb_put():  of test.env.predictor called
# NCSU_INFO:Time           3622069000:ncsu_component::nb_transport():  of test.env.scoreboard called
# NCSU_INFO:Time           3622069000:ncsu_component::nb_put():  of test.env.predictor called
# NCSU_INFO:Time           3622077000:ncsu_component::nb_transport():  of test.env.scoreboard called
# NCSU_INFO:Time           3622077000:ncsu_component::nb_put():  of test.env.predictor called
# NCSU_INFO:Time           3622085000:ncsu_component::nb_transport():  of test.env.scoreboard called
# NCSU_INFO:Time           3622085000:ncsu_component::nb_put():  of test.env.predictor called
# NCSU_INFO:Time           3622091000:ncsu_component::nb_transport():  of test.env.scoreboard called
# NCSU_INFO:Time           3622091000:ncsu_component::nb_put():  of test.env.predictor called
# NCSU_INFO:Time           3623967000:ncsu_component::nb_transport():  of test.env.scoreboard called
# NCSU_INFO:Time           3623967000:ncsu_component::nb_put():  of test.env.predictor called
# NCSU_INFO:Time           3623973000:ncsu_component::nb_transport():  of test.env.scoreboard called
# NCSU_INFO:Time           3623973000:ncsu_component::nb_put():  of test.env.predictor called
# NCSU_INFO:Time           3623979000:ncsu_component::nb_transport():  of test.env.scoreboard called
# NCSU_INFO:Time           3623979000:ncsu_component::nb_put():  of test.env.predictor called
# NCSU_INFO:Time           3623987000:ncsu_component::nb_transport():  of test.env.scoreboard called
# NCSU_INFO:Time           3623987000:ncsu_component::nb_put():  of test.env.predictor called
# NCSU_INFO:Time           3642031000:ncsu_component::nb_transport():  of test.env.scoreboard called
# NCSU_INFO:Time           3642031000:ncsu_component::nb_put():  of test.env.predictor called
# NCSU_INFO:Time           3642037000:ncsu_component::nb_transport():  of test.env.scoreboard called
# NCSU_INFO:Time           3642037000:ncsu_component::nb_put():  of test.env.predictor called
# NCSU_INFO:Time           3660081000:ncsu_component::nb_transport():  of test.env.scoreboard called
# NCSU_INFO:Time           3660081000:ncsu_component::nb_put():  of test.env.predictor called
# wb data received:  33
# NCSU_INFO:Time           3660085000:i2c_monitor::run():  of test.env.i2c_agent.monitor called.
#  Slave address:0x22;
#  RW:1;
#  Data:33
# NCSU_INFO:Time           3660085000:ncsu_component::nb_put():  of test.env.scoreboard called
# NCSU_INFO:Time           3660087000:ncsu_component::nb_transport():  of test.env.scoreboard called
# NCSU_INFO:Time           3660087000:ncsu_component::nb_put():  of test.env.predictor called
# NCSU_INFO:Time           3660093000:ncsu_component::nb_transport():  of test.env.scoreboard called
# NCSU_INFO:Time           3660093000:ncsu_component::nb_put():  of test.env.predictor called
# NCSU_INFO:Time           3661785000:ncsu_component::nb_transport():  of test.env.scoreboard called
# NCSU_INFO:Time           3661785000:ncsu_component::nb_put():  of test.env.predictor called
# NCSU_INFO:Time           3661789000:FINISH: wb_driver::run():  of test.env.wb_agent.driver is called.
# NCSU_INFO:Time           3661789000:START: wb_driver::run():  of test.env.wb_agent.driver is called.
# NCSU_INFO:Time           3661789000:i2c_driver::bl_put():  of test.env.i2c_agent.driver called
# NCSU_INFO:Time           3661791000:ncsu_component::nb_transport():  of test.env.scoreboard called
# NCSU_INFO:Time           3661791000:ncsu_component::nb_put():  of test.env.predictor called
# NCSU_INFO:Time           3661797000:ncsu_component::nb_transport():  of test.env.scoreboard called
# NCSU_INFO:Time           3661797000:ncsu_component::nb_put():  of test.env.predictor called
# NCSU_INFO:Time           3661805000:ncsu_component::nb_transport():  of test.env.scoreboard called
# NCSU_INFO:Time           3661805000:ncsu_component::nb_put():  of test.env.predictor called
# NCSU_INFO:Time           3661813000:ncsu_component::nb_transport():  of test.env.scoreboard called
# NCSU_INFO:Time           3661813000:ncsu_component::nb_put():  of test.env.predictor called
# NCSU_INFO:Time           3661821000:ncsu_component::nb_transport():  of test.env.scoreboard called
# NCSU_INFO:Time           3661821000:ncsu_component::nb_put():  of test.env.predictor called
# NCSU_INFO:Time           3661827000:ncsu_component::nb_transport():  of test.env.scoreboard called
# NCSU_INFO:Time           3661827000:ncsu_component::nb_put():  of test.env.predictor called
# NCSU_INFO:Time           3663703000:ncsu_component::nb_transport():  of test.env.scoreboard called
# NCSU_INFO:Time           3663703000:ncsu_component::nb_put():  of test.env.predictor called
# NCSU_INFO:Time           3663709000:ncsu_component::nb_transport():  of test.env.scoreboard called
# NCSU_INFO:Time           3663709000:ncsu_component::nb_put():  of test.env.predictor called
# NCSU_INFO:Time           3663715000:ncsu_component::nb_transport():  of test.env.scoreboard called
# NCSU_INFO:Time           3663715000:ncsu_component::nb_put():  of test.env.predictor called
# NCSU_INFO:Time           3663723000:ncsu_component::nb_transport():  of test.env.scoreboard called
# NCSU_INFO:Time           3663723000:ncsu_component::nb_put():  of test.env.predictor called
# NCSU_INFO:Time           3681767000:ncsu_component::nb_transport():  of test.env.scoreboard called
# NCSU_INFO:Time           3681767000:ncsu_component::nb_put():  of test.env.predictor called
# wb_data_sent:  95
# NCSU_INFO:Time           3681773000:ncsu_component::nb_transport():  of test.env.scoreboard called
# NCSU_INFO:Time           3681773000:ncsu_component::nb_put():  of test.env.predictor called
# NCSU_INFO:Time           3681781000:ncsu_component::nb_transport():  of test.env.scoreboard called
# NCSU_INFO:Time           3681781000:ncsu_component::nb_put():  of test.env.predictor called
# NCSU_INFO:Time           3699823000:i2c_monitor::run():  of test.env.i2c_agent.monitor called.
#  Slave address:0x22;
#  RW:0;
#  Data:95 0 0 0 0 0 0 0 0 0 0 0 0 0 0 0 0 0 0 0 0 0 0 0 0 0 0 0 0 0 0 0 0 0 0 0 0 0 0 0 0 0 0 0 0 0 0 0 0 0 0 0 0 0 0 0 0 0 0 0 0 0 0 0
# NCSU_INFO:Time           3699823000:ncsu_component::nb_put():  of test.env.scoreboard called
# NCSU_INFO:Time           3699825000:ncsu_component::nb_transport():  of test.env.scoreboard called
# NCSU_INFO:Time           3699825000:ncsu_component::nb_put():  of test.env.predictor called
# NCSU_INFO:Time           3699831000:ncsu_component::nb_transport():  of test.env.scoreboard called
# NCSU_INFO:Time           3699831000:ncsu_component::nb_put():  of test.env.predictor called
# NCSU_INFO:Time           3701523000:ncsu_component::nb_transport():  of test.env.scoreboard called
# NCSU_INFO:Time           3701523000:ncsu_component::nb_put():  of test.env.predictor called
# NCSU_INFO:Time           3701527000:FINISH: wb_driver::run():  of test.env.wb_agent.driver is called.
# NCSU_INFO:Time           3701527000:START: wb_driver::run():  of test.env.wb_agent.driver is called.
# NCSU_INFO:Time           3701527000:i2c_driver::bl_put():  of test.env.i2c_agent.driver called
# NCSU_INFO:Time           3701529000:ncsu_component::nb_transport():  of test.env.scoreboard called
# NCSU_INFO:Time           3701529000:ncsu_component::nb_put():  of test.env.predictor called
# NCSU_INFO:Time           3701535000:ncsu_component::nb_transport():  of test.env.scoreboard called
# NCSU_INFO:Time           3701535000:ncsu_component::nb_put():  of test.env.predictor called
# NCSU_INFO:Time           3701543000:ncsu_component::nb_transport():  of test.env.scoreboard called
# NCSU_INFO:Time           3701543000:ncsu_component::nb_put():  of test.env.predictor called
# NCSU_INFO:Time           3701551000:ncsu_component::nb_transport():  of test.env.scoreboard called
# NCSU_INFO:Time           3701551000:ncsu_component::nb_put():  of test.env.predictor called
# NCSU_INFO:Time           3701559000:ncsu_component::nb_transport():  of test.env.scoreboard called
# NCSU_INFO:Time           3701559000:ncsu_component::nb_put():  of test.env.predictor called
# NCSU_INFO:Time           3701565000:ncsu_component::nb_transport():  of test.env.scoreboard called
# NCSU_INFO:Time           3701565000:ncsu_component::nb_put():  of test.env.predictor called
# NCSU_INFO:Time           3703441000:ncsu_component::nb_transport():  of test.env.scoreboard called
# NCSU_INFO:Time           3703441000:ncsu_component::nb_put():  of test.env.predictor called
# NCSU_INFO:Time           3703447000:ncsu_component::nb_transport():  of test.env.scoreboard called
# NCSU_INFO:Time           3703447000:ncsu_component::nb_put():  of test.env.predictor called
# NCSU_INFO:Time           3703453000:ncsu_component::nb_transport():  of test.env.scoreboard called
# NCSU_INFO:Time           3703453000:ncsu_component::nb_put():  of test.env.predictor called
# NCSU_INFO:Time           3703461000:ncsu_component::nb_transport():  of test.env.scoreboard called
# NCSU_INFO:Time           3703461000:ncsu_component::nb_put():  of test.env.predictor called
# NCSU_INFO:Time           3721505000:ncsu_component::nb_transport():  of test.env.scoreboard called
# NCSU_INFO:Time           3721505000:ncsu_component::nb_put():  of test.env.predictor called
# NCSU_INFO:Time           3721511000:ncsu_component::nb_transport():  of test.env.scoreboard called
# NCSU_INFO:Time           3721511000:ncsu_component::nb_put():  of test.env.predictor called
# NCSU_INFO:Time           3739555000:ncsu_component::nb_transport():  of test.env.scoreboard called
# NCSU_INFO:Time           3739555000:ncsu_component::nb_put():  of test.env.predictor called
# wb data received:  32
# NCSU_INFO:Time           3739559000:i2c_monitor::run():  of test.env.i2c_agent.monitor called.
#  Slave address:0x22;
#  RW:1;
#  Data:32
# NCSU_INFO:Time           3739559000:ncsu_component::nb_put():  of test.env.scoreboard called
# NCSU_INFO:Time           3739561000:ncsu_component::nb_transport():  of test.env.scoreboard called
# NCSU_INFO:Time           3739561000:ncsu_component::nb_put():  of test.env.predictor called
# NCSU_INFO:Time           3739567000:ncsu_component::nb_transport():  of test.env.scoreboard called
# NCSU_INFO:Time           3739567000:ncsu_component::nb_put():  of test.env.predictor called
# NCSU_INFO:Time           3741259000:ncsu_component::nb_transport():  of test.env.scoreboard called
# NCSU_INFO:Time           3741259000:ncsu_component::nb_put():  of test.env.predictor called
# NCSU_INFO:Time           3741263000:FINISH: wb_driver::run():  of test.env.wb_agent.driver is called.
# NCSU_INFO:Time           3741263000:START: wb_driver::run():  of test.env.wb_agent.driver is called.
# NCSU_INFO:Time           3741263000:i2c_driver::bl_put():  of test.env.i2c_agent.driver called
# NCSU_INFO:Time           3741265000:ncsu_component::nb_transport():  of test.env.scoreboard called
# NCSU_INFO:Time           3741265000:ncsu_component::nb_put():  of test.env.predictor called
# NCSU_INFO:Time           3741271000:ncsu_component::nb_transport():  of test.env.scoreboard called
# NCSU_INFO:Time           3741271000:ncsu_component::nb_put():  of test.env.predictor called
# NCSU_INFO:Time           3741279000:ncsu_component::nb_transport():  of test.env.scoreboard called
# NCSU_INFO:Time           3741279000:ncsu_component::nb_put():  of test.env.predictor called
# NCSU_INFO:Time           3741287000:ncsu_component::nb_transport():  of test.env.scoreboard called
# NCSU_INFO:Time           3741287000:ncsu_component::nb_put():  of test.env.predictor called
# NCSU_INFO:Time           3741295000:ncsu_component::nb_transport():  of test.env.scoreboard called
# NCSU_INFO:Time           3741295000:ncsu_component::nb_put():  of test.env.predictor called
# NCSU_INFO:Time           3741301000:ncsu_component::nb_transport():  of test.env.scoreboard called
# NCSU_INFO:Time           3741301000:ncsu_component::nb_put():  of test.env.predictor called
# NCSU_INFO:Time           3743177000:ncsu_component::nb_transport():  of test.env.scoreboard called
# NCSU_INFO:Time           3743177000:ncsu_component::nb_put():  of test.env.predictor called
# NCSU_INFO:Time           3743183000:ncsu_component::nb_transport():  of test.env.scoreboard called
# NCSU_INFO:Time           3743183000:ncsu_component::nb_put():  of test.env.predictor called
# NCSU_INFO:Time           3743189000:ncsu_component::nb_transport():  of test.env.scoreboard called
# NCSU_INFO:Time           3743189000:ncsu_component::nb_put():  of test.env.predictor called
# NCSU_INFO:Time           3743197000:ncsu_component::nb_transport():  of test.env.scoreboard called
# NCSU_INFO:Time           3743197000:ncsu_component::nb_put():  of test.env.predictor called
# NCSU_INFO:Time           3761241000:ncsu_component::nb_transport():  of test.env.scoreboard called
# NCSU_INFO:Time           3761241000:ncsu_component::nb_put():  of test.env.predictor called
# wb_data_sent:  96
# NCSU_INFO:Time           3761247000:ncsu_component::nb_transport():  of test.env.scoreboard called
# NCSU_INFO:Time           3761247000:ncsu_component::nb_put():  of test.env.predictor called
# NCSU_INFO:Time           3761255000:ncsu_component::nb_transport():  of test.env.scoreboard called
# NCSU_INFO:Time           3761255000:ncsu_component::nb_put():  of test.env.predictor called
# NCSU_INFO:Time           3779297000:i2c_monitor::run():  of test.env.i2c_agent.monitor called.
#  Slave address:0x22;
#  RW:0;
#  Data:96 0 0 0 0 0 0 0 0 0 0 0 0 0 0 0 0 0 0 0 0 0 0 0 0 0 0 0 0 0 0 0 0 0 0 0 0 0 0 0 0 0 0 0 0 0 0 0 0 0 0 0 0 0 0 0 0 0 0 0 0 0 0 0
# NCSU_INFO:Time           3779297000:ncsu_component::nb_put():  of test.env.scoreboard called
# NCSU_INFO:Time           3779299000:ncsu_component::nb_transport():  of test.env.scoreboard called
# NCSU_INFO:Time           3779299000:ncsu_component::nb_put():  of test.env.predictor called
# NCSU_INFO:Time           3779305000:ncsu_component::nb_transport():  of test.env.scoreboard called
# NCSU_INFO:Time           3779305000:ncsu_component::nb_put():  of test.env.predictor called
# NCSU_INFO:Time           3780997000:ncsu_component::nb_transport():  of test.env.scoreboard called
# NCSU_INFO:Time           3780997000:ncsu_component::nb_put():  of test.env.predictor called
# NCSU_INFO:Time           3781001000:FINISH: wb_driver::run():  of test.env.wb_agent.driver is called.
# NCSU_INFO:Time           3781001000:START: wb_driver::run():  of test.env.wb_agent.driver is called.
# NCSU_INFO:Time           3781001000:i2c_driver::bl_put():  of test.env.i2c_agent.driver called
# NCSU_INFO:Time           3781003000:ncsu_component::nb_transport():  of test.env.scoreboard called
# NCSU_INFO:Time           3781003000:ncsu_component::nb_put():  of test.env.predictor called
# NCSU_INFO:Time           3781009000:ncsu_component::nb_transport():  of test.env.scoreboard called
# NCSU_INFO:Time           3781009000:ncsu_component::nb_put():  of test.env.predictor called
# NCSU_INFO:Time           3781017000:ncsu_component::nb_transport():  of test.env.scoreboard called
# NCSU_INFO:Time           3781017000:ncsu_component::nb_put():  of test.env.predictor called
# NCSU_INFO:Time           3781025000:ncsu_component::nb_transport():  of test.env.scoreboard called
# NCSU_INFO:Time           3781025000:ncsu_component::nb_put():  of test.env.predictor called
# NCSU_INFO:Time           3781033000:ncsu_component::nb_transport():  of test.env.scoreboard called
# NCSU_INFO:Time           3781033000:ncsu_component::nb_put():  of test.env.predictor called
# NCSU_INFO:Time           3781039000:ncsu_component::nb_transport():  of test.env.scoreboard called
# NCSU_INFO:Time           3781039000:ncsu_component::nb_put():  of test.env.predictor called
# NCSU_INFO:Time           3782915000:ncsu_component::nb_transport():  of test.env.scoreboard called
# NCSU_INFO:Time           3782915000:ncsu_component::nb_put():  of test.env.predictor called
# NCSU_INFO:Time           3782921000:ncsu_component::nb_transport():  of test.env.scoreboard called
# NCSU_INFO:Time           3782921000:ncsu_component::nb_put():  of test.env.predictor called
# NCSU_INFO:Time           3782927000:ncsu_component::nb_transport():  of test.env.scoreboard called
# NCSU_INFO:Time           3782927000:ncsu_component::nb_put():  of test.env.predictor called
# NCSU_INFO:Time           3782935000:ncsu_component::nb_transport():  of test.env.scoreboard called
# NCSU_INFO:Time           3782935000:ncsu_component::nb_put():  of test.env.predictor called
# NCSU_INFO:Time           3800979000:ncsu_component::nb_transport():  of test.env.scoreboard called
# NCSU_INFO:Time           3800979000:ncsu_component::nb_put():  of test.env.predictor called
# NCSU_INFO:Time           3800985000:ncsu_component::nb_transport():  of test.env.scoreboard called
# NCSU_INFO:Time           3800985000:ncsu_component::nb_put():  of test.env.predictor called
# NCSU_INFO:Time           3819029000:ncsu_component::nb_transport():  of test.env.scoreboard called
# NCSU_INFO:Time           3819029000:ncsu_component::nb_put():  of test.env.predictor called
# wb data received:  31
# NCSU_INFO:Time           3819033000:i2c_monitor::run():  of test.env.i2c_agent.monitor called.
#  Slave address:0x22;
#  RW:1;
#  Data:31
# NCSU_INFO:Time           3819033000:ncsu_component::nb_put():  of test.env.scoreboard called
# NCSU_INFO:Time           3819035000:ncsu_component::nb_transport():  of test.env.scoreboard called
# NCSU_INFO:Time           3819035000:ncsu_component::nb_put():  of test.env.predictor called
# NCSU_INFO:Time           3819041000:ncsu_component::nb_transport():  of test.env.scoreboard called
# NCSU_INFO:Time           3819041000:ncsu_component::nb_put():  of test.env.predictor called
# NCSU_INFO:Time           3820733000:ncsu_component::nb_transport():  of test.env.scoreboard called
# NCSU_INFO:Time           3820733000:ncsu_component::nb_put():  of test.env.predictor called
# NCSU_INFO:Time           3820737000:FINISH: wb_driver::run():  of test.env.wb_agent.driver is called.
# NCSU_INFO:Time           3820737000:START: wb_driver::run():  of test.env.wb_agent.driver is called.
# NCSU_INFO:Time           3820737000:i2c_driver::bl_put():  of test.env.i2c_agent.driver called
# NCSU_INFO:Time           3820739000:ncsu_component::nb_transport():  of test.env.scoreboard called
# NCSU_INFO:Time           3820739000:ncsu_component::nb_put():  of test.env.predictor called
# NCSU_INFO:Time           3820745000:ncsu_component::nb_transport():  of test.env.scoreboard called
# NCSU_INFO:Time           3820745000:ncsu_component::nb_put():  of test.env.predictor called
# NCSU_INFO:Time           3820753000:ncsu_component::nb_transport():  of test.env.scoreboard called
# NCSU_INFO:Time           3820753000:ncsu_component::nb_put():  of test.env.predictor called
# NCSU_INFO:Time           3820761000:ncsu_component::nb_transport():  of test.env.scoreboard called
# NCSU_INFO:Time           3820761000:ncsu_component::nb_put():  of test.env.predictor called
# NCSU_INFO:Time           3820769000:ncsu_component::nb_transport():  of test.env.scoreboard called
# NCSU_INFO:Time           3820769000:ncsu_component::nb_put():  of test.env.predictor called
# NCSU_INFO:Time           3820775000:ncsu_component::nb_transport():  of test.env.scoreboard called
# NCSU_INFO:Time           3820775000:ncsu_component::nb_put():  of test.env.predictor called
# NCSU_INFO:Time           3822651000:ncsu_component::nb_transport():  of test.env.scoreboard called
# NCSU_INFO:Time           3822651000:ncsu_component::nb_put():  of test.env.predictor called
# NCSU_INFO:Time           3822657000:ncsu_component::nb_transport():  of test.env.scoreboard called
# NCSU_INFO:Time           3822657000:ncsu_component::nb_put():  of test.env.predictor called
# NCSU_INFO:Time           3822663000:ncsu_component::nb_transport():  of test.env.scoreboard called
# NCSU_INFO:Time           3822663000:ncsu_component::nb_put():  of test.env.predictor called
# NCSU_INFO:Time           3822671000:ncsu_component::nb_transport():  of test.env.scoreboard called
# NCSU_INFO:Time           3822671000:ncsu_component::nb_put():  of test.env.predictor called
# NCSU_INFO:Time           3840715000:ncsu_component::nb_transport():  of test.env.scoreboard called
# NCSU_INFO:Time           3840715000:ncsu_component::nb_put():  of test.env.predictor called
# wb_data_sent:  97
# NCSU_INFO:Time           3840721000:ncsu_component::nb_transport():  of test.env.scoreboard called
# NCSU_INFO:Time           3840721000:ncsu_component::nb_put():  of test.env.predictor called
# NCSU_INFO:Time           3840729000:ncsu_component::nb_transport():  of test.env.scoreboard called
# NCSU_INFO:Time           3840729000:ncsu_component::nb_put():  of test.env.predictor called
# NCSU_INFO:Time           3858771000:i2c_monitor::run():  of test.env.i2c_agent.monitor called.
#  Slave address:0x22;
#  RW:0;
#  Data:97 0 0 0 0 0 0 0 0 0 0 0 0 0 0 0 0 0 0 0 0 0 0 0 0 0 0 0 0 0 0 0 0 0 0 0 0 0 0 0 0 0 0 0 0 0 0 0 0 0 0 0 0 0 0 0 0 0 0 0 0 0 0 0
# NCSU_INFO:Time           3858771000:ncsu_component::nb_put():  of test.env.scoreboard called
# NCSU_INFO:Time           3858773000:ncsu_component::nb_transport():  of test.env.scoreboard called
# NCSU_INFO:Time           3858773000:ncsu_component::nb_put():  of test.env.predictor called
# NCSU_INFO:Time           3858779000:ncsu_component::nb_transport():  of test.env.scoreboard called
# NCSU_INFO:Time           3858779000:ncsu_component::nb_put():  of test.env.predictor called
# NCSU_INFO:Time           3860471000:ncsu_component::nb_transport():  of test.env.scoreboard called
# NCSU_INFO:Time           3860471000:ncsu_component::nb_put():  of test.env.predictor called
# NCSU_INFO:Time           3860475000:FINISH: wb_driver::run():  of test.env.wb_agent.driver is called.
# NCSU_INFO:Time           3860475000:START: wb_driver::run():  of test.env.wb_agent.driver is called.
# NCSU_INFO:Time           3860475000:i2c_driver::bl_put():  of test.env.i2c_agent.driver called
# NCSU_INFO:Time           3860477000:ncsu_component::nb_transport():  of test.env.scoreboard called
# NCSU_INFO:Time           3860477000:ncsu_component::nb_put():  of test.env.predictor called
# NCSU_INFO:Time           3860483000:ncsu_component::nb_transport():  of test.env.scoreboard called
# NCSU_INFO:Time           3860483000:ncsu_component::nb_put():  of test.env.predictor called
# NCSU_INFO:Time           3860491000:ncsu_component::nb_transport():  of test.env.scoreboard called
# NCSU_INFO:Time           3860491000:ncsu_component::nb_put():  of test.env.predictor called
# NCSU_INFO:Time           3860499000:ncsu_component::nb_transport():  of test.env.scoreboard called
# NCSU_INFO:Time           3860499000:ncsu_component::nb_put():  of test.env.predictor called
# NCSU_INFO:Time           3860507000:ncsu_component::nb_transport():  of test.env.scoreboard called
# NCSU_INFO:Time           3860507000:ncsu_component::nb_put():  of test.env.predictor called
# NCSU_INFO:Time           3860513000:ncsu_component::nb_transport():  of test.env.scoreboard called
# NCSU_INFO:Time           3860513000:ncsu_component::nb_put():  of test.env.predictor called
# NCSU_INFO:Time           3862389000:ncsu_component::nb_transport():  of test.env.scoreboard called
# NCSU_INFO:Time           3862389000:ncsu_component::nb_put():  of test.env.predictor called
# NCSU_INFO:Time           3862395000:ncsu_component::nb_transport():  of test.env.scoreboard called
# NCSU_INFO:Time           3862395000:ncsu_component::nb_put():  of test.env.predictor called
# NCSU_INFO:Time           3862401000:ncsu_component::nb_transport():  of test.env.scoreboard called
# NCSU_INFO:Time           3862401000:ncsu_component::nb_put():  of test.env.predictor called
# NCSU_INFO:Time           3862409000:ncsu_component::nb_transport():  of test.env.scoreboard called
# NCSU_INFO:Time           3862409000:ncsu_component::nb_put():  of test.env.predictor called
# NCSU_INFO:Time           3880453000:ncsu_component::nb_transport():  of test.env.scoreboard called
# NCSU_INFO:Time           3880453000:ncsu_component::nb_put():  of test.env.predictor called
# NCSU_INFO:Time           3880459000:ncsu_component::nb_transport():  of test.env.scoreboard called
# NCSU_INFO:Time           3880459000:ncsu_component::nb_put():  of test.env.predictor called
# NCSU_INFO:Time           3898503000:ncsu_component::nb_transport():  of test.env.scoreboard called
# NCSU_INFO:Time           3898503000:ncsu_component::nb_put():  of test.env.predictor called
# wb data received:  30
# NCSU_INFO:Time           3898507000:i2c_monitor::run():  of test.env.i2c_agent.monitor called.
#  Slave address:0x22;
#  RW:1;
#  Data:30
# NCSU_INFO:Time           3898507000:ncsu_component::nb_put():  of test.env.scoreboard called
# NCSU_INFO:Time           3898509000:ncsu_component::nb_transport():  of test.env.scoreboard called
# NCSU_INFO:Time           3898509000:ncsu_component::nb_put():  of test.env.predictor called
# NCSU_INFO:Time           3898515000:ncsu_component::nb_transport():  of test.env.scoreboard called
# NCSU_INFO:Time           3898515000:ncsu_component::nb_put():  of test.env.predictor called
# NCSU_INFO:Time           3900207000:ncsu_component::nb_transport():  of test.env.scoreboard called
# NCSU_INFO:Time           3900207000:ncsu_component::nb_put():  of test.env.predictor called
# NCSU_INFO:Time           3900211000:FINISH: wb_driver::run():  of test.env.wb_agent.driver is called.
# NCSU_INFO:Time           3900211000:START: wb_driver::run():  of test.env.wb_agent.driver is called.
# NCSU_INFO:Time           3900211000:i2c_driver::bl_put():  of test.env.i2c_agent.driver called
# NCSU_INFO:Time           3900213000:ncsu_component::nb_transport():  of test.env.scoreboard called
# NCSU_INFO:Time           3900213000:ncsu_component::nb_put():  of test.env.predictor called
# NCSU_INFO:Time           3900219000:ncsu_component::nb_transport():  of test.env.scoreboard called
# NCSU_INFO:Time           3900219000:ncsu_component::nb_put():  of test.env.predictor called
# NCSU_INFO:Time           3900227000:ncsu_component::nb_transport():  of test.env.scoreboard called
# NCSU_INFO:Time           3900227000:ncsu_component::nb_put():  of test.env.predictor called
# NCSU_INFO:Time           3900235000:ncsu_component::nb_transport():  of test.env.scoreboard called
# NCSU_INFO:Time           3900235000:ncsu_component::nb_put():  of test.env.predictor called
# NCSU_INFO:Time           3900243000:ncsu_component::nb_transport():  of test.env.scoreboard called
# NCSU_INFO:Time           3900243000:ncsu_component::nb_put():  of test.env.predictor called
# NCSU_INFO:Time           3900249000:ncsu_component::nb_transport():  of test.env.scoreboard called
# NCSU_INFO:Time           3900249000:ncsu_component::nb_put():  of test.env.predictor called
# NCSU_INFO:Time           3902125000:ncsu_component::nb_transport():  of test.env.scoreboard called
# NCSU_INFO:Time           3902125000:ncsu_component::nb_put():  of test.env.predictor called
# NCSU_INFO:Time           3902131000:ncsu_component::nb_transport():  of test.env.scoreboard called
# NCSU_INFO:Time           3902131000:ncsu_component::nb_put():  of test.env.predictor called
# NCSU_INFO:Time           3902137000:ncsu_component::nb_transport():  of test.env.scoreboard called
# NCSU_INFO:Time           3902137000:ncsu_component::nb_put():  of test.env.predictor called
# NCSU_INFO:Time           3902145000:ncsu_component::nb_transport():  of test.env.scoreboard called
# NCSU_INFO:Time           3902145000:ncsu_component::nb_put():  of test.env.predictor called
# NCSU_INFO:Time           3920189000:ncsu_component::nb_transport():  of test.env.scoreboard called
# NCSU_INFO:Time           3920189000:ncsu_component::nb_put():  of test.env.predictor called
# wb_data_sent:  98
# NCSU_INFO:Time           3920195000:ncsu_component::nb_transport():  of test.env.scoreboard called
# NCSU_INFO:Time           3920195000:ncsu_component::nb_put():  of test.env.predictor called
# NCSU_INFO:Time           3920203000:ncsu_component::nb_transport():  of test.env.scoreboard called
# NCSU_INFO:Time           3920203000:ncsu_component::nb_put():  of test.env.predictor called
# NCSU_INFO:Time           3938245000:i2c_monitor::run():  of test.env.i2c_agent.monitor called.
#  Slave address:0x22;
#  RW:0;
#  Data:98 0 0 0 0 0 0 0 0 0 0 0 0 0 0 0 0 0 0 0 0 0 0 0 0 0 0 0 0 0 0 0 0 0 0 0 0 0 0 0 0 0 0 0 0 0 0 0 0 0 0 0 0 0 0 0 0 0 0 0 0 0 0 0
# NCSU_INFO:Time           3938245000:ncsu_component::nb_put():  of test.env.scoreboard called
# NCSU_INFO:Time           3938247000:ncsu_component::nb_transport():  of test.env.scoreboard called
# NCSU_INFO:Time           3938247000:ncsu_component::nb_put():  of test.env.predictor called
# NCSU_INFO:Time           3938253000:ncsu_component::nb_transport():  of test.env.scoreboard called
# NCSU_INFO:Time           3938253000:ncsu_component::nb_put():  of test.env.predictor called
# NCSU_INFO:Time           3939945000:ncsu_component::nb_transport():  of test.env.scoreboard called
# NCSU_INFO:Time           3939945000:ncsu_component::nb_put():  of test.env.predictor called
# NCSU_INFO:Time           3939949000:FINISH: wb_driver::run():  of test.env.wb_agent.driver is called.
# NCSU_INFO:Time           3939949000:START: wb_driver::run():  of test.env.wb_agent.driver is called.
# NCSU_INFO:Time           3939949000:i2c_driver::bl_put():  of test.env.i2c_agent.driver called
# NCSU_INFO:Time           3939951000:ncsu_component::nb_transport():  of test.env.scoreboard called
# NCSU_INFO:Time           3939951000:ncsu_component::nb_put():  of test.env.predictor called
# NCSU_INFO:Time           3939957000:ncsu_component::nb_transport():  of test.env.scoreboard called
# NCSU_INFO:Time           3939957000:ncsu_component::nb_put():  of test.env.predictor called
# NCSU_INFO:Time           3939965000:ncsu_component::nb_transport():  of test.env.scoreboard called
# NCSU_INFO:Time           3939965000:ncsu_component::nb_put():  of test.env.predictor called
# NCSU_INFO:Time           3939973000:ncsu_component::nb_transport():  of test.env.scoreboard called
# NCSU_INFO:Time           3939973000:ncsu_component::nb_put():  of test.env.predictor called
# NCSU_INFO:Time           3939981000:ncsu_component::nb_transport():  of test.env.scoreboard called
# NCSU_INFO:Time           3939981000:ncsu_component::nb_put():  of test.env.predictor called
# NCSU_INFO:Time           3939987000:ncsu_component::nb_transport():  of test.env.scoreboard called
# NCSU_INFO:Time           3939987000:ncsu_component::nb_put():  of test.env.predictor called
# NCSU_INFO:Time           3941863000:ncsu_component::nb_transport():  of test.env.scoreboard called
# NCSU_INFO:Time           3941863000:ncsu_component::nb_put():  of test.env.predictor called
# NCSU_INFO:Time           3941869000:ncsu_component::nb_transport():  of test.env.scoreboard called
# NCSU_INFO:Time           3941869000:ncsu_component::nb_put():  of test.env.predictor called
# NCSU_INFO:Time           3941875000:ncsu_component::nb_transport():  of test.env.scoreboard called
# NCSU_INFO:Time           3941875000:ncsu_component::nb_put():  of test.env.predictor called
# NCSU_INFO:Time           3941883000:ncsu_component::nb_transport():  of test.env.scoreboard called
# NCSU_INFO:Time           3941883000:ncsu_component::nb_put():  of test.env.predictor called
# NCSU_INFO:Time           3959927000:ncsu_component::nb_transport():  of test.env.scoreboard called
# NCSU_INFO:Time           3959927000:ncsu_component::nb_put():  of test.env.predictor called
# NCSU_INFO:Time           3959933000:ncsu_component::nb_transport():  of test.env.scoreboard called
# NCSU_INFO:Time           3959933000:ncsu_component::nb_put():  of test.env.predictor called
# NCSU_INFO:Time           3977977000:ncsu_component::nb_transport():  of test.env.scoreboard called
# NCSU_INFO:Time           3977977000:ncsu_component::nb_put():  of test.env.predictor called
# wb data received:  29
# NCSU_INFO:Time           3977981000:i2c_monitor::run():  of test.env.i2c_agent.monitor called.
#  Slave address:0x22;
#  RW:1;
#  Data:29
# NCSU_INFO:Time           3977981000:ncsu_component::nb_put():  of test.env.scoreboard called
# NCSU_INFO:Time           3977983000:ncsu_component::nb_transport():  of test.env.scoreboard called
# NCSU_INFO:Time           3977983000:ncsu_component::nb_put():  of test.env.predictor called
# NCSU_INFO:Time           3977989000:ncsu_component::nb_transport():  of test.env.scoreboard called
# NCSU_INFO:Time           3977989000:ncsu_component::nb_put():  of test.env.predictor called
# NCSU_INFO:Time           3979681000:ncsu_component::nb_transport():  of test.env.scoreboard called
# NCSU_INFO:Time           3979681000:ncsu_component::nb_put():  of test.env.predictor called
# NCSU_INFO:Time           3979685000:FINISH: wb_driver::run():  of test.env.wb_agent.driver is called.
# NCSU_INFO:Time           3979685000:START: wb_driver::run():  of test.env.wb_agent.driver is called.
# NCSU_INFO:Time           3979685000:i2c_driver::bl_put():  of test.env.i2c_agent.driver called
# NCSU_INFO:Time           3979687000:ncsu_component::nb_transport():  of test.env.scoreboard called
# NCSU_INFO:Time           3979687000:ncsu_component::nb_put():  of test.env.predictor called
# NCSU_INFO:Time           3979693000:ncsu_component::nb_transport():  of test.env.scoreboard called
# NCSU_INFO:Time           3979693000:ncsu_component::nb_put():  of test.env.predictor called
# NCSU_INFO:Time           3979701000:ncsu_component::nb_transport():  of test.env.scoreboard called
# NCSU_INFO:Time           3979701000:ncsu_component::nb_put():  of test.env.predictor called
# NCSU_INFO:Time           3979709000:ncsu_component::nb_transport():  of test.env.scoreboard called
# NCSU_INFO:Time           3979709000:ncsu_component::nb_put():  of test.env.predictor called
# NCSU_INFO:Time           3979717000:ncsu_component::nb_transport():  of test.env.scoreboard called
# NCSU_INFO:Time           3979717000:ncsu_component::nb_put():  of test.env.predictor called
# NCSU_INFO:Time           3979723000:ncsu_component::nb_transport():  of test.env.scoreboard called
# NCSU_INFO:Time           3979723000:ncsu_component::nb_put():  of test.env.predictor called
# NCSU_INFO:Time           3981599000:ncsu_component::nb_transport():  of test.env.scoreboard called
# NCSU_INFO:Time           3981599000:ncsu_component::nb_put():  of test.env.predictor called
# NCSU_INFO:Time           3981605000:ncsu_component::nb_transport():  of test.env.scoreboard called
# NCSU_INFO:Time           3981605000:ncsu_component::nb_put():  of test.env.predictor called
# NCSU_INFO:Time           3981611000:ncsu_component::nb_transport():  of test.env.scoreboard called
# NCSU_INFO:Time           3981611000:ncsu_component::nb_put():  of test.env.predictor called
# NCSU_INFO:Time           3981619000:ncsu_component::nb_transport():  of test.env.scoreboard called
# NCSU_INFO:Time           3981619000:ncsu_component::nb_put():  of test.env.predictor called
# NCSU_INFO:Time           3999663000:ncsu_component::nb_transport():  of test.env.scoreboard called
# NCSU_INFO:Time           3999663000:ncsu_component::nb_put():  of test.env.predictor called
# wb_data_sent:  99
# NCSU_INFO:Time           3999669000:ncsu_component::nb_transport():  of test.env.scoreboard called
# NCSU_INFO:Time           3999669000:ncsu_component::nb_put():  of test.env.predictor called
# NCSU_INFO:Time           3999677000:ncsu_component::nb_transport():  of test.env.scoreboard called
# NCSU_INFO:Time           3999677000:ncsu_component::nb_put():  of test.env.predictor called
# NCSU_INFO:Time           4017719000:i2c_monitor::run():  of test.env.i2c_agent.monitor called.
#  Slave address:0x22;
#  RW:0;
#  Data:99 0 0 0 0 0 0 0 0 0 0 0 0 0 0 0 0 0 0 0 0 0 0 0 0 0 0 0 0 0 0 0 0 0 0 0 0 0 0 0 0 0 0 0 0 0 0 0 0 0 0 0 0 0 0 0 0 0 0 0 0 0 0 0
# NCSU_INFO:Time           4017719000:ncsu_component::nb_put():  of test.env.scoreboard called
# NCSU_INFO:Time           4017721000:ncsu_component::nb_transport():  of test.env.scoreboard called
# NCSU_INFO:Time           4017721000:ncsu_component::nb_put():  of test.env.predictor called
# NCSU_INFO:Time           4017727000:ncsu_component::nb_transport():  of test.env.scoreboard called
# NCSU_INFO:Time           4017727000:ncsu_component::nb_put():  of test.env.predictor called
# NCSU_INFO:Time           4019419000:ncsu_component::nb_transport():  of test.env.scoreboard called
# NCSU_INFO:Time           4019419000:ncsu_component::nb_put():  of test.env.predictor called
# NCSU_INFO:Time           4019423000:FINISH: wb_driver::run():  of test.env.wb_agent.driver is called.
# NCSU_INFO:Time           4019423000:START: wb_driver::run():  of test.env.wb_agent.driver is called.
# NCSU_INFO:Time           4019423000:i2c_driver::bl_put():  of test.env.i2c_agent.driver called
# NCSU_INFO:Time           4019425000:ncsu_component::nb_transport():  of test.env.scoreboard called
# NCSU_INFO:Time           4019425000:ncsu_component::nb_put():  of test.env.predictor called
# NCSU_INFO:Time           4019431000:ncsu_component::nb_transport():  of test.env.scoreboard called
# NCSU_INFO:Time           4019431000:ncsu_component::nb_put():  of test.env.predictor called
# NCSU_INFO:Time           4019439000:ncsu_component::nb_transport():  of test.env.scoreboard called
# NCSU_INFO:Time           4019439000:ncsu_component::nb_put():  of test.env.predictor called
# NCSU_INFO:Time           4019447000:ncsu_component::nb_transport():  of test.env.scoreboard called
# NCSU_INFO:Time           4019447000:ncsu_component::nb_put():  of test.env.predictor called
# NCSU_INFO:Time           4019455000:ncsu_component::nb_transport():  of test.env.scoreboard called
# NCSU_INFO:Time           4019455000:ncsu_component::nb_put():  of test.env.predictor called
# NCSU_INFO:Time           4019461000:ncsu_component::nb_transport():  of test.env.scoreboard called
# NCSU_INFO:Time           4019461000:ncsu_component::nb_put():  of test.env.predictor called
# NCSU_INFO:Time           4021337000:ncsu_component::nb_transport():  of test.env.scoreboard called
# NCSU_INFO:Time           4021337000:ncsu_component::nb_put():  of test.env.predictor called
# NCSU_INFO:Time           4021343000:ncsu_component::nb_transport():  of test.env.scoreboard called
# NCSU_INFO:Time           4021343000:ncsu_component::nb_put():  of test.env.predictor called
# NCSU_INFO:Time           4021349000:ncsu_component::nb_transport():  of test.env.scoreboard called
# NCSU_INFO:Time           4021349000:ncsu_component::nb_put():  of test.env.predictor called
# NCSU_INFO:Time           4021357000:ncsu_component::nb_transport():  of test.env.scoreboard called
# NCSU_INFO:Time           4021357000:ncsu_component::nb_put():  of test.env.predictor called
# NCSU_INFO:Time           4039401000:ncsu_component::nb_transport():  of test.env.scoreboard called
# NCSU_INFO:Time           4039401000:ncsu_component::nb_put():  of test.env.predictor called
# NCSU_INFO:Time           4039407000:ncsu_component::nb_transport():  of test.env.scoreboard called
# NCSU_INFO:Time           4039407000:ncsu_component::nb_put():  of test.env.predictor called
# NCSU_INFO:Time           4057451000:ncsu_component::nb_transport():  of test.env.scoreboard called
# NCSU_INFO:Time           4057451000:ncsu_component::nb_put():  of test.env.predictor called
# wb data received:  28
# NCSU_INFO:Time           4057455000:i2c_monitor::run():  of test.env.i2c_agent.monitor called.
#  Slave address:0x22;
#  RW:1;
#  Data:28
# NCSU_INFO:Time           4057455000:ncsu_component::nb_put():  of test.env.scoreboard called
# NCSU_INFO:Time           4057457000:ncsu_component::nb_transport():  of test.env.scoreboard called
# NCSU_INFO:Time           4057457000:ncsu_component::nb_put():  of test.env.predictor called
# NCSU_INFO:Time           4057463000:ncsu_component::nb_transport():  of test.env.scoreboard called
# NCSU_INFO:Time           4057463000:ncsu_component::nb_put():  of test.env.predictor called
# NCSU_INFO:Time           4059155000:ncsu_component::nb_transport():  of test.env.scoreboard called
# NCSU_INFO:Time           4059155000:ncsu_component::nb_put():  of test.env.predictor called
# NCSU_INFO:Time           4059159000:FINISH: wb_driver::run():  of test.env.wb_agent.driver is called.
# NCSU_INFO:Time           4059159000:START: wb_driver::run():  of test.env.wb_agent.driver is called.
# NCSU_INFO:Time           4059159000:i2c_driver::bl_put():  of test.env.i2c_agent.driver called
# NCSU_INFO:Time           4059161000:ncsu_component::nb_transport():  of test.env.scoreboard called
# NCSU_INFO:Time           4059161000:ncsu_component::nb_put():  of test.env.predictor called
# NCSU_INFO:Time           4059167000:ncsu_component::nb_transport():  of test.env.scoreboard called
# NCSU_INFO:Time           4059167000:ncsu_component::nb_put():  of test.env.predictor called
# NCSU_INFO:Time           4059175000:ncsu_component::nb_transport():  of test.env.scoreboard called
# NCSU_INFO:Time           4059175000:ncsu_component::nb_put():  of test.env.predictor called
# NCSU_INFO:Time           4059183000:ncsu_component::nb_transport():  of test.env.scoreboard called
# NCSU_INFO:Time           4059183000:ncsu_component::nb_put():  of test.env.predictor called
# NCSU_INFO:Time           4059191000:ncsu_component::nb_transport():  of test.env.scoreboard called
# NCSU_INFO:Time           4059191000:ncsu_component::nb_put():  of test.env.predictor called
# NCSU_INFO:Time           4059197000:ncsu_component::nb_transport():  of test.env.scoreboard called
# NCSU_INFO:Time           4059197000:ncsu_component::nb_put():  of test.env.predictor called
# NCSU_INFO:Time           4061073000:ncsu_component::nb_transport():  of test.env.scoreboard called
# NCSU_INFO:Time           4061073000:ncsu_component::nb_put():  of test.env.predictor called
# NCSU_INFO:Time           4061079000:ncsu_component::nb_transport():  of test.env.scoreboard called
# NCSU_INFO:Time           4061079000:ncsu_component::nb_put():  of test.env.predictor called
# NCSU_INFO:Time           4061085000:ncsu_component::nb_transport():  of test.env.scoreboard called
# NCSU_INFO:Time           4061085000:ncsu_component::nb_put():  of test.env.predictor called
# NCSU_INFO:Time           4061093000:ncsu_component::nb_transport():  of test.env.scoreboard called
# NCSU_INFO:Time           4061093000:ncsu_component::nb_put():  of test.env.predictor called
# NCSU_INFO:Time           4079137000:ncsu_component::nb_transport():  of test.env.scoreboard called
# NCSU_INFO:Time           4079137000:ncsu_component::nb_put():  of test.env.predictor called
# wb_data_sent: 100
# NCSU_INFO:Time           4079143000:ncsu_component::nb_transport():  of test.env.scoreboard called
# NCSU_INFO:Time           4079143000:ncsu_component::nb_put():  of test.env.predictor called
# NCSU_INFO:Time           4079151000:ncsu_component::nb_transport():  of test.env.scoreboard called
# NCSU_INFO:Time           4079151000:ncsu_component::nb_put():  of test.env.predictor called
# NCSU_INFO:Time           4097193000:i2c_monitor::run():  of test.env.i2c_agent.monitor called.
#  Slave address:0x22;
#  RW:0;
#  Data:100 0 0 0 0 0 0 0 0 0 0 0 0 0 0 0 0 0 0 0 0 0 0 0 0 0 0 0 0 0 0 0 0 0 0 0 0 0 0 0 0 0 0 0 0 0 0 0 0 0 0 0 0 0 0 0 0 0 0 0 0 0 0 0
# NCSU_INFO:Time           4097193000:ncsu_component::nb_put():  of test.env.scoreboard called
# NCSU_INFO:Time           4097195000:ncsu_component::nb_transport():  of test.env.scoreboard called
# NCSU_INFO:Time           4097195000:ncsu_component::nb_put():  of test.env.predictor called
# NCSU_INFO:Time           4097201000:ncsu_component::nb_transport():  of test.env.scoreboard called
# NCSU_INFO:Time           4097201000:ncsu_component::nb_put():  of test.env.predictor called
# NCSU_INFO:Time           4098893000:ncsu_component::nb_transport():  of test.env.scoreboard called
# NCSU_INFO:Time           4098893000:ncsu_component::nb_put():  of test.env.predictor called
# NCSU_INFO:Time           4098897000:FINISH: wb_driver::run():  of test.env.wb_agent.driver is called.
# NCSU_INFO:Time           4098897000:START: wb_driver::run():  of test.env.wb_agent.driver is called.
# NCSU_INFO:Time           4098897000:i2c_driver::bl_put():  of test.env.i2c_agent.driver called
# NCSU_INFO:Time           4098899000:ncsu_component::nb_transport():  of test.env.scoreboard called
# NCSU_INFO:Time           4098899000:ncsu_component::nb_put():  of test.env.predictor called
# NCSU_INFO:Time           4098905000:ncsu_component::nb_transport():  of test.env.scoreboard called
# NCSU_INFO:Time           4098905000:ncsu_component::nb_put():  of test.env.predictor called
# NCSU_INFO:Time           4098913000:ncsu_component::nb_transport():  of test.env.scoreboard called
# NCSU_INFO:Time           4098913000:ncsu_component::nb_put():  of test.env.predictor called
# NCSU_INFO:Time           4098921000:ncsu_component::nb_transport():  of test.env.scoreboard called
# NCSU_INFO:Time           4098921000:ncsu_component::nb_put():  of test.env.predictor called
# NCSU_INFO:Time           4098929000:ncsu_component::nb_transport():  of test.env.scoreboard called
# NCSU_INFO:Time           4098929000:ncsu_component::nb_put():  of test.env.predictor called
# NCSU_INFO:Time           4098935000:ncsu_component::nb_transport():  of test.env.scoreboard called
# NCSU_INFO:Time           4098935000:ncsu_component::nb_put():  of test.env.predictor called
# NCSU_INFO:Time           4100811000:ncsu_component::nb_transport():  of test.env.scoreboard called
# NCSU_INFO:Time           4100811000:ncsu_component::nb_put():  of test.env.predictor called
# NCSU_INFO:Time           4100817000:ncsu_component::nb_transport():  of test.env.scoreboard called
# NCSU_INFO:Time           4100817000:ncsu_component::nb_put():  of test.env.predictor called
# NCSU_INFO:Time           4100823000:ncsu_component::nb_transport():  of test.env.scoreboard called
# NCSU_INFO:Time           4100823000:ncsu_component::nb_put():  of test.env.predictor called
# NCSU_INFO:Time           4100831000:ncsu_component::nb_transport():  of test.env.scoreboard called
# NCSU_INFO:Time           4100831000:ncsu_component::nb_put():  of test.env.predictor called
# NCSU_INFO:Time           4118875000:ncsu_component::nb_transport():  of test.env.scoreboard called
# NCSU_INFO:Time           4118875000:ncsu_component::nb_put():  of test.env.predictor called
# NCSU_INFO:Time           4118881000:ncsu_component::nb_transport():  of test.env.scoreboard called
# NCSU_INFO:Time           4118881000:ncsu_component::nb_put():  of test.env.predictor called
# NCSU_INFO:Time           4136925000:ncsu_component::nb_transport():  of test.env.scoreboard called
# NCSU_INFO:Time           4136925000:ncsu_component::nb_put():  of test.env.predictor called
# wb data received:  27
# NCSU_INFO:Time           4136929000:i2c_monitor::run():  of test.env.i2c_agent.monitor called.
#  Slave address:0x22;
#  RW:1;
#  Data:27
# NCSU_INFO:Time           4136929000:ncsu_component::nb_put():  of test.env.scoreboard called
# NCSU_INFO:Time           4136931000:ncsu_component::nb_transport():  of test.env.scoreboard called
# NCSU_INFO:Time           4136931000:ncsu_component::nb_put():  of test.env.predictor called
# NCSU_INFO:Time           4136937000:ncsu_component::nb_transport():  of test.env.scoreboard called
# NCSU_INFO:Time           4136937000:ncsu_component::nb_put():  of test.env.predictor called
# NCSU_INFO:Time           4138629000:ncsu_component::nb_transport():  of test.env.scoreboard called
# NCSU_INFO:Time           4138629000:ncsu_component::nb_put():  of test.env.predictor called
# NCSU_INFO:Time           4138633000:FINISH: wb_driver::run():  of test.env.wb_agent.driver is called.
# NCSU_INFO:Time           4138633000:START: wb_driver::run():  of test.env.wb_agent.driver is called.
# NCSU_INFO:Time           4138633000:i2c_driver::bl_put():  of test.env.i2c_agent.driver called
# NCSU_INFO:Time           4138635000:ncsu_component::nb_transport():  of test.env.scoreboard called
# NCSU_INFO:Time           4138635000:ncsu_component::nb_put():  of test.env.predictor called
# NCSU_INFO:Time           4138641000:ncsu_component::nb_transport():  of test.env.scoreboard called
# NCSU_INFO:Time           4138641000:ncsu_component::nb_put():  of test.env.predictor called
# NCSU_INFO:Time           4138649000:ncsu_component::nb_transport():  of test.env.scoreboard called
# NCSU_INFO:Time           4138649000:ncsu_component::nb_put():  of test.env.predictor called
# NCSU_INFO:Time           4138657000:ncsu_component::nb_transport():  of test.env.scoreboard called
# NCSU_INFO:Time           4138657000:ncsu_component::nb_put():  of test.env.predictor called
# NCSU_INFO:Time           4138665000:ncsu_component::nb_transport():  of test.env.scoreboard called
# NCSU_INFO:Time           4138665000:ncsu_component::nb_put():  of test.env.predictor called
# NCSU_INFO:Time           4138671000:ncsu_component::nb_transport():  of test.env.scoreboard called
# NCSU_INFO:Time           4138671000:ncsu_component::nb_put():  of test.env.predictor called
# NCSU_INFO:Time           4140547000:ncsu_component::nb_transport():  of test.env.scoreboard called
# NCSU_INFO:Time           4140547000:ncsu_component::nb_put():  of test.env.predictor called
# NCSU_INFO:Time           4140553000:ncsu_component::nb_transport():  of test.env.scoreboard called
# NCSU_INFO:Time           4140553000:ncsu_component::nb_put():  of test.env.predictor called
# NCSU_INFO:Time           4140559000:ncsu_component::nb_transport():  of test.env.scoreboard called
# NCSU_INFO:Time           4140559000:ncsu_component::nb_put():  of test.env.predictor called
# NCSU_INFO:Time           4140567000:ncsu_component::nb_transport():  of test.env.scoreboard called
# NCSU_INFO:Time           4140567000:ncsu_component::nb_put():  of test.env.predictor called
# NCSU_INFO:Time           4158611000:ncsu_component::nb_transport():  of test.env.scoreboard called
# NCSU_INFO:Time           4158611000:ncsu_component::nb_put():  of test.env.predictor called
# wb_data_sent: 101
# NCSU_INFO:Time           4158617000:ncsu_component::nb_transport():  of test.env.scoreboard called
# NCSU_INFO:Time           4158617000:ncsu_component::nb_put():  of test.env.predictor called
# NCSU_INFO:Time           4158625000:ncsu_component::nb_transport():  of test.env.scoreboard called
# NCSU_INFO:Time           4158625000:ncsu_component::nb_put():  of test.env.predictor called
# NCSU_INFO:Time           4176667000:i2c_monitor::run():  of test.env.i2c_agent.monitor called.
#  Slave address:0x22;
#  RW:0;
#  Data:101 0 0 0 0 0 0 0 0 0 0 0 0 0 0 0 0 0 0 0 0 0 0 0 0 0 0 0 0 0 0 0 0 0 0 0 0 0 0 0 0 0 0 0 0 0 0 0 0 0 0 0 0 0 0 0 0 0 0 0 0 0 0 0
# NCSU_INFO:Time           4176667000:ncsu_component::nb_put():  of test.env.scoreboard called
# NCSU_INFO:Time           4176669000:ncsu_component::nb_transport():  of test.env.scoreboard called
# NCSU_INFO:Time           4176669000:ncsu_component::nb_put():  of test.env.predictor called
# NCSU_INFO:Time           4176675000:ncsu_component::nb_transport():  of test.env.scoreboard called
# NCSU_INFO:Time           4176675000:ncsu_component::nb_put():  of test.env.predictor called
# NCSU_INFO:Time           4178367000:ncsu_component::nb_transport():  of test.env.scoreboard called
# NCSU_INFO:Time           4178367000:ncsu_component::nb_put():  of test.env.predictor called
# NCSU_INFO:Time           4178371000:FINISH: wb_driver::run():  of test.env.wb_agent.driver is called.
# NCSU_INFO:Time           4178371000:START: wb_driver::run():  of test.env.wb_agent.driver is called.
# NCSU_INFO:Time           4178371000:i2c_driver::bl_put():  of test.env.i2c_agent.driver called
# NCSU_INFO:Time           4178373000:ncsu_component::nb_transport():  of test.env.scoreboard called
# NCSU_INFO:Time           4178373000:ncsu_component::nb_put():  of test.env.predictor called
# NCSU_INFO:Time           4178379000:ncsu_component::nb_transport():  of test.env.scoreboard called
# NCSU_INFO:Time           4178379000:ncsu_component::nb_put():  of test.env.predictor called
# NCSU_INFO:Time           4178387000:ncsu_component::nb_transport():  of test.env.scoreboard called
# NCSU_INFO:Time           4178387000:ncsu_component::nb_put():  of test.env.predictor called
# NCSU_INFO:Time           4178395000:ncsu_component::nb_transport():  of test.env.scoreboard called
# NCSU_INFO:Time           4178395000:ncsu_component::nb_put():  of test.env.predictor called
# NCSU_INFO:Time           4178403000:ncsu_component::nb_transport():  of test.env.scoreboard called
# NCSU_INFO:Time           4178403000:ncsu_component::nb_put():  of test.env.predictor called
# NCSU_INFO:Time           4178409000:ncsu_component::nb_transport():  of test.env.scoreboard called
# NCSU_INFO:Time           4178409000:ncsu_component::nb_put():  of test.env.predictor called
# NCSU_INFO:Time           4180285000:ncsu_component::nb_transport():  of test.env.scoreboard called
# NCSU_INFO:Time           4180285000:ncsu_component::nb_put():  of test.env.predictor called
# NCSU_INFO:Time           4180291000:ncsu_component::nb_transport():  of test.env.scoreboard called
# NCSU_INFO:Time           4180291000:ncsu_component::nb_put():  of test.env.predictor called
# NCSU_INFO:Time           4180297000:ncsu_component::nb_transport():  of test.env.scoreboard called
# NCSU_INFO:Time           4180297000:ncsu_component::nb_put():  of test.env.predictor called
# NCSU_INFO:Time           4180305000:ncsu_component::nb_transport():  of test.env.scoreboard called
# NCSU_INFO:Time           4180305000:ncsu_component::nb_put():  of test.env.predictor called
# NCSU_INFO:Time           4198349000:ncsu_component::nb_transport():  of test.env.scoreboard called
# NCSU_INFO:Time           4198349000:ncsu_component::nb_put():  of test.env.predictor called
# NCSU_INFO:Time           4198355000:ncsu_component::nb_transport():  of test.env.scoreboard called
# NCSU_INFO:Time           4198355000:ncsu_component::nb_put():  of test.env.predictor called
# NCSU_INFO:Time           4216399000:ncsu_component::nb_transport():  of test.env.scoreboard called
# NCSU_INFO:Time           4216399000:ncsu_component::nb_put():  of test.env.predictor called
# wb data received:  26
# NCSU_INFO:Time           4216403000:i2c_monitor::run():  of test.env.i2c_agent.monitor called.
#  Slave address:0x22;
#  RW:1;
#  Data:26
# NCSU_INFO:Time           4216403000:ncsu_component::nb_put():  of test.env.scoreboard called
# NCSU_INFO:Time           4216405000:ncsu_component::nb_transport():  of test.env.scoreboard called
# NCSU_INFO:Time           4216405000:ncsu_component::nb_put():  of test.env.predictor called
# NCSU_INFO:Time           4216411000:ncsu_component::nb_transport():  of test.env.scoreboard called
# NCSU_INFO:Time           4216411000:ncsu_component::nb_put():  of test.env.predictor called
# NCSU_INFO:Time           4218103000:ncsu_component::nb_transport():  of test.env.scoreboard called
# NCSU_INFO:Time           4218103000:ncsu_component::nb_put():  of test.env.predictor called
# NCSU_INFO:Time           4218107000:FINISH: wb_driver::run():  of test.env.wb_agent.driver is called.
# NCSU_INFO:Time           4218107000:START: wb_driver::run():  of test.env.wb_agent.driver is called.
# NCSU_INFO:Time           4218107000:i2c_driver::bl_put():  of test.env.i2c_agent.driver called
# NCSU_INFO:Time           4218109000:ncsu_component::nb_transport():  of test.env.scoreboard called
# NCSU_INFO:Time           4218109000:ncsu_component::nb_put():  of test.env.predictor called
# NCSU_INFO:Time           4218115000:ncsu_component::nb_transport():  of test.env.scoreboard called
# NCSU_INFO:Time           4218115000:ncsu_component::nb_put():  of test.env.predictor called
# NCSU_INFO:Time           4218123000:ncsu_component::nb_transport():  of test.env.scoreboard called
# NCSU_INFO:Time           4218123000:ncsu_component::nb_put():  of test.env.predictor called
# NCSU_INFO:Time           4218131000:ncsu_component::nb_transport():  of test.env.scoreboard called
# NCSU_INFO:Time           4218131000:ncsu_component::nb_put():  of test.env.predictor called
# NCSU_INFO:Time           4218139000:ncsu_component::nb_transport():  of test.env.scoreboard called
# NCSU_INFO:Time           4218139000:ncsu_component::nb_put():  of test.env.predictor called
# NCSU_INFO:Time           4218145000:ncsu_component::nb_transport():  of test.env.scoreboard called
# NCSU_INFO:Time           4218145000:ncsu_component::nb_put():  of test.env.predictor called
# NCSU_INFO:Time           4220021000:ncsu_component::nb_transport():  of test.env.scoreboard called
# NCSU_INFO:Time           4220021000:ncsu_component::nb_put():  of test.env.predictor called
# NCSU_INFO:Time           4220027000:ncsu_component::nb_transport():  of test.env.scoreboard called
# NCSU_INFO:Time           4220027000:ncsu_component::nb_put():  of test.env.predictor called
# NCSU_INFO:Time           4220033000:ncsu_component::nb_transport():  of test.env.scoreboard called
# NCSU_INFO:Time           4220033000:ncsu_component::nb_put():  of test.env.predictor called
# NCSU_INFO:Time           4220041000:ncsu_component::nb_transport():  of test.env.scoreboard called
# NCSU_INFO:Time           4220041000:ncsu_component::nb_put():  of test.env.predictor called
# NCSU_INFO:Time           4238085000:ncsu_component::nb_transport():  of test.env.scoreboard called
# NCSU_INFO:Time           4238085000:ncsu_component::nb_put():  of test.env.predictor called
# wb_data_sent: 102
# NCSU_INFO:Time           4238091000:ncsu_component::nb_transport():  of test.env.scoreboard called
# NCSU_INFO:Time           4238091000:ncsu_component::nb_put():  of test.env.predictor called
# NCSU_INFO:Time           4238099000:ncsu_component::nb_transport():  of test.env.scoreboard called
# NCSU_INFO:Time           4238099000:ncsu_component::nb_put():  of test.env.predictor called
# NCSU_INFO:Time           4256141000:i2c_monitor::run():  of test.env.i2c_agent.monitor called.
#  Slave address:0x22;
#  RW:0;
#  Data:102 0 0 0 0 0 0 0 0 0 0 0 0 0 0 0 0 0 0 0 0 0 0 0 0 0 0 0 0 0 0 0 0 0 0 0 0 0 0 0 0 0 0 0 0 0 0 0 0 0 0 0 0 0 0 0 0 0 0 0 0 0 0 0
# NCSU_INFO:Time           4256141000:ncsu_component::nb_put():  of test.env.scoreboard called
# NCSU_INFO:Time           4256143000:ncsu_component::nb_transport():  of test.env.scoreboard called
# NCSU_INFO:Time           4256143000:ncsu_component::nb_put():  of test.env.predictor called
# NCSU_INFO:Time           4256149000:ncsu_component::nb_transport():  of test.env.scoreboard called
# NCSU_INFO:Time           4256149000:ncsu_component::nb_put():  of test.env.predictor called
# NCSU_INFO:Time           4257841000:ncsu_component::nb_transport():  of test.env.scoreboard called
# NCSU_INFO:Time           4257841000:ncsu_component::nb_put():  of test.env.predictor called
# NCSU_INFO:Time           4257845000:FINISH: wb_driver::run():  of test.env.wb_agent.driver is called.
# NCSU_INFO:Time           4257845000:START: wb_driver::run():  of test.env.wb_agent.driver is called.
# NCSU_INFO:Time           4257845000:i2c_driver::bl_put():  of test.env.i2c_agent.driver called
# NCSU_INFO:Time           4257847000:ncsu_component::nb_transport():  of test.env.scoreboard called
# NCSU_INFO:Time           4257847000:ncsu_component::nb_put():  of test.env.predictor called
# NCSU_INFO:Time           4257853000:ncsu_component::nb_transport():  of test.env.scoreboard called
# NCSU_INFO:Time           4257853000:ncsu_component::nb_put():  of test.env.predictor called
# NCSU_INFO:Time           4257861000:ncsu_component::nb_transport():  of test.env.scoreboard called
# NCSU_INFO:Time           4257861000:ncsu_component::nb_put():  of test.env.predictor called
# NCSU_INFO:Time           4257869000:ncsu_component::nb_transport():  of test.env.scoreboard called
# NCSU_INFO:Time           4257869000:ncsu_component::nb_put():  of test.env.predictor called
# NCSU_INFO:Time           4257877000:ncsu_component::nb_transport():  of test.env.scoreboard called
# NCSU_INFO:Time           4257877000:ncsu_component::nb_put():  of test.env.predictor called
# NCSU_INFO:Time           4257883000:ncsu_component::nb_transport():  of test.env.scoreboard called
# NCSU_INFO:Time           4257883000:ncsu_component::nb_put():  of test.env.predictor called
# NCSU_INFO:Time           4259759000:ncsu_component::nb_transport():  of test.env.scoreboard called
# NCSU_INFO:Time           4259759000:ncsu_component::nb_put():  of test.env.predictor called
# NCSU_INFO:Time           4259765000:ncsu_component::nb_transport():  of test.env.scoreboard called
# NCSU_INFO:Time           4259765000:ncsu_component::nb_put():  of test.env.predictor called
# NCSU_INFO:Time           4259771000:ncsu_component::nb_transport():  of test.env.scoreboard called
# NCSU_INFO:Time           4259771000:ncsu_component::nb_put():  of test.env.predictor called
# NCSU_INFO:Time           4259779000:ncsu_component::nb_transport():  of test.env.scoreboard called
# NCSU_INFO:Time           4259779000:ncsu_component::nb_put():  of test.env.predictor called
# NCSU_INFO:Time           4277823000:ncsu_component::nb_transport():  of test.env.scoreboard called
# NCSU_INFO:Time           4277823000:ncsu_component::nb_put():  of test.env.predictor called
# NCSU_INFO:Time           4277829000:ncsu_component::nb_transport():  of test.env.scoreboard called
# NCSU_INFO:Time           4277829000:ncsu_component::nb_put():  of test.env.predictor called
# NCSU_INFO:Time           4295873000:ncsu_component::nb_transport():  of test.env.scoreboard called
# NCSU_INFO:Time           4295873000:ncsu_component::nb_put():  of test.env.predictor called
# wb data received:  25
# NCSU_INFO:Time           4295877000:i2c_monitor::run():  of test.env.i2c_agent.monitor called.
#  Slave address:0x22;
#  RW:1;
#  Data:25
# NCSU_INFO:Time           4295877000:ncsu_component::nb_put():  of test.env.scoreboard called
# NCSU_INFO:Time           4295879000:ncsu_component::nb_transport():  of test.env.scoreboard called
# NCSU_INFO:Time           4295879000:ncsu_component::nb_put():  of test.env.predictor called
# NCSU_INFO:Time           4295885000:ncsu_component::nb_transport():  of test.env.scoreboard called
# NCSU_INFO:Time           4295885000:ncsu_component::nb_put():  of test.env.predictor called
# NCSU_INFO:Time           4297577000:ncsu_component::nb_transport():  of test.env.scoreboard called
# NCSU_INFO:Time           4297577000:ncsu_component::nb_put():  of test.env.predictor called
# NCSU_INFO:Time           4297581000:FINISH: wb_driver::run():  of test.env.wb_agent.driver is called.
# NCSU_INFO:Time           4297581000:START: wb_driver::run():  of test.env.wb_agent.driver is called.
# NCSU_INFO:Time           4297581000:i2c_driver::bl_put():  of test.env.i2c_agent.driver called
# NCSU_INFO:Time           4297583000:ncsu_component::nb_transport():  of test.env.scoreboard called
# NCSU_INFO:Time           4297583000:ncsu_component::nb_put():  of test.env.predictor called
# NCSU_INFO:Time           4297589000:ncsu_component::nb_transport():  of test.env.scoreboard called
# NCSU_INFO:Time           4297589000:ncsu_component::nb_put():  of test.env.predictor called
# NCSU_INFO:Time           4297597000:ncsu_component::nb_transport():  of test.env.scoreboard called
# NCSU_INFO:Time           4297597000:ncsu_component::nb_put():  of test.env.predictor called
# NCSU_INFO:Time           4297605000:ncsu_component::nb_transport():  of test.env.scoreboard called
# NCSU_INFO:Time           4297605000:ncsu_component::nb_put():  of test.env.predictor called
# NCSU_INFO:Time           4297613000:ncsu_component::nb_transport():  of test.env.scoreboard called
# NCSU_INFO:Time           4297613000:ncsu_component::nb_put():  of test.env.predictor called
# NCSU_INFO:Time           4297619000:ncsu_component::nb_transport():  of test.env.scoreboard called
# NCSU_INFO:Time           4297619000:ncsu_component::nb_put():  of test.env.predictor called
# NCSU_INFO:Time           4299495000:ncsu_component::nb_transport():  of test.env.scoreboard called
# NCSU_INFO:Time           4299495000:ncsu_component::nb_put():  of test.env.predictor called
# NCSU_INFO:Time           4299501000:ncsu_component::nb_transport():  of test.env.scoreboard called
# NCSU_INFO:Time           4299501000:ncsu_component::nb_put():  of test.env.predictor called
# NCSU_INFO:Time           4299507000:ncsu_component::nb_transport():  of test.env.scoreboard called
# NCSU_INFO:Time           4299507000:ncsu_component::nb_put():  of test.env.predictor called
# NCSU_INFO:Time           4299515000:ncsu_component::nb_transport():  of test.env.scoreboard called
# NCSU_INFO:Time           4299515000:ncsu_component::nb_put():  of test.env.predictor called
# NCSU_INFO:Time           4317559000:ncsu_component::nb_transport():  of test.env.scoreboard called
# NCSU_INFO:Time           4317559000:ncsu_component::nb_put():  of test.env.predictor called
# wb_data_sent: 103
# NCSU_INFO:Time           4317565000:ncsu_component::nb_transport():  of test.env.scoreboard called
# NCSU_INFO:Time           4317565000:ncsu_component::nb_put():  of test.env.predictor called
# NCSU_INFO:Time           4317573000:ncsu_component::nb_transport():  of test.env.scoreboard called
# NCSU_INFO:Time           4317573000:ncsu_component::nb_put():  of test.env.predictor called
# NCSU_INFO:Time           4335615000:i2c_monitor::run():  of test.env.i2c_agent.monitor called.
#  Slave address:0x22;
#  RW:0;
#  Data:103 0 0 0 0 0 0 0 0 0 0 0 0 0 0 0 0 0 0 0 0 0 0 0 0 0 0 0 0 0 0 0 0 0 0 0 0 0 0 0 0 0 0 0 0 0 0 0 0 0 0 0 0 0 0 0 0 0 0 0 0 0 0 0
# NCSU_INFO:Time           4335615000:ncsu_component::nb_put():  of test.env.scoreboard called
# NCSU_INFO:Time           4335617000:ncsu_component::nb_transport():  of test.env.scoreboard called
# NCSU_INFO:Time           4335617000:ncsu_component::nb_put():  of test.env.predictor called
# NCSU_INFO:Time           4335623000:ncsu_component::nb_transport():  of test.env.scoreboard called
# NCSU_INFO:Time           4335623000:ncsu_component::nb_put():  of test.env.predictor called
# NCSU_INFO:Time           4337315000:ncsu_component::nb_transport():  of test.env.scoreboard called
# NCSU_INFO:Time           4337315000:ncsu_component::nb_put():  of test.env.predictor called
# NCSU_INFO:Time           4337319000:FINISH: wb_driver::run():  of test.env.wb_agent.driver is called.
# NCSU_INFO:Time           4337319000:START: wb_driver::run():  of test.env.wb_agent.driver is called.
# NCSU_INFO:Time           4337319000:i2c_driver::bl_put():  of test.env.i2c_agent.driver called
# NCSU_INFO:Time           4337321000:ncsu_component::nb_transport():  of test.env.scoreboard called
# NCSU_INFO:Time           4337321000:ncsu_component::nb_put():  of test.env.predictor called
# NCSU_INFO:Time           4337327000:ncsu_component::nb_transport():  of test.env.scoreboard called
# NCSU_INFO:Time           4337327000:ncsu_component::nb_put():  of test.env.predictor called
# NCSU_INFO:Time           4337335000:ncsu_component::nb_transport():  of test.env.scoreboard called
# NCSU_INFO:Time           4337335000:ncsu_component::nb_put():  of test.env.predictor called
# NCSU_INFO:Time           4337343000:ncsu_component::nb_transport():  of test.env.scoreboard called
# NCSU_INFO:Time           4337343000:ncsu_component::nb_put():  of test.env.predictor called
# NCSU_INFO:Time           4337351000:ncsu_component::nb_transport():  of test.env.scoreboard called
# NCSU_INFO:Time           4337351000:ncsu_component::nb_put():  of test.env.predictor called
# NCSU_INFO:Time           4337357000:ncsu_component::nb_transport():  of test.env.scoreboard called
# NCSU_INFO:Time           4337357000:ncsu_component::nb_put():  of test.env.predictor called
# NCSU_INFO:Time           4339233000:ncsu_component::nb_transport():  of test.env.scoreboard called
# NCSU_INFO:Time           4339233000:ncsu_component::nb_put():  of test.env.predictor called
# NCSU_INFO:Time           4339239000:ncsu_component::nb_transport():  of test.env.scoreboard called
# NCSU_INFO:Time           4339239000:ncsu_component::nb_put():  of test.env.predictor called
# NCSU_INFO:Time           4339245000:ncsu_component::nb_transport():  of test.env.scoreboard called
# NCSU_INFO:Time           4339245000:ncsu_component::nb_put():  of test.env.predictor called
# NCSU_INFO:Time           4339253000:ncsu_component::nb_transport():  of test.env.scoreboard called
# NCSU_INFO:Time           4339253000:ncsu_component::nb_put():  of test.env.predictor called
# NCSU_INFO:Time           4357297000:ncsu_component::nb_transport():  of test.env.scoreboard called
# NCSU_INFO:Time           4357297000:ncsu_component::nb_put():  of test.env.predictor called
# NCSU_INFO:Time           4357303000:ncsu_component::nb_transport():  of test.env.scoreboard called
# NCSU_INFO:Time           4357303000:ncsu_component::nb_put():  of test.env.predictor called
# NCSU_INFO:Time           4375347000:ncsu_component::nb_transport():  of test.env.scoreboard called
# NCSU_INFO:Time           4375347000:ncsu_component::nb_put():  of test.env.predictor called
# wb data received:  24
# NCSU_INFO:Time           4375351000:i2c_monitor::run():  of test.env.i2c_agent.monitor called.
#  Slave address:0x22;
#  RW:1;
#  Data:24
# NCSU_INFO:Time           4375351000:ncsu_component::nb_put():  of test.env.scoreboard called
# NCSU_INFO:Time           4375353000:ncsu_component::nb_transport():  of test.env.scoreboard called
# NCSU_INFO:Time           4375353000:ncsu_component::nb_put():  of test.env.predictor called
# NCSU_INFO:Time           4375359000:ncsu_component::nb_transport():  of test.env.scoreboard called
# NCSU_INFO:Time           4375359000:ncsu_component::nb_put():  of test.env.predictor called
# NCSU_INFO:Time           4377051000:ncsu_component::nb_transport():  of test.env.scoreboard called
# NCSU_INFO:Time           4377051000:ncsu_component::nb_put():  of test.env.predictor called
# NCSU_INFO:Time           4377055000:FINISH: wb_driver::run():  of test.env.wb_agent.driver is called.
# NCSU_INFO:Time           4377055000:START: wb_driver::run():  of test.env.wb_agent.driver is called.
# NCSU_INFO:Time           4377055000:i2c_driver::bl_put():  of test.env.i2c_agent.driver called
# NCSU_INFO:Time           4377057000:ncsu_component::nb_transport():  of test.env.scoreboard called
# NCSU_INFO:Time           4377057000:ncsu_component::nb_put():  of test.env.predictor called
# NCSU_INFO:Time           4377063000:ncsu_component::nb_transport():  of test.env.scoreboard called
# NCSU_INFO:Time           4377063000:ncsu_component::nb_put():  of test.env.predictor called
# NCSU_INFO:Time           4377071000:ncsu_component::nb_transport():  of test.env.scoreboard called
# NCSU_INFO:Time           4377071000:ncsu_component::nb_put():  of test.env.predictor called
# NCSU_INFO:Time           4377079000:ncsu_component::nb_transport():  of test.env.scoreboard called
# NCSU_INFO:Time           4377079000:ncsu_component::nb_put():  of test.env.predictor called
# NCSU_INFO:Time           4377087000:ncsu_component::nb_transport():  of test.env.scoreboard called
# NCSU_INFO:Time           4377087000:ncsu_component::nb_put():  of test.env.predictor called
# NCSU_INFO:Time           4377093000:ncsu_component::nb_transport():  of test.env.scoreboard called
# NCSU_INFO:Time           4377093000:ncsu_component::nb_put():  of test.env.predictor called
# NCSU_INFO:Time           4378969000:ncsu_component::nb_transport():  of test.env.scoreboard called
# NCSU_INFO:Time           4378969000:ncsu_component::nb_put():  of test.env.predictor called
# NCSU_INFO:Time           4378975000:ncsu_component::nb_transport():  of test.env.scoreboard called
# NCSU_INFO:Time           4378975000:ncsu_component::nb_put():  of test.env.predictor called
# NCSU_INFO:Time           4378981000:ncsu_component::nb_transport():  of test.env.scoreboard called
# NCSU_INFO:Time           4378981000:ncsu_component::nb_put():  of test.env.predictor called
# NCSU_INFO:Time           4378989000:ncsu_component::nb_transport():  of test.env.scoreboard called
# NCSU_INFO:Time           4378989000:ncsu_component::nb_put():  of test.env.predictor called
# NCSU_INFO:Time           4397033000:ncsu_component::nb_transport():  of test.env.scoreboard called
# NCSU_INFO:Time           4397033000:ncsu_component::nb_put():  of test.env.predictor called
# wb_data_sent: 104
# NCSU_INFO:Time           4397039000:ncsu_component::nb_transport():  of test.env.scoreboard called
# NCSU_INFO:Time           4397039000:ncsu_component::nb_put():  of test.env.predictor called
# NCSU_INFO:Time           4397047000:ncsu_component::nb_transport():  of test.env.scoreboard called
# NCSU_INFO:Time           4397047000:ncsu_component::nb_put():  of test.env.predictor called
# NCSU_INFO:Time           4415089000:i2c_monitor::run():  of test.env.i2c_agent.monitor called.
#  Slave address:0x22;
#  RW:0;
#  Data:104 0 0 0 0 0 0 0 0 0 0 0 0 0 0 0 0 0 0 0 0 0 0 0 0 0 0 0 0 0 0 0 0 0 0 0 0 0 0 0 0 0 0 0 0 0 0 0 0 0 0 0 0 0 0 0 0 0 0 0 0 0 0 0
# NCSU_INFO:Time           4415089000:ncsu_component::nb_put():  of test.env.scoreboard called
# NCSU_INFO:Time           4415091000:ncsu_component::nb_transport():  of test.env.scoreboard called
# NCSU_INFO:Time           4415091000:ncsu_component::nb_put():  of test.env.predictor called
# NCSU_INFO:Time           4415097000:ncsu_component::nb_transport():  of test.env.scoreboard called
# NCSU_INFO:Time           4415097000:ncsu_component::nb_put():  of test.env.predictor called
# NCSU_INFO:Time           4416789000:ncsu_component::nb_transport():  of test.env.scoreboard called
# NCSU_INFO:Time           4416789000:ncsu_component::nb_put():  of test.env.predictor called
# NCSU_INFO:Time           4416793000:FINISH: wb_driver::run():  of test.env.wb_agent.driver is called.
# NCSU_INFO:Time           4416793000:START: wb_driver::run():  of test.env.wb_agent.driver is called.
# NCSU_INFO:Time           4416793000:i2c_driver::bl_put():  of test.env.i2c_agent.driver called
# NCSU_INFO:Time           4416795000:ncsu_component::nb_transport():  of test.env.scoreboard called
# NCSU_INFO:Time           4416795000:ncsu_component::nb_put():  of test.env.predictor called
# NCSU_INFO:Time           4416801000:ncsu_component::nb_transport():  of test.env.scoreboard called
# NCSU_INFO:Time           4416801000:ncsu_component::nb_put():  of test.env.predictor called
# NCSU_INFO:Time           4416809000:ncsu_component::nb_transport():  of test.env.scoreboard called
# NCSU_INFO:Time           4416809000:ncsu_component::nb_put():  of test.env.predictor called
# NCSU_INFO:Time           4416817000:ncsu_component::nb_transport():  of test.env.scoreboard called
# NCSU_INFO:Time           4416817000:ncsu_component::nb_put():  of test.env.predictor called
# NCSU_INFO:Time           4416825000:ncsu_component::nb_transport():  of test.env.scoreboard called
# NCSU_INFO:Time           4416825000:ncsu_component::nb_put():  of test.env.predictor called
# NCSU_INFO:Time           4416831000:ncsu_component::nb_transport():  of test.env.scoreboard called
# NCSU_INFO:Time           4416831000:ncsu_component::nb_put():  of test.env.predictor called
# NCSU_INFO:Time           4418707000:ncsu_component::nb_transport():  of test.env.scoreboard called
# NCSU_INFO:Time           4418707000:ncsu_component::nb_put():  of test.env.predictor called
# NCSU_INFO:Time           4418713000:ncsu_component::nb_transport():  of test.env.scoreboard called
# NCSU_INFO:Time           4418713000:ncsu_component::nb_put():  of test.env.predictor called
# NCSU_INFO:Time           4418719000:ncsu_component::nb_transport():  of test.env.scoreboard called
# NCSU_INFO:Time           4418719000:ncsu_component::nb_put():  of test.env.predictor called
# NCSU_INFO:Time           4418727000:ncsu_component::nb_transport():  of test.env.scoreboard called
# NCSU_INFO:Time           4418727000:ncsu_component::nb_put():  of test.env.predictor called
# NCSU_INFO:Time           4436771000:ncsu_component::nb_transport():  of test.env.scoreboard called
# NCSU_INFO:Time           4436771000:ncsu_component::nb_put():  of test.env.predictor called
# NCSU_INFO:Time           4436777000:ncsu_component::nb_transport():  of test.env.scoreboard called
# NCSU_INFO:Time           4436777000:ncsu_component::nb_put():  of test.env.predictor called
# NCSU_INFO:Time           4454821000:ncsu_component::nb_transport():  of test.env.scoreboard called
# NCSU_INFO:Time           4454821000:ncsu_component::nb_put():  of test.env.predictor called
# wb data received:  23
# NCSU_INFO:Time           4454825000:i2c_monitor::run():  of test.env.i2c_agent.monitor called.
#  Slave address:0x22;
#  RW:1;
#  Data:23
# NCSU_INFO:Time           4454825000:ncsu_component::nb_put():  of test.env.scoreboard called
# NCSU_INFO:Time           4454827000:ncsu_component::nb_transport():  of test.env.scoreboard called
# NCSU_INFO:Time           4454827000:ncsu_component::nb_put():  of test.env.predictor called
# NCSU_INFO:Time           4454833000:ncsu_component::nb_transport():  of test.env.scoreboard called
# NCSU_INFO:Time           4454833000:ncsu_component::nb_put():  of test.env.predictor called
# NCSU_INFO:Time           4456525000:ncsu_component::nb_transport():  of test.env.scoreboard called
# NCSU_INFO:Time           4456525000:ncsu_component::nb_put():  of test.env.predictor called
# NCSU_INFO:Time           4456529000:FINISH: wb_driver::run():  of test.env.wb_agent.driver is called.
# NCSU_INFO:Time           4456529000:START: wb_driver::run():  of test.env.wb_agent.driver is called.
# NCSU_INFO:Time           4456529000:i2c_driver::bl_put():  of test.env.i2c_agent.driver called
# NCSU_INFO:Time           4456531000:ncsu_component::nb_transport():  of test.env.scoreboard called
# NCSU_INFO:Time           4456531000:ncsu_component::nb_put():  of test.env.predictor called
# NCSU_INFO:Time           4456537000:ncsu_component::nb_transport():  of test.env.scoreboard called
# NCSU_INFO:Time           4456537000:ncsu_component::nb_put():  of test.env.predictor called
# NCSU_INFO:Time           4456545000:ncsu_component::nb_transport():  of test.env.scoreboard called
# NCSU_INFO:Time           4456545000:ncsu_component::nb_put():  of test.env.predictor called
# NCSU_INFO:Time           4456553000:ncsu_component::nb_transport():  of test.env.scoreboard called
# NCSU_INFO:Time           4456553000:ncsu_component::nb_put():  of test.env.predictor called
# NCSU_INFO:Time           4456561000:ncsu_component::nb_transport():  of test.env.scoreboard called
# NCSU_INFO:Time           4456561000:ncsu_component::nb_put():  of test.env.predictor called
# NCSU_INFO:Time           4456567000:ncsu_component::nb_transport():  of test.env.scoreboard called
# NCSU_INFO:Time           4456567000:ncsu_component::nb_put():  of test.env.predictor called
# NCSU_INFO:Time           4458443000:ncsu_component::nb_transport():  of test.env.scoreboard called
# NCSU_INFO:Time           4458443000:ncsu_component::nb_put():  of test.env.predictor called
# NCSU_INFO:Time           4458449000:ncsu_component::nb_transport():  of test.env.scoreboard called
# NCSU_INFO:Time           4458449000:ncsu_component::nb_put():  of test.env.predictor called
# NCSU_INFO:Time           4458455000:ncsu_component::nb_transport():  of test.env.scoreboard called
# NCSU_INFO:Time           4458455000:ncsu_component::nb_put():  of test.env.predictor called
# NCSU_INFO:Time           4458463000:ncsu_component::nb_transport():  of test.env.scoreboard called
# NCSU_INFO:Time           4458463000:ncsu_component::nb_put():  of test.env.predictor called
# NCSU_INFO:Time           4476507000:ncsu_component::nb_transport():  of test.env.scoreboard called
# NCSU_INFO:Time           4476507000:ncsu_component::nb_put():  of test.env.predictor called
# wb_data_sent: 105
# NCSU_INFO:Time           4476513000:ncsu_component::nb_transport():  of test.env.scoreboard called
# NCSU_INFO:Time           4476513000:ncsu_component::nb_put():  of test.env.predictor called
# NCSU_INFO:Time           4476521000:ncsu_component::nb_transport():  of test.env.scoreboard called
# NCSU_INFO:Time           4476521000:ncsu_component::nb_put():  of test.env.predictor called
# NCSU_INFO:Time           4494563000:i2c_monitor::run():  of test.env.i2c_agent.monitor called.
#  Slave address:0x22;
#  RW:0;
#  Data:105 0 0 0 0 0 0 0 0 0 0 0 0 0 0 0 0 0 0 0 0 0 0 0 0 0 0 0 0 0 0 0 0 0 0 0 0 0 0 0 0 0 0 0 0 0 0 0 0 0 0 0 0 0 0 0 0 0 0 0 0 0 0 0
# NCSU_INFO:Time           4494563000:ncsu_component::nb_put():  of test.env.scoreboard called
# NCSU_INFO:Time           4494565000:ncsu_component::nb_transport():  of test.env.scoreboard called
# NCSU_INFO:Time           4494565000:ncsu_component::nb_put():  of test.env.predictor called
# NCSU_INFO:Time           4494571000:ncsu_component::nb_transport():  of test.env.scoreboard called
# NCSU_INFO:Time           4494571000:ncsu_component::nb_put():  of test.env.predictor called
# NCSU_INFO:Time           4496263000:ncsu_component::nb_transport():  of test.env.scoreboard called
# NCSU_INFO:Time           4496263000:ncsu_component::nb_put():  of test.env.predictor called
# NCSU_INFO:Time           4496267000:FINISH: wb_driver::run():  of test.env.wb_agent.driver is called.
# NCSU_INFO:Time           4496267000:START: wb_driver::run():  of test.env.wb_agent.driver is called.
# NCSU_INFO:Time           4496267000:i2c_driver::bl_put():  of test.env.i2c_agent.driver called
# NCSU_INFO:Time           4496269000:ncsu_component::nb_transport():  of test.env.scoreboard called
# NCSU_INFO:Time           4496269000:ncsu_component::nb_put():  of test.env.predictor called
# NCSU_INFO:Time           4496275000:ncsu_component::nb_transport():  of test.env.scoreboard called
# NCSU_INFO:Time           4496275000:ncsu_component::nb_put():  of test.env.predictor called
# NCSU_INFO:Time           4496283000:ncsu_component::nb_transport():  of test.env.scoreboard called
# NCSU_INFO:Time           4496283000:ncsu_component::nb_put():  of test.env.predictor called
# NCSU_INFO:Time           4496291000:ncsu_component::nb_transport():  of test.env.scoreboard called
# NCSU_INFO:Time           4496291000:ncsu_component::nb_put():  of test.env.predictor called
# NCSU_INFO:Time           4496299000:ncsu_component::nb_transport():  of test.env.scoreboard called
# NCSU_INFO:Time           4496299000:ncsu_component::nb_put():  of test.env.predictor called
# NCSU_INFO:Time           4496305000:ncsu_component::nb_transport():  of test.env.scoreboard called
# NCSU_INFO:Time           4496305000:ncsu_component::nb_put():  of test.env.predictor called
# NCSU_INFO:Time           4498181000:ncsu_component::nb_transport():  of test.env.scoreboard called
# NCSU_INFO:Time           4498181000:ncsu_component::nb_put():  of test.env.predictor called
# NCSU_INFO:Time           4498187000:ncsu_component::nb_transport():  of test.env.scoreboard called
# NCSU_INFO:Time           4498187000:ncsu_component::nb_put():  of test.env.predictor called
# NCSU_INFO:Time           4498193000:ncsu_component::nb_transport():  of test.env.scoreboard called
# NCSU_INFO:Time           4498193000:ncsu_component::nb_put():  of test.env.predictor called
# NCSU_INFO:Time           4498201000:ncsu_component::nb_transport():  of test.env.scoreboard called
# NCSU_INFO:Time           4498201000:ncsu_component::nb_put():  of test.env.predictor called
# NCSU_INFO:Time           4516245000:ncsu_component::nb_transport():  of test.env.scoreboard called
# NCSU_INFO:Time           4516245000:ncsu_component::nb_put():  of test.env.predictor called
# NCSU_INFO:Time           4516251000:ncsu_component::nb_transport():  of test.env.scoreboard called
# NCSU_INFO:Time           4516251000:ncsu_component::nb_put():  of test.env.predictor called
# NCSU_INFO:Time           4534295000:ncsu_component::nb_transport():  of test.env.scoreboard called
# NCSU_INFO:Time           4534295000:ncsu_component::nb_put():  of test.env.predictor called
# wb data received:  22
# NCSU_INFO:Time           4534299000:i2c_monitor::run():  of test.env.i2c_agent.monitor called.
#  Slave address:0x22;
#  RW:1;
#  Data:22
# NCSU_INFO:Time           4534299000:ncsu_component::nb_put():  of test.env.scoreboard called
# NCSU_INFO:Time           4534301000:ncsu_component::nb_transport():  of test.env.scoreboard called
# NCSU_INFO:Time           4534301000:ncsu_component::nb_put():  of test.env.predictor called
# NCSU_INFO:Time           4534307000:ncsu_component::nb_transport():  of test.env.scoreboard called
# NCSU_INFO:Time           4534307000:ncsu_component::nb_put():  of test.env.predictor called
# NCSU_INFO:Time           4535999000:ncsu_component::nb_transport():  of test.env.scoreboard called
# NCSU_INFO:Time           4535999000:ncsu_component::nb_put():  of test.env.predictor called
# NCSU_INFO:Time           4536003000:FINISH: wb_driver::run():  of test.env.wb_agent.driver is called.
# NCSU_INFO:Time           4536003000:START: wb_driver::run():  of test.env.wb_agent.driver is called.
# NCSU_INFO:Time           4536003000:i2c_driver::bl_put():  of test.env.i2c_agent.driver called
# NCSU_INFO:Time           4536005000:ncsu_component::nb_transport():  of test.env.scoreboard called
# NCSU_INFO:Time           4536005000:ncsu_component::nb_put():  of test.env.predictor called
# NCSU_INFO:Time           4536011000:ncsu_component::nb_transport():  of test.env.scoreboard called
# NCSU_INFO:Time           4536011000:ncsu_component::nb_put():  of test.env.predictor called
# NCSU_INFO:Time           4536019000:ncsu_component::nb_transport():  of test.env.scoreboard called
# NCSU_INFO:Time           4536019000:ncsu_component::nb_put():  of test.env.predictor called
# NCSU_INFO:Time           4536027000:ncsu_component::nb_transport():  of test.env.scoreboard called
# NCSU_INFO:Time           4536027000:ncsu_component::nb_put():  of test.env.predictor called
# NCSU_INFO:Time           4536035000:ncsu_component::nb_transport():  of test.env.scoreboard called
# NCSU_INFO:Time           4536035000:ncsu_component::nb_put():  of test.env.predictor called
# NCSU_INFO:Time           4536041000:ncsu_component::nb_transport():  of test.env.scoreboard called
# NCSU_INFO:Time           4536041000:ncsu_component::nb_put():  of test.env.predictor called
# NCSU_INFO:Time           4537917000:ncsu_component::nb_transport():  of test.env.scoreboard called
# NCSU_INFO:Time           4537917000:ncsu_component::nb_put():  of test.env.predictor called
# NCSU_INFO:Time           4537923000:ncsu_component::nb_transport():  of test.env.scoreboard called
# NCSU_INFO:Time           4537923000:ncsu_component::nb_put():  of test.env.predictor called
# NCSU_INFO:Time           4537929000:ncsu_component::nb_transport():  of test.env.scoreboard called
# NCSU_INFO:Time           4537929000:ncsu_component::nb_put():  of test.env.predictor called
# NCSU_INFO:Time           4537937000:ncsu_component::nb_transport():  of test.env.scoreboard called
# NCSU_INFO:Time           4537937000:ncsu_component::nb_put():  of test.env.predictor called
# NCSU_INFO:Time           4555981000:ncsu_component::nb_transport():  of test.env.scoreboard called
# NCSU_INFO:Time           4555981000:ncsu_component::nb_put():  of test.env.predictor called
# wb_data_sent: 106
# NCSU_INFO:Time           4555987000:ncsu_component::nb_transport():  of test.env.scoreboard called
# NCSU_INFO:Time           4555987000:ncsu_component::nb_put():  of test.env.predictor called
# NCSU_INFO:Time           4555995000:ncsu_component::nb_transport():  of test.env.scoreboard called
# NCSU_INFO:Time           4555995000:ncsu_component::nb_put():  of test.env.predictor called
# NCSU_INFO:Time           4574037000:i2c_monitor::run():  of test.env.i2c_agent.monitor called.
#  Slave address:0x22;
#  RW:0;
#  Data:106 0 0 0 0 0 0 0 0 0 0 0 0 0 0 0 0 0 0 0 0 0 0 0 0 0 0 0 0 0 0 0 0 0 0 0 0 0 0 0 0 0 0 0 0 0 0 0 0 0 0 0 0 0 0 0 0 0 0 0 0 0 0 0
# NCSU_INFO:Time           4574037000:ncsu_component::nb_put():  of test.env.scoreboard called
# NCSU_INFO:Time           4574039000:ncsu_component::nb_transport():  of test.env.scoreboard called
# NCSU_INFO:Time           4574039000:ncsu_component::nb_put():  of test.env.predictor called
# NCSU_INFO:Time           4574045000:ncsu_component::nb_transport():  of test.env.scoreboard called
# NCSU_INFO:Time           4574045000:ncsu_component::nb_put():  of test.env.predictor called
# NCSU_INFO:Time           4575737000:ncsu_component::nb_transport():  of test.env.scoreboard called
# NCSU_INFO:Time           4575737000:ncsu_component::nb_put():  of test.env.predictor called
# NCSU_INFO:Time           4575741000:FINISH: wb_driver::run():  of test.env.wb_agent.driver is called.
# NCSU_INFO:Time           4575741000:START: wb_driver::run():  of test.env.wb_agent.driver is called.
# NCSU_INFO:Time           4575741000:i2c_driver::bl_put():  of test.env.i2c_agent.driver called
# NCSU_INFO:Time           4575743000:ncsu_component::nb_transport():  of test.env.scoreboard called
# NCSU_INFO:Time           4575743000:ncsu_component::nb_put():  of test.env.predictor called
# NCSU_INFO:Time           4575749000:ncsu_component::nb_transport():  of test.env.scoreboard called
# NCSU_INFO:Time           4575749000:ncsu_component::nb_put():  of test.env.predictor called
# NCSU_INFO:Time           4575757000:ncsu_component::nb_transport():  of test.env.scoreboard called
# NCSU_INFO:Time           4575757000:ncsu_component::nb_put():  of test.env.predictor called
# NCSU_INFO:Time           4575765000:ncsu_component::nb_transport():  of test.env.scoreboard called
# NCSU_INFO:Time           4575765000:ncsu_component::nb_put():  of test.env.predictor called
# NCSU_INFO:Time           4575773000:ncsu_component::nb_transport():  of test.env.scoreboard called
# NCSU_INFO:Time           4575773000:ncsu_component::nb_put():  of test.env.predictor called
# NCSU_INFO:Time           4575779000:ncsu_component::nb_transport():  of test.env.scoreboard called
# NCSU_INFO:Time           4575779000:ncsu_component::nb_put():  of test.env.predictor called
# NCSU_INFO:Time           4577655000:ncsu_component::nb_transport():  of test.env.scoreboard called
# NCSU_INFO:Time           4577655000:ncsu_component::nb_put():  of test.env.predictor called
# NCSU_INFO:Time           4577661000:ncsu_component::nb_transport():  of test.env.scoreboard called
# NCSU_INFO:Time           4577661000:ncsu_component::nb_put():  of test.env.predictor called
# NCSU_INFO:Time           4577667000:ncsu_component::nb_transport():  of test.env.scoreboard called
# NCSU_INFO:Time           4577667000:ncsu_component::nb_put():  of test.env.predictor called
# NCSU_INFO:Time           4577675000:ncsu_component::nb_transport():  of test.env.scoreboard called
# NCSU_INFO:Time           4577675000:ncsu_component::nb_put():  of test.env.predictor called
# NCSU_INFO:Time           4595719000:ncsu_component::nb_transport():  of test.env.scoreboard called
# NCSU_INFO:Time           4595719000:ncsu_component::nb_put():  of test.env.predictor called
# NCSU_INFO:Time           4595725000:ncsu_component::nb_transport():  of test.env.scoreboard called
# NCSU_INFO:Time           4595725000:ncsu_component::nb_put():  of test.env.predictor called
# NCSU_INFO:Time           4613769000:ncsu_component::nb_transport():  of test.env.scoreboard called
# NCSU_INFO:Time           4613769000:ncsu_component::nb_put():  of test.env.predictor called
# wb data received:  21
# NCSU_INFO:Time           4613773000:i2c_monitor::run():  of test.env.i2c_agent.monitor called.
#  Slave address:0x22;
#  RW:1;
#  Data:21
# NCSU_INFO:Time           4613773000:ncsu_component::nb_put():  of test.env.scoreboard called
# NCSU_INFO:Time           4613775000:ncsu_component::nb_transport():  of test.env.scoreboard called
# NCSU_INFO:Time           4613775000:ncsu_component::nb_put():  of test.env.predictor called
# NCSU_INFO:Time           4613781000:ncsu_component::nb_transport():  of test.env.scoreboard called
# NCSU_INFO:Time           4613781000:ncsu_component::nb_put():  of test.env.predictor called
# NCSU_INFO:Time           4615473000:ncsu_component::nb_transport():  of test.env.scoreboard called
# NCSU_INFO:Time           4615473000:ncsu_component::nb_put():  of test.env.predictor called
# NCSU_INFO:Time           4615477000:FINISH: wb_driver::run():  of test.env.wb_agent.driver is called.
# NCSU_INFO:Time           4615477000:START: wb_driver::run():  of test.env.wb_agent.driver is called.
# NCSU_INFO:Time           4615477000:i2c_driver::bl_put():  of test.env.i2c_agent.driver called
# NCSU_INFO:Time           4615479000:ncsu_component::nb_transport():  of test.env.scoreboard called
# NCSU_INFO:Time           4615479000:ncsu_component::nb_put():  of test.env.predictor called
# NCSU_INFO:Time           4615485000:ncsu_component::nb_transport():  of test.env.scoreboard called
# NCSU_INFO:Time           4615485000:ncsu_component::nb_put():  of test.env.predictor called
# NCSU_INFO:Time           4615493000:ncsu_component::nb_transport():  of test.env.scoreboard called
# NCSU_INFO:Time           4615493000:ncsu_component::nb_put():  of test.env.predictor called
# NCSU_INFO:Time           4615501000:ncsu_component::nb_transport():  of test.env.scoreboard called
# NCSU_INFO:Time           4615501000:ncsu_component::nb_put():  of test.env.predictor called
# NCSU_INFO:Time           4615509000:ncsu_component::nb_transport():  of test.env.scoreboard called
# NCSU_INFO:Time           4615509000:ncsu_component::nb_put():  of test.env.predictor called
# NCSU_INFO:Time           4615515000:ncsu_component::nb_transport():  of test.env.scoreboard called
# NCSU_INFO:Time           4615515000:ncsu_component::nb_put():  of test.env.predictor called
# NCSU_INFO:Time           4617391000:ncsu_component::nb_transport():  of test.env.scoreboard called
# NCSU_INFO:Time           4617391000:ncsu_component::nb_put():  of test.env.predictor called
# NCSU_INFO:Time           4617397000:ncsu_component::nb_transport():  of test.env.scoreboard called
# NCSU_INFO:Time           4617397000:ncsu_component::nb_put():  of test.env.predictor called
# NCSU_INFO:Time           4617403000:ncsu_component::nb_transport():  of test.env.scoreboard called
# NCSU_INFO:Time           4617403000:ncsu_component::nb_put():  of test.env.predictor called
# NCSU_INFO:Time           4617411000:ncsu_component::nb_transport():  of test.env.scoreboard called
# NCSU_INFO:Time           4617411000:ncsu_component::nb_put():  of test.env.predictor called
# NCSU_INFO:Time           4635455000:ncsu_component::nb_transport():  of test.env.scoreboard called
# NCSU_INFO:Time           4635455000:ncsu_component::nb_put():  of test.env.predictor called
# wb_data_sent: 107
# NCSU_INFO:Time           4635461000:ncsu_component::nb_transport():  of test.env.scoreboard called
# NCSU_INFO:Time           4635461000:ncsu_component::nb_put():  of test.env.predictor called
# NCSU_INFO:Time           4635469000:ncsu_component::nb_transport():  of test.env.scoreboard called
# NCSU_INFO:Time           4635469000:ncsu_component::nb_put():  of test.env.predictor called
# NCSU_INFO:Time           4653511000:i2c_monitor::run():  of test.env.i2c_agent.monitor called.
#  Slave address:0x22;
#  RW:0;
#  Data:107 0 0 0 0 0 0 0 0 0 0 0 0 0 0 0 0 0 0 0 0 0 0 0 0 0 0 0 0 0 0 0 0 0 0 0 0 0 0 0 0 0 0 0 0 0 0 0 0 0 0 0 0 0 0 0 0 0 0 0 0 0 0 0
# NCSU_INFO:Time           4653511000:ncsu_component::nb_put():  of test.env.scoreboard called
# NCSU_INFO:Time           4653513000:ncsu_component::nb_transport():  of test.env.scoreboard called
# NCSU_INFO:Time           4653513000:ncsu_component::nb_put():  of test.env.predictor called
# NCSU_INFO:Time           4653519000:ncsu_component::nb_transport():  of test.env.scoreboard called
# NCSU_INFO:Time           4653519000:ncsu_component::nb_put():  of test.env.predictor called
# NCSU_INFO:Time           4655211000:ncsu_component::nb_transport():  of test.env.scoreboard called
# NCSU_INFO:Time           4655211000:ncsu_component::nb_put():  of test.env.predictor called
# NCSU_INFO:Time           4655215000:FINISH: wb_driver::run():  of test.env.wb_agent.driver is called.
# NCSU_INFO:Time           4655215000:START: wb_driver::run():  of test.env.wb_agent.driver is called.
# NCSU_INFO:Time           4655215000:i2c_driver::bl_put():  of test.env.i2c_agent.driver called
# NCSU_INFO:Time           4655217000:ncsu_component::nb_transport():  of test.env.scoreboard called
# NCSU_INFO:Time           4655217000:ncsu_component::nb_put():  of test.env.predictor called
# NCSU_INFO:Time           4655223000:ncsu_component::nb_transport():  of test.env.scoreboard called
# NCSU_INFO:Time           4655223000:ncsu_component::nb_put():  of test.env.predictor called
# NCSU_INFO:Time           4655231000:ncsu_component::nb_transport():  of test.env.scoreboard called
# NCSU_INFO:Time           4655231000:ncsu_component::nb_put():  of test.env.predictor called
# NCSU_INFO:Time           4655239000:ncsu_component::nb_transport():  of test.env.scoreboard called
# NCSU_INFO:Time           4655239000:ncsu_component::nb_put():  of test.env.predictor called
# NCSU_INFO:Time           4655247000:ncsu_component::nb_transport():  of test.env.scoreboard called
# NCSU_INFO:Time           4655247000:ncsu_component::nb_put():  of test.env.predictor called
# NCSU_INFO:Time           4655253000:ncsu_component::nb_transport():  of test.env.scoreboard called
# NCSU_INFO:Time           4655253000:ncsu_component::nb_put():  of test.env.predictor called
# NCSU_INFO:Time           4657129000:ncsu_component::nb_transport():  of test.env.scoreboard called
# NCSU_INFO:Time           4657129000:ncsu_component::nb_put():  of test.env.predictor called
# NCSU_INFO:Time           4657135000:ncsu_component::nb_transport():  of test.env.scoreboard called
# NCSU_INFO:Time           4657135000:ncsu_component::nb_put():  of test.env.predictor called
# NCSU_INFO:Time           4657141000:ncsu_component::nb_transport():  of test.env.scoreboard called
# NCSU_INFO:Time           4657141000:ncsu_component::nb_put():  of test.env.predictor called
# NCSU_INFO:Time           4657149000:ncsu_component::nb_transport():  of test.env.scoreboard called
# NCSU_INFO:Time           4657149000:ncsu_component::nb_put():  of test.env.predictor called
# NCSU_INFO:Time           4675193000:ncsu_component::nb_transport():  of test.env.scoreboard called
# NCSU_INFO:Time           4675193000:ncsu_component::nb_put():  of test.env.predictor called
# NCSU_INFO:Time           4675199000:ncsu_component::nb_transport():  of test.env.scoreboard called
# NCSU_INFO:Time           4675199000:ncsu_component::nb_put():  of test.env.predictor called
# NCSU_INFO:Time           4693243000:ncsu_component::nb_transport():  of test.env.scoreboard called
# NCSU_INFO:Time           4693243000:ncsu_component::nb_put():  of test.env.predictor called
# wb data received:  20
# NCSU_INFO:Time           4693247000:i2c_monitor::run():  of test.env.i2c_agent.monitor called.
#  Slave address:0x22;
#  RW:1;
#  Data:20
# NCSU_INFO:Time           4693247000:ncsu_component::nb_put():  of test.env.scoreboard called
# NCSU_INFO:Time           4693249000:ncsu_component::nb_transport():  of test.env.scoreboard called
# NCSU_INFO:Time           4693249000:ncsu_component::nb_put():  of test.env.predictor called
# NCSU_INFO:Time           4693255000:ncsu_component::nb_transport():  of test.env.scoreboard called
# NCSU_INFO:Time           4693255000:ncsu_component::nb_put():  of test.env.predictor called
# NCSU_INFO:Time           4694947000:ncsu_component::nb_transport():  of test.env.scoreboard called
# NCSU_INFO:Time           4694947000:ncsu_component::nb_put():  of test.env.predictor called
# NCSU_INFO:Time           4694951000:FINISH: wb_driver::run():  of test.env.wb_agent.driver is called.
# NCSU_INFO:Time           4694951000:START: wb_driver::run():  of test.env.wb_agent.driver is called.
# NCSU_INFO:Time           4694951000:i2c_driver::bl_put():  of test.env.i2c_agent.driver called
# NCSU_INFO:Time           4694953000:ncsu_component::nb_transport():  of test.env.scoreboard called
# NCSU_INFO:Time           4694953000:ncsu_component::nb_put():  of test.env.predictor called
# NCSU_INFO:Time           4694959000:ncsu_component::nb_transport():  of test.env.scoreboard called
# NCSU_INFO:Time           4694959000:ncsu_component::nb_put():  of test.env.predictor called
# NCSU_INFO:Time           4694967000:ncsu_component::nb_transport():  of test.env.scoreboard called
# NCSU_INFO:Time           4694967000:ncsu_component::nb_put():  of test.env.predictor called
# NCSU_INFO:Time           4694975000:ncsu_component::nb_transport():  of test.env.scoreboard called
# NCSU_INFO:Time           4694975000:ncsu_component::nb_put():  of test.env.predictor called
# NCSU_INFO:Time           4694983000:ncsu_component::nb_transport():  of test.env.scoreboard called
# NCSU_INFO:Time           4694983000:ncsu_component::nb_put():  of test.env.predictor called
# NCSU_INFO:Time           4694989000:ncsu_component::nb_transport():  of test.env.scoreboard called
# NCSU_INFO:Time           4694989000:ncsu_component::nb_put():  of test.env.predictor called
# NCSU_INFO:Time           4696865000:ncsu_component::nb_transport():  of test.env.scoreboard called
# NCSU_INFO:Time           4696865000:ncsu_component::nb_put():  of test.env.predictor called
# NCSU_INFO:Time           4696871000:ncsu_component::nb_transport():  of test.env.scoreboard called
# NCSU_INFO:Time           4696871000:ncsu_component::nb_put():  of test.env.predictor called
# NCSU_INFO:Time           4696877000:ncsu_component::nb_transport():  of test.env.scoreboard called
# NCSU_INFO:Time           4696877000:ncsu_component::nb_put():  of test.env.predictor called
# NCSU_INFO:Time           4696885000:ncsu_component::nb_transport():  of test.env.scoreboard called
# NCSU_INFO:Time           4696885000:ncsu_component::nb_put():  of test.env.predictor called
# NCSU_INFO:Time           4714929000:ncsu_component::nb_transport():  of test.env.scoreboard called
# NCSU_INFO:Time           4714929000:ncsu_component::nb_put():  of test.env.predictor called
# wb_data_sent: 108
# NCSU_INFO:Time           4714935000:ncsu_component::nb_transport():  of test.env.scoreboard called
# NCSU_INFO:Time           4714935000:ncsu_component::nb_put():  of test.env.predictor called
# NCSU_INFO:Time           4714943000:ncsu_component::nb_transport():  of test.env.scoreboard called
# NCSU_INFO:Time           4714943000:ncsu_component::nb_put():  of test.env.predictor called
# NCSU_INFO:Time           4732985000:i2c_monitor::run():  of test.env.i2c_agent.monitor called.
#  Slave address:0x22;
#  RW:0;
#  Data:108 0 0 0 0 0 0 0 0 0 0 0 0 0 0 0 0 0 0 0 0 0 0 0 0 0 0 0 0 0 0 0 0 0 0 0 0 0 0 0 0 0 0 0 0 0 0 0 0 0 0 0 0 0 0 0 0 0 0 0 0 0 0 0
# NCSU_INFO:Time           4732985000:ncsu_component::nb_put():  of test.env.scoreboard called
# NCSU_INFO:Time           4732987000:ncsu_component::nb_transport():  of test.env.scoreboard called
# NCSU_INFO:Time           4732987000:ncsu_component::nb_put():  of test.env.predictor called
# NCSU_INFO:Time           4732993000:ncsu_component::nb_transport():  of test.env.scoreboard called
# NCSU_INFO:Time           4732993000:ncsu_component::nb_put():  of test.env.predictor called
# NCSU_INFO:Time           4734685000:ncsu_component::nb_transport():  of test.env.scoreboard called
# NCSU_INFO:Time           4734685000:ncsu_component::nb_put():  of test.env.predictor called
# NCSU_INFO:Time           4734689000:FINISH: wb_driver::run():  of test.env.wb_agent.driver is called.
# NCSU_INFO:Time           4734689000:START: wb_driver::run():  of test.env.wb_agent.driver is called.
# NCSU_INFO:Time           4734689000:i2c_driver::bl_put():  of test.env.i2c_agent.driver called
# NCSU_INFO:Time           4734691000:ncsu_component::nb_transport():  of test.env.scoreboard called
# NCSU_INFO:Time           4734691000:ncsu_component::nb_put():  of test.env.predictor called
# NCSU_INFO:Time           4734697000:ncsu_component::nb_transport():  of test.env.scoreboard called
# NCSU_INFO:Time           4734697000:ncsu_component::nb_put():  of test.env.predictor called
# NCSU_INFO:Time           4734705000:ncsu_component::nb_transport():  of test.env.scoreboard called
# NCSU_INFO:Time           4734705000:ncsu_component::nb_put():  of test.env.predictor called
# NCSU_INFO:Time           4734713000:ncsu_component::nb_transport():  of test.env.scoreboard called
# NCSU_INFO:Time           4734713000:ncsu_component::nb_put():  of test.env.predictor called
# NCSU_INFO:Time           4734721000:ncsu_component::nb_transport():  of test.env.scoreboard called
# NCSU_INFO:Time           4734721000:ncsu_component::nb_put():  of test.env.predictor called
# NCSU_INFO:Time           4734727000:ncsu_component::nb_transport():  of test.env.scoreboard called
# NCSU_INFO:Time           4734727000:ncsu_component::nb_put():  of test.env.predictor called
# NCSU_INFO:Time           4736603000:ncsu_component::nb_transport():  of test.env.scoreboard called
# NCSU_INFO:Time           4736603000:ncsu_component::nb_put():  of test.env.predictor called
# NCSU_INFO:Time           4736609000:ncsu_component::nb_transport():  of test.env.scoreboard called
# NCSU_INFO:Time           4736609000:ncsu_component::nb_put():  of test.env.predictor called
# NCSU_INFO:Time           4736615000:ncsu_component::nb_transport():  of test.env.scoreboard called
# NCSU_INFO:Time           4736615000:ncsu_component::nb_put():  of test.env.predictor called
# NCSU_INFO:Time           4736623000:ncsu_component::nb_transport():  of test.env.scoreboard called
# NCSU_INFO:Time           4736623000:ncsu_component::nb_put():  of test.env.predictor called
# NCSU_INFO:Time           4754667000:ncsu_component::nb_transport():  of test.env.scoreboard called
# NCSU_INFO:Time           4754667000:ncsu_component::nb_put():  of test.env.predictor called
# NCSU_INFO:Time           4754673000:ncsu_component::nb_transport():  of test.env.scoreboard called
# NCSU_INFO:Time           4754673000:ncsu_component::nb_put():  of test.env.predictor called
# NCSU_INFO:Time           4772717000:ncsu_component::nb_transport():  of test.env.scoreboard called
# NCSU_INFO:Time           4772717000:ncsu_component::nb_put():  of test.env.predictor called
# wb data received:  19
# NCSU_INFO:Time           4772721000:i2c_monitor::run():  of test.env.i2c_agent.monitor called.
#  Slave address:0x22;
#  RW:1;
#  Data:19
# NCSU_INFO:Time           4772721000:ncsu_component::nb_put():  of test.env.scoreboard called
# NCSU_INFO:Time           4772723000:ncsu_component::nb_transport():  of test.env.scoreboard called
# NCSU_INFO:Time           4772723000:ncsu_component::nb_put():  of test.env.predictor called
# NCSU_INFO:Time           4772729000:ncsu_component::nb_transport():  of test.env.scoreboard called
# NCSU_INFO:Time           4772729000:ncsu_component::nb_put():  of test.env.predictor called
# NCSU_INFO:Time           4774421000:ncsu_component::nb_transport():  of test.env.scoreboard called
# NCSU_INFO:Time           4774421000:ncsu_component::nb_put():  of test.env.predictor called
# NCSU_INFO:Time           4774425000:FINISH: wb_driver::run():  of test.env.wb_agent.driver is called.
# NCSU_INFO:Time           4774425000:START: wb_driver::run():  of test.env.wb_agent.driver is called.
# NCSU_INFO:Time           4774425000:i2c_driver::bl_put():  of test.env.i2c_agent.driver called
# NCSU_INFO:Time           4774427000:ncsu_component::nb_transport():  of test.env.scoreboard called
# NCSU_INFO:Time           4774427000:ncsu_component::nb_put():  of test.env.predictor called
# NCSU_INFO:Time           4774433000:ncsu_component::nb_transport():  of test.env.scoreboard called
# NCSU_INFO:Time           4774433000:ncsu_component::nb_put():  of test.env.predictor called
# NCSU_INFO:Time           4774441000:ncsu_component::nb_transport():  of test.env.scoreboard called
# NCSU_INFO:Time           4774441000:ncsu_component::nb_put():  of test.env.predictor called
# NCSU_INFO:Time           4774449000:ncsu_component::nb_transport():  of test.env.scoreboard called
# NCSU_INFO:Time           4774449000:ncsu_component::nb_put():  of test.env.predictor called
# NCSU_INFO:Time           4774457000:ncsu_component::nb_transport():  of test.env.scoreboard called
# NCSU_INFO:Time           4774457000:ncsu_component::nb_put():  of test.env.predictor called
# NCSU_INFO:Time           4774463000:ncsu_component::nb_transport():  of test.env.scoreboard called
# NCSU_INFO:Time           4774463000:ncsu_component::nb_put():  of test.env.predictor called
# NCSU_INFO:Time           4776339000:ncsu_component::nb_transport():  of test.env.scoreboard called
# NCSU_INFO:Time           4776339000:ncsu_component::nb_put():  of test.env.predictor called
# NCSU_INFO:Time           4776345000:ncsu_component::nb_transport():  of test.env.scoreboard called
# NCSU_INFO:Time           4776345000:ncsu_component::nb_put():  of test.env.predictor called
# NCSU_INFO:Time           4776351000:ncsu_component::nb_transport():  of test.env.scoreboard called
# NCSU_INFO:Time           4776351000:ncsu_component::nb_put():  of test.env.predictor called
# NCSU_INFO:Time           4776359000:ncsu_component::nb_transport():  of test.env.scoreboard called
# NCSU_INFO:Time           4776359000:ncsu_component::nb_put():  of test.env.predictor called
# NCSU_INFO:Time           4794403000:ncsu_component::nb_transport():  of test.env.scoreboard called
# NCSU_INFO:Time           4794403000:ncsu_component::nb_put():  of test.env.predictor called
# wb_data_sent: 109
# NCSU_INFO:Time           4794409000:ncsu_component::nb_transport():  of test.env.scoreboard called
# NCSU_INFO:Time           4794409000:ncsu_component::nb_put():  of test.env.predictor called
# NCSU_INFO:Time           4794417000:ncsu_component::nb_transport():  of test.env.scoreboard called
# NCSU_INFO:Time           4794417000:ncsu_component::nb_put():  of test.env.predictor called
# NCSU_INFO:Time           4812459000:i2c_monitor::run():  of test.env.i2c_agent.monitor called.
#  Slave address:0x22;
#  RW:0;
#  Data:109 0 0 0 0 0 0 0 0 0 0 0 0 0 0 0 0 0 0 0 0 0 0 0 0 0 0 0 0 0 0 0 0 0 0 0 0 0 0 0 0 0 0 0 0 0 0 0 0 0 0 0 0 0 0 0 0 0 0 0 0 0 0 0
# NCSU_INFO:Time           4812459000:ncsu_component::nb_put():  of test.env.scoreboard called
# NCSU_INFO:Time           4812461000:ncsu_component::nb_transport():  of test.env.scoreboard called
# NCSU_INFO:Time           4812461000:ncsu_component::nb_put():  of test.env.predictor called
# NCSU_INFO:Time           4812467000:ncsu_component::nb_transport():  of test.env.scoreboard called
# NCSU_INFO:Time           4812467000:ncsu_component::nb_put():  of test.env.predictor called
# NCSU_INFO:Time           4814159000:ncsu_component::nb_transport():  of test.env.scoreboard called
# NCSU_INFO:Time           4814159000:ncsu_component::nb_put():  of test.env.predictor called
# NCSU_INFO:Time           4814163000:FINISH: wb_driver::run():  of test.env.wb_agent.driver is called.
# NCSU_INFO:Time           4814163000:START: wb_driver::run():  of test.env.wb_agent.driver is called.
# NCSU_INFO:Time           4814163000:i2c_driver::bl_put():  of test.env.i2c_agent.driver called
# NCSU_INFO:Time           4814165000:ncsu_component::nb_transport():  of test.env.scoreboard called
# NCSU_INFO:Time           4814165000:ncsu_component::nb_put():  of test.env.predictor called
# NCSU_INFO:Time           4814171000:ncsu_component::nb_transport():  of test.env.scoreboard called
# NCSU_INFO:Time           4814171000:ncsu_component::nb_put():  of test.env.predictor called
# NCSU_INFO:Time           4814179000:ncsu_component::nb_transport():  of test.env.scoreboard called
# NCSU_INFO:Time           4814179000:ncsu_component::nb_put():  of test.env.predictor called
# NCSU_INFO:Time           4814187000:ncsu_component::nb_transport():  of test.env.scoreboard called
# NCSU_INFO:Time           4814187000:ncsu_component::nb_put():  of test.env.predictor called
# NCSU_INFO:Time           4814195000:ncsu_component::nb_transport():  of test.env.scoreboard called
# NCSU_INFO:Time           4814195000:ncsu_component::nb_put():  of test.env.predictor called
# NCSU_INFO:Time           4814201000:ncsu_component::nb_transport():  of test.env.scoreboard called
# NCSU_INFO:Time           4814201000:ncsu_component::nb_put():  of test.env.predictor called
# NCSU_INFO:Time           4816077000:ncsu_component::nb_transport():  of test.env.scoreboard called
# NCSU_INFO:Time           4816077000:ncsu_component::nb_put():  of test.env.predictor called
# NCSU_INFO:Time           4816083000:ncsu_component::nb_transport():  of test.env.scoreboard called
# NCSU_INFO:Time           4816083000:ncsu_component::nb_put():  of test.env.predictor called
# NCSU_INFO:Time           4816089000:ncsu_component::nb_transport():  of test.env.scoreboard called
# NCSU_INFO:Time           4816089000:ncsu_component::nb_put():  of test.env.predictor called
# NCSU_INFO:Time           4816097000:ncsu_component::nb_transport():  of test.env.scoreboard called
# NCSU_INFO:Time           4816097000:ncsu_component::nb_put():  of test.env.predictor called
# NCSU_INFO:Time           4834141000:ncsu_component::nb_transport():  of test.env.scoreboard called
# NCSU_INFO:Time           4834141000:ncsu_component::nb_put():  of test.env.predictor called
# NCSU_INFO:Time           4834147000:ncsu_component::nb_transport():  of test.env.scoreboard called
# NCSU_INFO:Time           4834147000:ncsu_component::nb_put():  of test.env.predictor called
# NCSU_INFO:Time           4852191000:ncsu_component::nb_transport():  of test.env.scoreboard called
# NCSU_INFO:Time           4852191000:ncsu_component::nb_put():  of test.env.predictor called
# wb data received:  18
# NCSU_INFO:Time           4852195000:i2c_monitor::run():  of test.env.i2c_agent.monitor called.
#  Slave address:0x22;
#  RW:1;
#  Data:18
# NCSU_INFO:Time           4852195000:ncsu_component::nb_put():  of test.env.scoreboard called
# NCSU_INFO:Time           4852197000:ncsu_component::nb_transport():  of test.env.scoreboard called
# NCSU_INFO:Time           4852197000:ncsu_component::nb_put():  of test.env.predictor called
# NCSU_INFO:Time           4852203000:ncsu_component::nb_transport():  of test.env.scoreboard called
# NCSU_INFO:Time           4852203000:ncsu_component::nb_put():  of test.env.predictor called
# NCSU_INFO:Time           4853895000:ncsu_component::nb_transport():  of test.env.scoreboard called
# NCSU_INFO:Time           4853895000:ncsu_component::nb_put():  of test.env.predictor called
# NCSU_INFO:Time           4853899000:FINISH: wb_driver::run():  of test.env.wb_agent.driver is called.
# NCSU_INFO:Time           4853899000:START: wb_driver::run():  of test.env.wb_agent.driver is called.
# NCSU_INFO:Time           4853899000:i2c_driver::bl_put():  of test.env.i2c_agent.driver called
# NCSU_INFO:Time           4853901000:ncsu_component::nb_transport():  of test.env.scoreboard called
# NCSU_INFO:Time           4853901000:ncsu_component::nb_put():  of test.env.predictor called
# NCSU_INFO:Time           4853907000:ncsu_component::nb_transport():  of test.env.scoreboard called
# NCSU_INFO:Time           4853907000:ncsu_component::nb_put():  of test.env.predictor called
# NCSU_INFO:Time           4853915000:ncsu_component::nb_transport():  of test.env.scoreboard called
# NCSU_INFO:Time           4853915000:ncsu_component::nb_put():  of test.env.predictor called
# NCSU_INFO:Time           4853923000:ncsu_component::nb_transport():  of test.env.scoreboard called
# NCSU_INFO:Time           4853923000:ncsu_component::nb_put():  of test.env.predictor called
# NCSU_INFO:Time           4853931000:ncsu_component::nb_transport():  of test.env.scoreboard called
# NCSU_INFO:Time           4853931000:ncsu_component::nb_put():  of test.env.predictor called
# NCSU_INFO:Time           4853937000:ncsu_component::nb_transport():  of test.env.scoreboard called
# NCSU_INFO:Time           4853937000:ncsu_component::nb_put():  of test.env.predictor called
# NCSU_INFO:Time           4855813000:ncsu_component::nb_transport():  of test.env.scoreboard called
# NCSU_INFO:Time           4855813000:ncsu_component::nb_put():  of test.env.predictor called
# NCSU_INFO:Time           4855819000:ncsu_component::nb_transport():  of test.env.scoreboard called
# NCSU_INFO:Time           4855819000:ncsu_component::nb_put():  of test.env.predictor called
# NCSU_INFO:Time           4855825000:ncsu_component::nb_transport():  of test.env.scoreboard called
# NCSU_INFO:Time           4855825000:ncsu_component::nb_put():  of test.env.predictor called
# NCSU_INFO:Time           4855833000:ncsu_component::nb_transport():  of test.env.scoreboard called
# NCSU_INFO:Time           4855833000:ncsu_component::nb_put():  of test.env.predictor called
# NCSU_INFO:Time           4873877000:ncsu_component::nb_transport():  of test.env.scoreboard called
# NCSU_INFO:Time           4873877000:ncsu_component::nb_put():  of test.env.predictor called
# wb_data_sent: 110
# NCSU_INFO:Time           4873883000:ncsu_component::nb_transport():  of test.env.scoreboard called
# NCSU_INFO:Time           4873883000:ncsu_component::nb_put():  of test.env.predictor called
# NCSU_INFO:Time           4873891000:ncsu_component::nb_transport():  of test.env.scoreboard called
# NCSU_INFO:Time           4873891000:ncsu_component::nb_put():  of test.env.predictor called
# NCSU_INFO:Time           4891933000:i2c_monitor::run():  of test.env.i2c_agent.monitor called.
#  Slave address:0x22;
#  RW:0;
#  Data:110 0 0 0 0 0 0 0 0 0 0 0 0 0 0 0 0 0 0 0 0 0 0 0 0 0 0 0 0 0 0 0 0 0 0 0 0 0 0 0 0 0 0 0 0 0 0 0 0 0 0 0 0 0 0 0 0 0 0 0 0 0 0 0
# NCSU_INFO:Time           4891933000:ncsu_component::nb_put():  of test.env.scoreboard called
# NCSU_INFO:Time           4891935000:ncsu_component::nb_transport():  of test.env.scoreboard called
# NCSU_INFO:Time           4891935000:ncsu_component::nb_put():  of test.env.predictor called
# NCSU_INFO:Time           4891941000:ncsu_component::nb_transport():  of test.env.scoreboard called
# NCSU_INFO:Time           4891941000:ncsu_component::nb_put():  of test.env.predictor called
# NCSU_INFO:Time           4893633000:ncsu_component::nb_transport():  of test.env.scoreboard called
# NCSU_INFO:Time           4893633000:ncsu_component::nb_put():  of test.env.predictor called
# NCSU_INFO:Time           4893637000:FINISH: wb_driver::run():  of test.env.wb_agent.driver is called.
# NCSU_INFO:Time           4893637000:START: wb_driver::run():  of test.env.wb_agent.driver is called.
# NCSU_INFO:Time           4893637000:i2c_driver::bl_put():  of test.env.i2c_agent.driver called
# NCSU_INFO:Time           4893639000:ncsu_component::nb_transport():  of test.env.scoreboard called
# NCSU_INFO:Time           4893639000:ncsu_component::nb_put():  of test.env.predictor called
# NCSU_INFO:Time           4893645000:ncsu_component::nb_transport():  of test.env.scoreboard called
# NCSU_INFO:Time           4893645000:ncsu_component::nb_put():  of test.env.predictor called
# NCSU_INFO:Time           4893653000:ncsu_component::nb_transport():  of test.env.scoreboard called
# NCSU_INFO:Time           4893653000:ncsu_component::nb_put():  of test.env.predictor called
# NCSU_INFO:Time           4893661000:ncsu_component::nb_transport():  of test.env.scoreboard called
# NCSU_INFO:Time           4893661000:ncsu_component::nb_put():  of test.env.predictor called
# NCSU_INFO:Time           4893669000:ncsu_component::nb_transport():  of test.env.scoreboard called
# NCSU_INFO:Time           4893669000:ncsu_component::nb_put():  of test.env.predictor called
# NCSU_INFO:Time           4893675000:ncsu_component::nb_transport():  of test.env.scoreboard called
# NCSU_INFO:Time           4893675000:ncsu_component::nb_put():  of test.env.predictor called
# NCSU_INFO:Time           4895551000:ncsu_component::nb_transport():  of test.env.scoreboard called
# NCSU_INFO:Time           4895551000:ncsu_component::nb_put():  of test.env.predictor called
# NCSU_INFO:Time           4895557000:ncsu_component::nb_transport():  of test.env.scoreboard called
# NCSU_INFO:Time           4895557000:ncsu_component::nb_put():  of test.env.predictor called
# NCSU_INFO:Time           4895563000:ncsu_component::nb_transport():  of test.env.scoreboard called
# NCSU_INFO:Time           4895563000:ncsu_component::nb_put():  of test.env.predictor called
# NCSU_INFO:Time           4895571000:ncsu_component::nb_transport():  of test.env.scoreboard called
# NCSU_INFO:Time           4895571000:ncsu_component::nb_put():  of test.env.predictor called
# NCSU_INFO:Time           4913615000:ncsu_component::nb_transport():  of test.env.scoreboard called
# NCSU_INFO:Time           4913615000:ncsu_component::nb_put():  of test.env.predictor called
# NCSU_INFO:Time           4913621000:ncsu_component::nb_transport():  of test.env.scoreboard called
# NCSU_INFO:Time           4913621000:ncsu_component::nb_put():  of test.env.predictor called
# NCSU_INFO:Time           4931665000:ncsu_component::nb_transport():  of test.env.scoreboard called
# NCSU_INFO:Time           4931665000:ncsu_component::nb_put():  of test.env.predictor called
# wb data received:  17
# NCSU_INFO:Time           4931669000:i2c_monitor::run():  of test.env.i2c_agent.monitor called.
#  Slave address:0x22;
#  RW:1;
#  Data:17
# NCSU_INFO:Time           4931669000:ncsu_component::nb_put():  of test.env.scoreboard called
# NCSU_INFO:Time           4931671000:ncsu_component::nb_transport():  of test.env.scoreboard called
# NCSU_INFO:Time           4931671000:ncsu_component::nb_put():  of test.env.predictor called
# NCSU_INFO:Time           4931677000:ncsu_component::nb_transport():  of test.env.scoreboard called
# NCSU_INFO:Time           4931677000:ncsu_component::nb_put():  of test.env.predictor called
# NCSU_INFO:Time           4933369000:ncsu_component::nb_transport():  of test.env.scoreboard called
# NCSU_INFO:Time           4933369000:ncsu_component::nb_put():  of test.env.predictor called
# NCSU_INFO:Time           4933373000:FINISH: wb_driver::run():  of test.env.wb_agent.driver is called.
# NCSU_INFO:Time           4933373000:START: wb_driver::run():  of test.env.wb_agent.driver is called.
# NCSU_INFO:Time           4933373000:i2c_driver::bl_put():  of test.env.i2c_agent.driver called
# NCSU_INFO:Time           4933375000:ncsu_component::nb_transport():  of test.env.scoreboard called
# NCSU_INFO:Time           4933375000:ncsu_component::nb_put():  of test.env.predictor called
# NCSU_INFO:Time           4933381000:ncsu_component::nb_transport():  of test.env.scoreboard called
# NCSU_INFO:Time           4933381000:ncsu_component::nb_put():  of test.env.predictor called
# NCSU_INFO:Time           4933389000:ncsu_component::nb_transport():  of test.env.scoreboard called
# NCSU_INFO:Time           4933389000:ncsu_component::nb_put():  of test.env.predictor called
# NCSU_INFO:Time           4933397000:ncsu_component::nb_transport():  of test.env.scoreboard called
# NCSU_INFO:Time           4933397000:ncsu_component::nb_put():  of test.env.predictor called
# NCSU_INFO:Time           4933405000:ncsu_component::nb_transport():  of test.env.scoreboard called
# NCSU_INFO:Time           4933405000:ncsu_component::nb_put():  of test.env.predictor called
# NCSU_INFO:Time           4933411000:ncsu_component::nb_transport():  of test.env.scoreboard called
# NCSU_INFO:Time           4933411000:ncsu_component::nb_put():  of test.env.predictor called
# NCSU_INFO:Time           4935287000:ncsu_component::nb_transport():  of test.env.scoreboard called
# NCSU_INFO:Time           4935287000:ncsu_component::nb_put():  of test.env.predictor called
# NCSU_INFO:Time           4935293000:ncsu_component::nb_transport():  of test.env.scoreboard called
# NCSU_INFO:Time           4935293000:ncsu_component::nb_put():  of test.env.predictor called
# NCSU_INFO:Time           4935299000:ncsu_component::nb_transport():  of test.env.scoreboard called
# NCSU_INFO:Time           4935299000:ncsu_component::nb_put():  of test.env.predictor called
# NCSU_INFO:Time           4935307000:ncsu_component::nb_transport():  of test.env.scoreboard called
# NCSU_INFO:Time           4935307000:ncsu_component::nb_put():  of test.env.predictor called
# NCSU_INFO:Time           4953351000:ncsu_component::nb_transport():  of test.env.scoreboard called
# NCSU_INFO:Time           4953351000:ncsu_component::nb_put():  of test.env.predictor called
# wb_data_sent: 111
# NCSU_INFO:Time           4953357000:ncsu_component::nb_transport():  of test.env.scoreboard called
# NCSU_INFO:Time           4953357000:ncsu_component::nb_put():  of test.env.predictor called
# NCSU_INFO:Time           4953365000:ncsu_component::nb_transport():  of test.env.scoreboard called
# NCSU_INFO:Time           4953365000:ncsu_component::nb_put():  of test.env.predictor called
# NCSU_INFO:Time           4971407000:i2c_monitor::run():  of test.env.i2c_agent.monitor called.
#  Slave address:0x22;
#  RW:0;
#  Data:111 0 0 0 0 0 0 0 0 0 0 0 0 0 0 0 0 0 0 0 0 0 0 0 0 0 0 0 0 0 0 0 0 0 0 0 0 0 0 0 0 0 0 0 0 0 0 0 0 0 0 0 0 0 0 0 0 0 0 0 0 0 0 0
# NCSU_INFO:Time           4971407000:ncsu_component::nb_put():  of test.env.scoreboard called
# NCSU_INFO:Time           4971409000:ncsu_component::nb_transport():  of test.env.scoreboard called
# NCSU_INFO:Time           4971409000:ncsu_component::nb_put():  of test.env.predictor called
# NCSU_INFO:Time           4971415000:ncsu_component::nb_transport():  of test.env.scoreboard called
# NCSU_INFO:Time           4971415000:ncsu_component::nb_put():  of test.env.predictor called
# NCSU_INFO:Time           4973107000:ncsu_component::nb_transport():  of test.env.scoreboard called
# NCSU_INFO:Time           4973107000:ncsu_component::nb_put():  of test.env.predictor called
# NCSU_INFO:Time           4973111000:FINISH: wb_driver::run():  of test.env.wb_agent.driver is called.
# NCSU_INFO:Time           4973111000:START: wb_driver::run():  of test.env.wb_agent.driver is called.
# NCSU_INFO:Time           4973111000:i2c_driver::bl_put():  of test.env.i2c_agent.driver called
# NCSU_INFO:Time           4973113000:ncsu_component::nb_transport():  of test.env.scoreboard called
# NCSU_INFO:Time           4973113000:ncsu_component::nb_put():  of test.env.predictor called
# NCSU_INFO:Time           4973119000:ncsu_component::nb_transport():  of test.env.scoreboard called
# NCSU_INFO:Time           4973119000:ncsu_component::nb_put():  of test.env.predictor called
# NCSU_INFO:Time           4973127000:ncsu_component::nb_transport():  of test.env.scoreboard called
# NCSU_INFO:Time           4973127000:ncsu_component::nb_put():  of test.env.predictor called
# NCSU_INFO:Time           4973135000:ncsu_component::nb_transport():  of test.env.scoreboard called
# NCSU_INFO:Time           4973135000:ncsu_component::nb_put():  of test.env.predictor called
# NCSU_INFO:Time           4973143000:ncsu_component::nb_transport():  of test.env.scoreboard called
# NCSU_INFO:Time           4973143000:ncsu_component::nb_put():  of test.env.predictor called
# NCSU_INFO:Time           4973149000:ncsu_component::nb_transport():  of test.env.scoreboard called
# NCSU_INFO:Time           4973149000:ncsu_component::nb_put():  of test.env.predictor called
# NCSU_INFO:Time           4975025000:ncsu_component::nb_transport():  of test.env.scoreboard called
# NCSU_INFO:Time           4975025000:ncsu_component::nb_put():  of test.env.predictor called
# NCSU_INFO:Time           4975031000:ncsu_component::nb_transport():  of test.env.scoreboard called
# NCSU_INFO:Time           4975031000:ncsu_component::nb_put():  of test.env.predictor called
# NCSU_INFO:Time           4975037000:ncsu_component::nb_transport():  of test.env.scoreboard called
# NCSU_INFO:Time           4975037000:ncsu_component::nb_put():  of test.env.predictor called
# NCSU_INFO:Time           4975045000:ncsu_component::nb_transport():  of test.env.scoreboard called
# NCSU_INFO:Time           4975045000:ncsu_component::nb_put():  of test.env.predictor called
# NCSU_INFO:Time           4993089000:ncsu_component::nb_transport():  of test.env.scoreboard called
# NCSU_INFO:Time           4993089000:ncsu_component::nb_put():  of test.env.predictor called
# NCSU_INFO:Time           4993095000:ncsu_component::nb_transport():  of test.env.scoreboard called
# NCSU_INFO:Time           4993095000:ncsu_component::nb_put():  of test.env.predictor called
# NCSU_INFO:Time           5011139000:ncsu_component::nb_transport():  of test.env.scoreboard called
# NCSU_INFO:Time           5011139000:ncsu_component::nb_put():  of test.env.predictor called
# wb data received:  16
# NCSU_INFO:Time           5011143000:i2c_monitor::run():  of test.env.i2c_agent.monitor called.
#  Slave address:0x22;
#  RW:1;
#  Data:16
# NCSU_INFO:Time           5011143000:ncsu_component::nb_put():  of test.env.scoreboard called
# NCSU_INFO:Time           5011145000:ncsu_component::nb_transport():  of test.env.scoreboard called
# NCSU_INFO:Time           5011145000:ncsu_component::nb_put():  of test.env.predictor called
# NCSU_INFO:Time           5011151000:ncsu_component::nb_transport():  of test.env.scoreboard called
# NCSU_INFO:Time           5011151000:ncsu_component::nb_put():  of test.env.predictor called
# NCSU_INFO:Time           5012843000:ncsu_component::nb_transport():  of test.env.scoreboard called
# NCSU_INFO:Time           5012843000:ncsu_component::nb_put():  of test.env.predictor called
# NCSU_INFO:Time           5012847000:FINISH: wb_driver::run():  of test.env.wb_agent.driver is called.
# NCSU_INFO:Time           5012847000:START: wb_driver::run():  of test.env.wb_agent.driver is called.
# NCSU_INFO:Time           5012847000:i2c_driver::bl_put():  of test.env.i2c_agent.driver called
# NCSU_INFO:Time           5012849000:ncsu_component::nb_transport():  of test.env.scoreboard called
# NCSU_INFO:Time           5012849000:ncsu_component::nb_put():  of test.env.predictor called
# NCSU_INFO:Time           5012855000:ncsu_component::nb_transport():  of test.env.scoreboard called
# NCSU_INFO:Time           5012855000:ncsu_component::nb_put():  of test.env.predictor called
# NCSU_INFO:Time           5012863000:ncsu_component::nb_transport():  of test.env.scoreboard called
# NCSU_INFO:Time           5012863000:ncsu_component::nb_put():  of test.env.predictor called
# NCSU_INFO:Time           5012871000:ncsu_component::nb_transport():  of test.env.scoreboard called
# NCSU_INFO:Time           5012871000:ncsu_component::nb_put():  of test.env.predictor called
# NCSU_INFO:Time           5012879000:ncsu_component::nb_transport():  of test.env.scoreboard called
# NCSU_INFO:Time           5012879000:ncsu_component::nb_put():  of test.env.predictor called
# NCSU_INFO:Time           5012885000:ncsu_component::nb_transport():  of test.env.scoreboard called
# NCSU_INFO:Time           5012885000:ncsu_component::nb_put():  of test.env.predictor called
# NCSU_INFO:Time           5014761000:ncsu_component::nb_transport():  of test.env.scoreboard called
# NCSU_INFO:Time           5014761000:ncsu_component::nb_put():  of test.env.predictor called
# NCSU_INFO:Time           5014767000:ncsu_component::nb_transport():  of test.env.scoreboard called
# NCSU_INFO:Time           5014767000:ncsu_component::nb_put():  of test.env.predictor called
# NCSU_INFO:Time           5014773000:ncsu_component::nb_transport():  of test.env.scoreboard called
# NCSU_INFO:Time           5014773000:ncsu_component::nb_put():  of test.env.predictor called
# NCSU_INFO:Time           5014781000:ncsu_component::nb_transport():  of test.env.scoreboard called
# NCSU_INFO:Time           5014781000:ncsu_component::nb_put():  of test.env.predictor called
# NCSU_INFO:Time           5032825000:ncsu_component::nb_transport():  of test.env.scoreboard called
# NCSU_INFO:Time           5032825000:ncsu_component::nb_put():  of test.env.predictor called
# wb_data_sent: 112
# NCSU_INFO:Time           5032831000:ncsu_component::nb_transport():  of test.env.scoreboard called
# NCSU_INFO:Time           5032831000:ncsu_component::nb_put():  of test.env.predictor called
# NCSU_INFO:Time           5032839000:ncsu_component::nb_transport():  of test.env.scoreboard called
# NCSU_INFO:Time           5032839000:ncsu_component::nb_put():  of test.env.predictor called
# NCSU_INFO:Time           5050881000:i2c_monitor::run():  of test.env.i2c_agent.monitor called.
#  Slave address:0x22;
#  RW:0;
#  Data:112 0 0 0 0 0 0 0 0 0 0 0 0 0 0 0 0 0 0 0 0 0 0 0 0 0 0 0 0 0 0 0 0 0 0 0 0 0 0 0 0 0 0 0 0 0 0 0 0 0 0 0 0 0 0 0 0 0 0 0 0 0 0 0
# NCSU_INFO:Time           5050881000:ncsu_component::nb_put():  of test.env.scoreboard called
# NCSU_INFO:Time           5050883000:ncsu_component::nb_transport():  of test.env.scoreboard called
# NCSU_INFO:Time           5050883000:ncsu_component::nb_put():  of test.env.predictor called
# NCSU_INFO:Time           5050889000:ncsu_component::nb_transport():  of test.env.scoreboard called
# NCSU_INFO:Time           5050889000:ncsu_component::nb_put():  of test.env.predictor called
# NCSU_INFO:Time           5052581000:ncsu_component::nb_transport():  of test.env.scoreboard called
# NCSU_INFO:Time           5052581000:ncsu_component::nb_put():  of test.env.predictor called
# NCSU_INFO:Time           5052585000:FINISH: wb_driver::run():  of test.env.wb_agent.driver is called.
# NCSU_INFO:Time           5052585000:START: wb_driver::run():  of test.env.wb_agent.driver is called.
# NCSU_INFO:Time           5052585000:i2c_driver::bl_put():  of test.env.i2c_agent.driver called
# NCSU_INFO:Time           5052587000:ncsu_component::nb_transport():  of test.env.scoreboard called
# NCSU_INFO:Time           5052587000:ncsu_component::nb_put():  of test.env.predictor called
# NCSU_INFO:Time           5052593000:ncsu_component::nb_transport():  of test.env.scoreboard called
# NCSU_INFO:Time           5052593000:ncsu_component::nb_put():  of test.env.predictor called
# NCSU_INFO:Time           5052601000:ncsu_component::nb_transport():  of test.env.scoreboard called
# NCSU_INFO:Time           5052601000:ncsu_component::nb_put():  of test.env.predictor called
# NCSU_INFO:Time           5052609000:ncsu_component::nb_transport():  of test.env.scoreboard called
# NCSU_INFO:Time           5052609000:ncsu_component::nb_put():  of test.env.predictor called
# NCSU_INFO:Time           5052617000:ncsu_component::nb_transport():  of test.env.scoreboard called
# NCSU_INFO:Time           5052617000:ncsu_component::nb_put():  of test.env.predictor called
# NCSU_INFO:Time           5052623000:ncsu_component::nb_transport():  of test.env.scoreboard called
# NCSU_INFO:Time           5052623000:ncsu_component::nb_put():  of test.env.predictor called
# NCSU_INFO:Time           5054499000:ncsu_component::nb_transport():  of test.env.scoreboard called
# NCSU_INFO:Time           5054499000:ncsu_component::nb_put():  of test.env.predictor called
# NCSU_INFO:Time           5054505000:ncsu_component::nb_transport():  of test.env.scoreboard called
# NCSU_INFO:Time           5054505000:ncsu_component::nb_put():  of test.env.predictor called
# NCSU_INFO:Time           5054511000:ncsu_component::nb_transport():  of test.env.scoreboard called
# NCSU_INFO:Time           5054511000:ncsu_component::nb_put():  of test.env.predictor called
# NCSU_INFO:Time           5054519000:ncsu_component::nb_transport():  of test.env.scoreboard called
# NCSU_INFO:Time           5054519000:ncsu_component::nb_put():  of test.env.predictor called
# NCSU_INFO:Time           5072563000:ncsu_component::nb_transport():  of test.env.scoreboard called
# NCSU_INFO:Time           5072563000:ncsu_component::nb_put():  of test.env.predictor called
# NCSU_INFO:Time           5072569000:ncsu_component::nb_transport():  of test.env.scoreboard called
# NCSU_INFO:Time           5072569000:ncsu_component::nb_put():  of test.env.predictor called
# NCSU_INFO:Time           5090613000:ncsu_component::nb_transport():  of test.env.scoreboard called
# NCSU_INFO:Time           5090613000:ncsu_component::nb_put():  of test.env.predictor called
# wb data received:  15
# NCSU_INFO:Time           5090617000:i2c_monitor::run():  of test.env.i2c_agent.monitor called.
#  Slave address:0x22;
#  RW:1;
#  Data:15
# NCSU_INFO:Time           5090617000:ncsu_component::nb_put():  of test.env.scoreboard called
# NCSU_INFO:Time           5090619000:ncsu_component::nb_transport():  of test.env.scoreboard called
# NCSU_INFO:Time           5090619000:ncsu_component::nb_put():  of test.env.predictor called
# NCSU_INFO:Time           5090625000:ncsu_component::nb_transport():  of test.env.scoreboard called
# NCSU_INFO:Time           5090625000:ncsu_component::nb_put():  of test.env.predictor called
# NCSU_INFO:Time           5092317000:ncsu_component::nb_transport():  of test.env.scoreboard called
# NCSU_INFO:Time           5092317000:ncsu_component::nb_put():  of test.env.predictor called
# NCSU_INFO:Time           5092321000:FINISH: wb_driver::run():  of test.env.wb_agent.driver is called.
# NCSU_INFO:Time           5092321000:START: wb_driver::run():  of test.env.wb_agent.driver is called.
# NCSU_INFO:Time           5092321000:i2c_driver::bl_put():  of test.env.i2c_agent.driver called
# NCSU_INFO:Time           5092323000:ncsu_component::nb_transport():  of test.env.scoreboard called
# NCSU_INFO:Time           5092323000:ncsu_component::nb_put():  of test.env.predictor called
# NCSU_INFO:Time           5092329000:ncsu_component::nb_transport():  of test.env.scoreboard called
# NCSU_INFO:Time           5092329000:ncsu_component::nb_put():  of test.env.predictor called
# NCSU_INFO:Time           5092337000:ncsu_component::nb_transport():  of test.env.scoreboard called
# NCSU_INFO:Time           5092337000:ncsu_component::nb_put():  of test.env.predictor called
# NCSU_INFO:Time           5092345000:ncsu_component::nb_transport():  of test.env.scoreboard called
# NCSU_INFO:Time           5092345000:ncsu_component::nb_put():  of test.env.predictor called
# NCSU_INFO:Time           5092353000:ncsu_component::nb_transport():  of test.env.scoreboard called
# NCSU_INFO:Time           5092353000:ncsu_component::nb_put():  of test.env.predictor called
# NCSU_INFO:Time           5092359000:ncsu_component::nb_transport():  of test.env.scoreboard called
# NCSU_INFO:Time           5092359000:ncsu_component::nb_put():  of test.env.predictor called
# NCSU_INFO:Time           5094235000:ncsu_component::nb_transport():  of test.env.scoreboard called
# NCSU_INFO:Time           5094235000:ncsu_component::nb_put():  of test.env.predictor called
# NCSU_INFO:Time           5094241000:ncsu_component::nb_transport():  of test.env.scoreboard called
# NCSU_INFO:Time           5094241000:ncsu_component::nb_put():  of test.env.predictor called
# NCSU_INFO:Time           5094247000:ncsu_component::nb_transport():  of test.env.scoreboard called
# NCSU_INFO:Time           5094247000:ncsu_component::nb_put():  of test.env.predictor called
# NCSU_INFO:Time           5094255000:ncsu_component::nb_transport():  of test.env.scoreboard called
# NCSU_INFO:Time           5094255000:ncsu_component::nb_put():  of test.env.predictor called
# NCSU_INFO:Time           5112299000:ncsu_component::nb_transport():  of test.env.scoreboard called
# NCSU_INFO:Time           5112299000:ncsu_component::nb_put():  of test.env.predictor called
# wb_data_sent: 113
# NCSU_INFO:Time           5112305000:ncsu_component::nb_transport():  of test.env.scoreboard called
# NCSU_INFO:Time           5112305000:ncsu_component::nb_put():  of test.env.predictor called
# NCSU_INFO:Time           5112313000:ncsu_component::nb_transport():  of test.env.scoreboard called
# NCSU_INFO:Time           5112313000:ncsu_component::nb_put():  of test.env.predictor called
# NCSU_INFO:Time           5130355000:i2c_monitor::run():  of test.env.i2c_agent.monitor called.
#  Slave address:0x22;
#  RW:0;
#  Data:113 0 0 0 0 0 0 0 0 0 0 0 0 0 0 0 0 0 0 0 0 0 0 0 0 0 0 0 0 0 0 0 0 0 0 0 0 0 0 0 0 0 0 0 0 0 0 0 0 0 0 0 0 0 0 0 0 0 0 0 0 0 0 0
# NCSU_INFO:Time           5130355000:ncsu_component::nb_put():  of test.env.scoreboard called
# NCSU_INFO:Time           5130357000:ncsu_component::nb_transport():  of test.env.scoreboard called
# NCSU_INFO:Time           5130357000:ncsu_component::nb_put():  of test.env.predictor called
# NCSU_INFO:Time           5130363000:ncsu_component::nb_transport():  of test.env.scoreboard called
# NCSU_INFO:Time           5130363000:ncsu_component::nb_put():  of test.env.predictor called
# NCSU_INFO:Time           5132055000:ncsu_component::nb_transport():  of test.env.scoreboard called
# NCSU_INFO:Time           5132055000:ncsu_component::nb_put():  of test.env.predictor called
# NCSU_INFO:Time           5132059000:FINISH: wb_driver::run():  of test.env.wb_agent.driver is called.
# NCSU_INFO:Time           5132059000:START: wb_driver::run():  of test.env.wb_agent.driver is called.
# NCSU_INFO:Time           5132059000:i2c_driver::bl_put():  of test.env.i2c_agent.driver called
# NCSU_INFO:Time           5132061000:ncsu_component::nb_transport():  of test.env.scoreboard called
# NCSU_INFO:Time           5132061000:ncsu_component::nb_put():  of test.env.predictor called
# NCSU_INFO:Time           5132067000:ncsu_component::nb_transport():  of test.env.scoreboard called
# NCSU_INFO:Time           5132067000:ncsu_component::nb_put():  of test.env.predictor called
# NCSU_INFO:Time           5132075000:ncsu_component::nb_transport():  of test.env.scoreboard called
# NCSU_INFO:Time           5132075000:ncsu_component::nb_put():  of test.env.predictor called
# NCSU_INFO:Time           5132083000:ncsu_component::nb_transport():  of test.env.scoreboard called
# NCSU_INFO:Time           5132083000:ncsu_component::nb_put():  of test.env.predictor called
# NCSU_INFO:Time           5132091000:ncsu_component::nb_transport():  of test.env.scoreboard called
# NCSU_INFO:Time           5132091000:ncsu_component::nb_put():  of test.env.predictor called
# NCSU_INFO:Time           5132097000:ncsu_component::nb_transport():  of test.env.scoreboard called
# NCSU_INFO:Time           5132097000:ncsu_component::nb_put():  of test.env.predictor called
# NCSU_INFO:Time           5133973000:ncsu_component::nb_transport():  of test.env.scoreboard called
# NCSU_INFO:Time           5133973000:ncsu_component::nb_put():  of test.env.predictor called
# NCSU_INFO:Time           5133979000:ncsu_component::nb_transport():  of test.env.scoreboard called
# NCSU_INFO:Time           5133979000:ncsu_component::nb_put():  of test.env.predictor called
# NCSU_INFO:Time           5133985000:ncsu_component::nb_transport():  of test.env.scoreboard called
# NCSU_INFO:Time           5133985000:ncsu_component::nb_put():  of test.env.predictor called
# NCSU_INFO:Time           5133993000:ncsu_component::nb_transport():  of test.env.scoreboard called
# NCSU_INFO:Time           5133993000:ncsu_component::nb_put():  of test.env.predictor called
# NCSU_INFO:Time           5152037000:ncsu_component::nb_transport():  of test.env.scoreboard called
# NCSU_INFO:Time           5152037000:ncsu_component::nb_put():  of test.env.predictor called
# NCSU_INFO:Time           5152043000:ncsu_component::nb_transport():  of test.env.scoreboard called
# NCSU_INFO:Time           5152043000:ncsu_component::nb_put():  of test.env.predictor called
# NCSU_INFO:Time           5170087000:ncsu_component::nb_transport():  of test.env.scoreboard called
# NCSU_INFO:Time           5170087000:ncsu_component::nb_put():  of test.env.predictor called
# wb data received:  14
# NCSU_INFO:Time           5170091000:i2c_monitor::run():  of test.env.i2c_agent.monitor called.
#  Slave address:0x22;
#  RW:1;
#  Data:14
# NCSU_INFO:Time           5170091000:ncsu_component::nb_put():  of test.env.scoreboard called
# NCSU_INFO:Time           5170093000:ncsu_component::nb_transport():  of test.env.scoreboard called
# NCSU_INFO:Time           5170093000:ncsu_component::nb_put():  of test.env.predictor called
# NCSU_INFO:Time           5170099000:ncsu_component::nb_transport():  of test.env.scoreboard called
# NCSU_INFO:Time           5170099000:ncsu_component::nb_put():  of test.env.predictor called
# NCSU_INFO:Time           5171791000:ncsu_component::nb_transport():  of test.env.scoreboard called
# NCSU_INFO:Time           5171791000:ncsu_component::nb_put():  of test.env.predictor called
# NCSU_INFO:Time           5171795000:FINISH: wb_driver::run():  of test.env.wb_agent.driver is called.
# NCSU_INFO:Time           5171795000:START: wb_driver::run():  of test.env.wb_agent.driver is called.
# NCSU_INFO:Time           5171795000:i2c_driver::bl_put():  of test.env.i2c_agent.driver called
# NCSU_INFO:Time           5171797000:ncsu_component::nb_transport():  of test.env.scoreboard called
# NCSU_INFO:Time           5171797000:ncsu_component::nb_put():  of test.env.predictor called
# NCSU_INFO:Time           5171803000:ncsu_component::nb_transport():  of test.env.scoreboard called
# NCSU_INFO:Time           5171803000:ncsu_component::nb_put():  of test.env.predictor called
# NCSU_INFO:Time           5171811000:ncsu_component::nb_transport():  of test.env.scoreboard called
# NCSU_INFO:Time           5171811000:ncsu_component::nb_put():  of test.env.predictor called
# NCSU_INFO:Time           5171819000:ncsu_component::nb_transport():  of test.env.scoreboard called
# NCSU_INFO:Time           5171819000:ncsu_component::nb_put():  of test.env.predictor called
# NCSU_INFO:Time           5171827000:ncsu_component::nb_transport():  of test.env.scoreboard called
# NCSU_INFO:Time           5171827000:ncsu_component::nb_put():  of test.env.predictor called
# NCSU_INFO:Time           5171833000:ncsu_component::nb_transport():  of test.env.scoreboard called
# NCSU_INFO:Time           5171833000:ncsu_component::nb_put():  of test.env.predictor called
# NCSU_INFO:Time           5173709000:ncsu_component::nb_transport():  of test.env.scoreboard called
# NCSU_INFO:Time           5173709000:ncsu_component::nb_put():  of test.env.predictor called
# NCSU_INFO:Time           5173715000:ncsu_component::nb_transport():  of test.env.scoreboard called
# NCSU_INFO:Time           5173715000:ncsu_component::nb_put():  of test.env.predictor called
# NCSU_INFO:Time           5173721000:ncsu_component::nb_transport():  of test.env.scoreboard called
# NCSU_INFO:Time           5173721000:ncsu_component::nb_put():  of test.env.predictor called
# NCSU_INFO:Time           5173729000:ncsu_component::nb_transport():  of test.env.scoreboard called
# NCSU_INFO:Time           5173729000:ncsu_component::nb_put():  of test.env.predictor called
# NCSU_INFO:Time           5191773000:ncsu_component::nb_transport():  of test.env.scoreboard called
# NCSU_INFO:Time           5191773000:ncsu_component::nb_put():  of test.env.predictor called
# wb_data_sent: 114
# NCSU_INFO:Time           5191779000:ncsu_component::nb_transport():  of test.env.scoreboard called
# NCSU_INFO:Time           5191779000:ncsu_component::nb_put():  of test.env.predictor called
# NCSU_INFO:Time           5191787000:ncsu_component::nb_transport():  of test.env.scoreboard called
# NCSU_INFO:Time           5191787000:ncsu_component::nb_put():  of test.env.predictor called
# NCSU_INFO:Time           5209829000:i2c_monitor::run():  of test.env.i2c_agent.monitor called.
#  Slave address:0x22;
#  RW:0;
#  Data:114 0 0 0 0 0 0 0 0 0 0 0 0 0 0 0 0 0 0 0 0 0 0 0 0 0 0 0 0 0 0 0 0 0 0 0 0 0 0 0 0 0 0 0 0 0 0 0 0 0 0 0 0 0 0 0 0 0 0 0 0 0 0 0
# NCSU_INFO:Time           5209829000:ncsu_component::nb_put():  of test.env.scoreboard called
# NCSU_INFO:Time           5209831000:ncsu_component::nb_transport():  of test.env.scoreboard called
# NCSU_INFO:Time           5209831000:ncsu_component::nb_put():  of test.env.predictor called
# NCSU_INFO:Time           5209837000:ncsu_component::nb_transport():  of test.env.scoreboard called
# NCSU_INFO:Time           5209837000:ncsu_component::nb_put():  of test.env.predictor called
# NCSU_INFO:Time           5211529000:ncsu_component::nb_transport():  of test.env.scoreboard called
# NCSU_INFO:Time           5211529000:ncsu_component::nb_put():  of test.env.predictor called
# NCSU_INFO:Time           5211533000:FINISH: wb_driver::run():  of test.env.wb_agent.driver is called.
# NCSU_INFO:Time           5211533000:START: wb_driver::run():  of test.env.wb_agent.driver is called.
# NCSU_INFO:Time           5211533000:i2c_driver::bl_put():  of test.env.i2c_agent.driver called
# NCSU_INFO:Time           5211535000:ncsu_component::nb_transport():  of test.env.scoreboard called
# NCSU_INFO:Time           5211535000:ncsu_component::nb_put():  of test.env.predictor called
# NCSU_INFO:Time           5211541000:ncsu_component::nb_transport():  of test.env.scoreboard called
# NCSU_INFO:Time           5211541000:ncsu_component::nb_put():  of test.env.predictor called
# NCSU_INFO:Time           5211549000:ncsu_component::nb_transport():  of test.env.scoreboard called
# NCSU_INFO:Time           5211549000:ncsu_component::nb_put():  of test.env.predictor called
# NCSU_INFO:Time           5211557000:ncsu_component::nb_transport():  of test.env.scoreboard called
# NCSU_INFO:Time           5211557000:ncsu_component::nb_put():  of test.env.predictor called
# NCSU_INFO:Time           5211565000:ncsu_component::nb_transport():  of test.env.scoreboard called
# NCSU_INFO:Time           5211565000:ncsu_component::nb_put():  of test.env.predictor called
# NCSU_INFO:Time           5211571000:ncsu_component::nb_transport():  of test.env.scoreboard called
# NCSU_INFO:Time           5211571000:ncsu_component::nb_put():  of test.env.predictor called
# NCSU_INFO:Time           5213447000:ncsu_component::nb_transport():  of test.env.scoreboard called
# NCSU_INFO:Time           5213447000:ncsu_component::nb_put():  of test.env.predictor called
# NCSU_INFO:Time           5213453000:ncsu_component::nb_transport():  of test.env.scoreboard called
# NCSU_INFO:Time           5213453000:ncsu_component::nb_put():  of test.env.predictor called
# NCSU_INFO:Time           5213459000:ncsu_component::nb_transport():  of test.env.scoreboard called
# NCSU_INFO:Time           5213459000:ncsu_component::nb_put():  of test.env.predictor called
# NCSU_INFO:Time           5213467000:ncsu_component::nb_transport():  of test.env.scoreboard called
# NCSU_INFO:Time           5213467000:ncsu_component::nb_put():  of test.env.predictor called
# NCSU_INFO:Time           5231511000:ncsu_component::nb_transport():  of test.env.scoreboard called
# NCSU_INFO:Time           5231511000:ncsu_component::nb_put():  of test.env.predictor called
# NCSU_INFO:Time           5231517000:ncsu_component::nb_transport():  of test.env.scoreboard called
# NCSU_INFO:Time           5231517000:ncsu_component::nb_put():  of test.env.predictor called
# NCSU_INFO:Time           5249561000:ncsu_component::nb_transport():  of test.env.scoreboard called
# NCSU_INFO:Time           5249561000:ncsu_component::nb_put():  of test.env.predictor called
# wb data received:  13
# NCSU_INFO:Time           5249565000:i2c_monitor::run():  of test.env.i2c_agent.monitor called.
#  Slave address:0x22;
#  RW:1;
#  Data:13
# NCSU_INFO:Time           5249565000:ncsu_component::nb_put():  of test.env.scoreboard called
# NCSU_INFO:Time           5249567000:ncsu_component::nb_transport():  of test.env.scoreboard called
# NCSU_INFO:Time           5249567000:ncsu_component::nb_put():  of test.env.predictor called
# NCSU_INFO:Time           5249573000:ncsu_component::nb_transport():  of test.env.scoreboard called
# NCSU_INFO:Time           5249573000:ncsu_component::nb_put():  of test.env.predictor called
# NCSU_INFO:Time           5251265000:ncsu_component::nb_transport():  of test.env.scoreboard called
# NCSU_INFO:Time           5251265000:ncsu_component::nb_put():  of test.env.predictor called
# NCSU_INFO:Time           5251269000:FINISH: wb_driver::run():  of test.env.wb_agent.driver is called.
# NCSU_INFO:Time           5251269000:START: wb_driver::run():  of test.env.wb_agent.driver is called.
# NCSU_INFO:Time           5251269000:i2c_driver::bl_put():  of test.env.i2c_agent.driver called
# NCSU_INFO:Time           5251271000:ncsu_component::nb_transport():  of test.env.scoreboard called
# NCSU_INFO:Time           5251271000:ncsu_component::nb_put():  of test.env.predictor called
# NCSU_INFO:Time           5251277000:ncsu_component::nb_transport():  of test.env.scoreboard called
# NCSU_INFO:Time           5251277000:ncsu_component::nb_put():  of test.env.predictor called
# NCSU_INFO:Time           5251285000:ncsu_component::nb_transport():  of test.env.scoreboard called
# NCSU_INFO:Time           5251285000:ncsu_component::nb_put():  of test.env.predictor called
# NCSU_INFO:Time           5251293000:ncsu_component::nb_transport():  of test.env.scoreboard called
# NCSU_INFO:Time           5251293000:ncsu_component::nb_put():  of test.env.predictor called
# NCSU_INFO:Time           5251301000:ncsu_component::nb_transport():  of test.env.scoreboard called
# NCSU_INFO:Time           5251301000:ncsu_component::nb_put():  of test.env.predictor called
# NCSU_INFO:Time           5251307000:ncsu_component::nb_transport():  of test.env.scoreboard called
# NCSU_INFO:Time           5251307000:ncsu_component::nb_put():  of test.env.predictor called
# NCSU_INFO:Time           5253183000:ncsu_component::nb_transport():  of test.env.scoreboard called
# NCSU_INFO:Time           5253183000:ncsu_component::nb_put():  of test.env.predictor called
# NCSU_INFO:Time           5253189000:ncsu_component::nb_transport():  of test.env.scoreboard called
# NCSU_INFO:Time           5253189000:ncsu_component::nb_put():  of test.env.predictor called
# NCSU_INFO:Time           5253195000:ncsu_component::nb_transport():  of test.env.scoreboard called
# NCSU_INFO:Time           5253195000:ncsu_component::nb_put():  of test.env.predictor called
# NCSU_INFO:Time           5253203000:ncsu_component::nb_transport():  of test.env.scoreboard called
# NCSU_INFO:Time           5253203000:ncsu_component::nb_put():  of test.env.predictor called
# NCSU_INFO:Time           5271247000:ncsu_component::nb_transport():  of test.env.scoreboard called
# NCSU_INFO:Time           5271247000:ncsu_component::nb_put():  of test.env.predictor called
# wb_data_sent: 115
# NCSU_INFO:Time           5271253000:ncsu_component::nb_transport():  of test.env.scoreboard called
# NCSU_INFO:Time           5271253000:ncsu_component::nb_put():  of test.env.predictor called
# NCSU_INFO:Time           5271261000:ncsu_component::nb_transport():  of test.env.scoreboard called
# NCSU_INFO:Time           5271261000:ncsu_component::nb_put():  of test.env.predictor called
# NCSU_INFO:Time           5289303000:i2c_monitor::run():  of test.env.i2c_agent.monitor called.
#  Slave address:0x22;
#  RW:0;
#  Data:115 0 0 0 0 0 0 0 0 0 0 0 0 0 0 0 0 0 0 0 0 0 0 0 0 0 0 0 0 0 0 0 0 0 0 0 0 0 0 0 0 0 0 0 0 0 0 0 0 0 0 0 0 0 0 0 0 0 0 0 0 0 0 0
# NCSU_INFO:Time           5289303000:ncsu_component::nb_put():  of test.env.scoreboard called
# NCSU_INFO:Time           5289305000:ncsu_component::nb_transport():  of test.env.scoreboard called
# NCSU_INFO:Time           5289305000:ncsu_component::nb_put():  of test.env.predictor called
# NCSU_INFO:Time           5289311000:ncsu_component::nb_transport():  of test.env.scoreboard called
# NCSU_INFO:Time           5289311000:ncsu_component::nb_put():  of test.env.predictor called
# NCSU_INFO:Time           5291003000:ncsu_component::nb_transport():  of test.env.scoreboard called
# NCSU_INFO:Time           5291003000:ncsu_component::nb_put():  of test.env.predictor called
# NCSU_INFO:Time           5291007000:FINISH: wb_driver::run():  of test.env.wb_agent.driver is called.
# NCSU_INFO:Time           5291007000:START: wb_driver::run():  of test.env.wb_agent.driver is called.
# NCSU_INFO:Time           5291007000:i2c_driver::bl_put():  of test.env.i2c_agent.driver called
# NCSU_INFO:Time           5291009000:ncsu_component::nb_transport():  of test.env.scoreboard called
# NCSU_INFO:Time           5291009000:ncsu_component::nb_put():  of test.env.predictor called
# NCSU_INFO:Time           5291015000:ncsu_component::nb_transport():  of test.env.scoreboard called
# NCSU_INFO:Time           5291015000:ncsu_component::nb_put():  of test.env.predictor called
# NCSU_INFO:Time           5291023000:ncsu_component::nb_transport():  of test.env.scoreboard called
# NCSU_INFO:Time           5291023000:ncsu_component::nb_put():  of test.env.predictor called
# NCSU_INFO:Time           5291031000:ncsu_component::nb_transport():  of test.env.scoreboard called
# NCSU_INFO:Time           5291031000:ncsu_component::nb_put():  of test.env.predictor called
# NCSU_INFO:Time           5291039000:ncsu_component::nb_transport():  of test.env.scoreboard called
# NCSU_INFO:Time           5291039000:ncsu_component::nb_put():  of test.env.predictor called
# NCSU_INFO:Time           5291045000:ncsu_component::nb_transport():  of test.env.scoreboard called
# NCSU_INFO:Time           5291045000:ncsu_component::nb_put():  of test.env.predictor called
# NCSU_INFO:Time           5292921000:ncsu_component::nb_transport():  of test.env.scoreboard called
# NCSU_INFO:Time           5292921000:ncsu_component::nb_put():  of test.env.predictor called
# NCSU_INFO:Time           5292927000:ncsu_component::nb_transport():  of test.env.scoreboard called
# NCSU_INFO:Time           5292927000:ncsu_component::nb_put():  of test.env.predictor called
# NCSU_INFO:Time           5292933000:ncsu_component::nb_transport():  of test.env.scoreboard called
# NCSU_INFO:Time           5292933000:ncsu_component::nb_put():  of test.env.predictor called
# NCSU_INFO:Time           5292941000:ncsu_component::nb_transport():  of test.env.scoreboard called
# NCSU_INFO:Time           5292941000:ncsu_component::nb_put():  of test.env.predictor called
# NCSU_INFO:Time           5310985000:ncsu_component::nb_transport():  of test.env.scoreboard called
# NCSU_INFO:Time           5310985000:ncsu_component::nb_put():  of test.env.predictor called
# NCSU_INFO:Time           5310991000:ncsu_component::nb_transport():  of test.env.scoreboard called
# NCSU_INFO:Time           5310991000:ncsu_component::nb_put():  of test.env.predictor called
# NCSU_INFO:Time           5329035000:ncsu_component::nb_transport():  of test.env.scoreboard called
# NCSU_INFO:Time           5329035000:ncsu_component::nb_put():  of test.env.predictor called
# wb data received:  12
# NCSU_INFO:Time           5329039000:i2c_monitor::run():  of test.env.i2c_agent.monitor called.
#  Slave address:0x22;
#  RW:1;
#  Data:12
# NCSU_INFO:Time           5329039000:ncsu_component::nb_put():  of test.env.scoreboard called
# NCSU_INFO:Time           5329041000:ncsu_component::nb_transport():  of test.env.scoreboard called
# NCSU_INFO:Time           5329041000:ncsu_component::nb_put():  of test.env.predictor called
# NCSU_INFO:Time           5329047000:ncsu_component::nb_transport():  of test.env.scoreboard called
# NCSU_INFO:Time           5329047000:ncsu_component::nb_put():  of test.env.predictor called
# NCSU_INFO:Time           5330739000:ncsu_component::nb_transport():  of test.env.scoreboard called
# NCSU_INFO:Time           5330739000:ncsu_component::nb_put():  of test.env.predictor called
# NCSU_INFO:Time           5330743000:FINISH: wb_driver::run():  of test.env.wb_agent.driver is called.
# NCSU_INFO:Time           5330743000:START: wb_driver::run():  of test.env.wb_agent.driver is called.
# NCSU_INFO:Time           5330743000:i2c_driver::bl_put():  of test.env.i2c_agent.driver called
# NCSU_INFO:Time           5330745000:ncsu_component::nb_transport():  of test.env.scoreboard called
# NCSU_INFO:Time           5330745000:ncsu_component::nb_put():  of test.env.predictor called
# NCSU_INFO:Time           5330751000:ncsu_component::nb_transport():  of test.env.scoreboard called
# NCSU_INFO:Time           5330751000:ncsu_component::nb_put():  of test.env.predictor called
# NCSU_INFO:Time           5330759000:ncsu_component::nb_transport():  of test.env.scoreboard called
# NCSU_INFO:Time           5330759000:ncsu_component::nb_put():  of test.env.predictor called
# NCSU_INFO:Time           5330767000:ncsu_component::nb_transport():  of test.env.scoreboard called
# NCSU_INFO:Time           5330767000:ncsu_component::nb_put():  of test.env.predictor called
# NCSU_INFO:Time           5330775000:ncsu_component::nb_transport():  of test.env.scoreboard called
# NCSU_INFO:Time           5330775000:ncsu_component::nb_put():  of test.env.predictor called
# NCSU_INFO:Time           5330781000:ncsu_component::nb_transport():  of test.env.scoreboard called
# NCSU_INFO:Time           5330781000:ncsu_component::nb_put():  of test.env.predictor called
# NCSU_INFO:Time           5332657000:ncsu_component::nb_transport():  of test.env.scoreboard called
# NCSU_INFO:Time           5332657000:ncsu_component::nb_put():  of test.env.predictor called
# NCSU_INFO:Time           5332663000:ncsu_component::nb_transport():  of test.env.scoreboard called
# NCSU_INFO:Time           5332663000:ncsu_component::nb_put():  of test.env.predictor called
# NCSU_INFO:Time           5332669000:ncsu_component::nb_transport():  of test.env.scoreboard called
# NCSU_INFO:Time           5332669000:ncsu_component::nb_put():  of test.env.predictor called
# NCSU_INFO:Time           5332677000:ncsu_component::nb_transport():  of test.env.scoreboard called
# NCSU_INFO:Time           5332677000:ncsu_component::nb_put():  of test.env.predictor called
# NCSU_INFO:Time           5350721000:ncsu_component::nb_transport():  of test.env.scoreboard called
# NCSU_INFO:Time           5350721000:ncsu_component::nb_put():  of test.env.predictor called
# wb_data_sent: 116
# NCSU_INFO:Time           5350727000:ncsu_component::nb_transport():  of test.env.scoreboard called
# NCSU_INFO:Time           5350727000:ncsu_component::nb_put():  of test.env.predictor called
# NCSU_INFO:Time           5350735000:ncsu_component::nb_transport():  of test.env.scoreboard called
# NCSU_INFO:Time           5350735000:ncsu_component::nb_put():  of test.env.predictor called
# NCSU_INFO:Time           5368777000:i2c_monitor::run():  of test.env.i2c_agent.monitor called.
#  Slave address:0x22;
#  RW:0;
#  Data:116 0 0 0 0 0 0 0 0 0 0 0 0 0 0 0 0 0 0 0 0 0 0 0 0 0 0 0 0 0 0 0 0 0 0 0 0 0 0 0 0 0 0 0 0 0 0 0 0 0 0 0 0 0 0 0 0 0 0 0 0 0 0 0
# NCSU_INFO:Time           5368777000:ncsu_component::nb_put():  of test.env.scoreboard called
# NCSU_INFO:Time           5368779000:ncsu_component::nb_transport():  of test.env.scoreboard called
# NCSU_INFO:Time           5368779000:ncsu_component::nb_put():  of test.env.predictor called
# NCSU_INFO:Time           5368785000:ncsu_component::nb_transport():  of test.env.scoreboard called
# NCSU_INFO:Time           5368785000:ncsu_component::nb_put():  of test.env.predictor called
# NCSU_INFO:Time           5370477000:ncsu_component::nb_transport():  of test.env.scoreboard called
# NCSU_INFO:Time           5370477000:ncsu_component::nb_put():  of test.env.predictor called
# NCSU_INFO:Time           5370481000:FINISH: wb_driver::run():  of test.env.wb_agent.driver is called.
# NCSU_INFO:Time           5370481000:START: wb_driver::run():  of test.env.wb_agent.driver is called.
# NCSU_INFO:Time           5370481000:i2c_driver::bl_put():  of test.env.i2c_agent.driver called
# NCSU_INFO:Time           5370483000:ncsu_component::nb_transport():  of test.env.scoreboard called
# NCSU_INFO:Time           5370483000:ncsu_component::nb_put():  of test.env.predictor called
# NCSU_INFO:Time           5370489000:ncsu_component::nb_transport():  of test.env.scoreboard called
# NCSU_INFO:Time           5370489000:ncsu_component::nb_put():  of test.env.predictor called
# NCSU_INFO:Time           5370497000:ncsu_component::nb_transport():  of test.env.scoreboard called
# NCSU_INFO:Time           5370497000:ncsu_component::nb_put():  of test.env.predictor called
# NCSU_INFO:Time           5370505000:ncsu_component::nb_transport():  of test.env.scoreboard called
# NCSU_INFO:Time           5370505000:ncsu_component::nb_put():  of test.env.predictor called
# NCSU_INFO:Time           5370513000:ncsu_component::nb_transport():  of test.env.scoreboard called
# NCSU_INFO:Time           5370513000:ncsu_component::nb_put():  of test.env.predictor called
# NCSU_INFO:Time           5370519000:ncsu_component::nb_transport():  of test.env.scoreboard called
# NCSU_INFO:Time           5370519000:ncsu_component::nb_put():  of test.env.predictor called
# NCSU_INFO:Time           5372395000:ncsu_component::nb_transport():  of test.env.scoreboard called
# NCSU_INFO:Time           5372395000:ncsu_component::nb_put():  of test.env.predictor called
# NCSU_INFO:Time           5372401000:ncsu_component::nb_transport():  of test.env.scoreboard called
# NCSU_INFO:Time           5372401000:ncsu_component::nb_put():  of test.env.predictor called
# NCSU_INFO:Time           5372407000:ncsu_component::nb_transport():  of test.env.scoreboard called
# NCSU_INFO:Time           5372407000:ncsu_component::nb_put():  of test.env.predictor called
# NCSU_INFO:Time           5372415000:ncsu_component::nb_transport():  of test.env.scoreboard called
# NCSU_INFO:Time           5372415000:ncsu_component::nb_put():  of test.env.predictor called
# NCSU_INFO:Time           5390459000:ncsu_component::nb_transport():  of test.env.scoreboard called
# NCSU_INFO:Time           5390459000:ncsu_component::nb_put():  of test.env.predictor called
# NCSU_INFO:Time           5390465000:ncsu_component::nb_transport():  of test.env.scoreboard called
# NCSU_INFO:Time           5390465000:ncsu_component::nb_put():  of test.env.predictor called
# NCSU_INFO:Time           5408509000:ncsu_component::nb_transport():  of test.env.scoreboard called
# NCSU_INFO:Time           5408509000:ncsu_component::nb_put():  of test.env.predictor called
# wb data received:  11
# NCSU_INFO:Time           5408513000:i2c_monitor::run():  of test.env.i2c_agent.monitor called.
#  Slave address:0x22;
#  RW:1;
#  Data:11
# NCSU_INFO:Time           5408513000:ncsu_component::nb_put():  of test.env.scoreboard called
# NCSU_INFO:Time           5408515000:ncsu_component::nb_transport():  of test.env.scoreboard called
# NCSU_INFO:Time           5408515000:ncsu_component::nb_put():  of test.env.predictor called
# NCSU_INFO:Time           5408521000:ncsu_component::nb_transport():  of test.env.scoreboard called
# NCSU_INFO:Time           5408521000:ncsu_component::nb_put():  of test.env.predictor called
# NCSU_INFO:Time           5410213000:ncsu_component::nb_transport():  of test.env.scoreboard called
# NCSU_INFO:Time           5410213000:ncsu_component::nb_put():  of test.env.predictor called
# NCSU_INFO:Time           5410217000:FINISH: wb_driver::run():  of test.env.wb_agent.driver is called.
# NCSU_INFO:Time           5410217000:START: wb_driver::run():  of test.env.wb_agent.driver is called.
# NCSU_INFO:Time           5410217000:i2c_driver::bl_put():  of test.env.i2c_agent.driver called
# NCSU_INFO:Time           5410219000:ncsu_component::nb_transport():  of test.env.scoreboard called
# NCSU_INFO:Time           5410219000:ncsu_component::nb_put():  of test.env.predictor called
# NCSU_INFO:Time           5410225000:ncsu_component::nb_transport():  of test.env.scoreboard called
# NCSU_INFO:Time           5410225000:ncsu_component::nb_put():  of test.env.predictor called
# NCSU_INFO:Time           5410233000:ncsu_component::nb_transport():  of test.env.scoreboard called
# NCSU_INFO:Time           5410233000:ncsu_component::nb_put():  of test.env.predictor called
# NCSU_INFO:Time           5410241000:ncsu_component::nb_transport():  of test.env.scoreboard called
# NCSU_INFO:Time           5410241000:ncsu_component::nb_put():  of test.env.predictor called
# NCSU_INFO:Time           5410249000:ncsu_component::nb_transport():  of test.env.scoreboard called
# NCSU_INFO:Time           5410249000:ncsu_component::nb_put():  of test.env.predictor called
# NCSU_INFO:Time           5410255000:ncsu_component::nb_transport():  of test.env.scoreboard called
# NCSU_INFO:Time           5410255000:ncsu_component::nb_put():  of test.env.predictor called
# NCSU_INFO:Time           5412131000:ncsu_component::nb_transport():  of test.env.scoreboard called
# NCSU_INFO:Time           5412131000:ncsu_component::nb_put():  of test.env.predictor called
# NCSU_INFO:Time           5412137000:ncsu_component::nb_transport():  of test.env.scoreboard called
# NCSU_INFO:Time           5412137000:ncsu_component::nb_put():  of test.env.predictor called
# NCSU_INFO:Time           5412143000:ncsu_component::nb_transport():  of test.env.scoreboard called
# NCSU_INFO:Time           5412143000:ncsu_component::nb_put():  of test.env.predictor called
# NCSU_INFO:Time           5412151000:ncsu_component::nb_transport():  of test.env.scoreboard called
# NCSU_INFO:Time           5412151000:ncsu_component::nb_put():  of test.env.predictor called
# NCSU_INFO:Time           5430195000:ncsu_component::nb_transport():  of test.env.scoreboard called
# NCSU_INFO:Time           5430195000:ncsu_component::nb_put():  of test.env.predictor called
# wb_data_sent: 117
# NCSU_INFO:Time           5430201000:ncsu_component::nb_transport():  of test.env.scoreboard called
# NCSU_INFO:Time           5430201000:ncsu_component::nb_put():  of test.env.predictor called
# NCSU_INFO:Time           5430209000:ncsu_component::nb_transport():  of test.env.scoreboard called
# NCSU_INFO:Time           5430209000:ncsu_component::nb_put():  of test.env.predictor called
# NCSU_INFO:Time           5448251000:i2c_monitor::run():  of test.env.i2c_agent.monitor called.
#  Slave address:0x22;
#  RW:0;
#  Data:117 0 0 0 0 0 0 0 0 0 0 0 0 0 0 0 0 0 0 0 0 0 0 0 0 0 0 0 0 0 0 0 0 0 0 0 0 0 0 0 0 0 0 0 0 0 0 0 0 0 0 0 0 0 0 0 0 0 0 0 0 0 0 0
# NCSU_INFO:Time           5448251000:ncsu_component::nb_put():  of test.env.scoreboard called
# NCSU_INFO:Time           5448253000:ncsu_component::nb_transport():  of test.env.scoreboard called
# NCSU_INFO:Time           5448253000:ncsu_component::nb_put():  of test.env.predictor called
# NCSU_INFO:Time           5448259000:ncsu_component::nb_transport():  of test.env.scoreboard called
# NCSU_INFO:Time           5448259000:ncsu_component::nb_put():  of test.env.predictor called
# NCSU_INFO:Time           5449951000:ncsu_component::nb_transport():  of test.env.scoreboard called
# NCSU_INFO:Time           5449951000:ncsu_component::nb_put():  of test.env.predictor called
# NCSU_INFO:Time           5449955000:FINISH: wb_driver::run():  of test.env.wb_agent.driver is called.
# NCSU_INFO:Time           5449955000:START: wb_driver::run():  of test.env.wb_agent.driver is called.
# NCSU_INFO:Time           5449955000:i2c_driver::bl_put():  of test.env.i2c_agent.driver called
# NCSU_INFO:Time           5449957000:ncsu_component::nb_transport():  of test.env.scoreboard called
# NCSU_INFO:Time           5449957000:ncsu_component::nb_put():  of test.env.predictor called
# NCSU_INFO:Time           5449963000:ncsu_component::nb_transport():  of test.env.scoreboard called
# NCSU_INFO:Time           5449963000:ncsu_component::nb_put():  of test.env.predictor called
# NCSU_INFO:Time           5449971000:ncsu_component::nb_transport():  of test.env.scoreboard called
# NCSU_INFO:Time           5449971000:ncsu_component::nb_put():  of test.env.predictor called
# NCSU_INFO:Time           5449979000:ncsu_component::nb_transport():  of test.env.scoreboard called
# NCSU_INFO:Time           5449979000:ncsu_component::nb_put():  of test.env.predictor called
# NCSU_INFO:Time           5449987000:ncsu_component::nb_transport():  of test.env.scoreboard called
# NCSU_INFO:Time           5449987000:ncsu_component::nb_put():  of test.env.predictor called
# NCSU_INFO:Time           5449993000:ncsu_component::nb_transport():  of test.env.scoreboard called
# NCSU_INFO:Time           5449993000:ncsu_component::nb_put():  of test.env.predictor called
# NCSU_INFO:Time           5451869000:ncsu_component::nb_transport():  of test.env.scoreboard called
# NCSU_INFO:Time           5451869000:ncsu_component::nb_put():  of test.env.predictor called
# NCSU_INFO:Time           5451875000:ncsu_component::nb_transport():  of test.env.scoreboard called
# NCSU_INFO:Time           5451875000:ncsu_component::nb_put():  of test.env.predictor called
# NCSU_INFO:Time           5451881000:ncsu_component::nb_transport():  of test.env.scoreboard called
# NCSU_INFO:Time           5451881000:ncsu_component::nb_put():  of test.env.predictor called
# NCSU_INFO:Time           5451889000:ncsu_component::nb_transport():  of test.env.scoreboard called
# NCSU_INFO:Time           5451889000:ncsu_component::nb_put():  of test.env.predictor called
# NCSU_INFO:Time           5469933000:ncsu_component::nb_transport():  of test.env.scoreboard called
# NCSU_INFO:Time           5469933000:ncsu_component::nb_put():  of test.env.predictor called
# NCSU_INFO:Time           5469939000:ncsu_component::nb_transport():  of test.env.scoreboard called
# NCSU_INFO:Time           5469939000:ncsu_component::nb_put():  of test.env.predictor called
# NCSU_INFO:Time           5487983000:ncsu_component::nb_transport():  of test.env.scoreboard called
# NCSU_INFO:Time           5487983000:ncsu_component::nb_put():  of test.env.predictor called
# wb data received:  10
# NCSU_INFO:Time           5487987000:i2c_monitor::run():  of test.env.i2c_agent.monitor called.
#  Slave address:0x22;
#  RW:1;
#  Data:10
# NCSU_INFO:Time           5487987000:ncsu_component::nb_put():  of test.env.scoreboard called
# NCSU_INFO:Time           5487989000:ncsu_component::nb_transport():  of test.env.scoreboard called
# NCSU_INFO:Time           5487989000:ncsu_component::nb_put():  of test.env.predictor called
# NCSU_INFO:Time           5487995000:ncsu_component::nb_transport():  of test.env.scoreboard called
# NCSU_INFO:Time           5487995000:ncsu_component::nb_put():  of test.env.predictor called
# NCSU_INFO:Time           5489687000:ncsu_component::nb_transport():  of test.env.scoreboard called
# NCSU_INFO:Time           5489687000:ncsu_component::nb_put():  of test.env.predictor called
# NCSU_INFO:Time           5489691000:FINISH: wb_driver::run():  of test.env.wb_agent.driver is called.
# NCSU_INFO:Time           5489691000:START: wb_driver::run():  of test.env.wb_agent.driver is called.
# NCSU_INFO:Time           5489691000:i2c_driver::bl_put():  of test.env.i2c_agent.driver called
# NCSU_INFO:Time           5489693000:ncsu_component::nb_transport():  of test.env.scoreboard called
# NCSU_INFO:Time           5489693000:ncsu_component::nb_put():  of test.env.predictor called
# NCSU_INFO:Time           5489699000:ncsu_component::nb_transport():  of test.env.scoreboard called
# NCSU_INFO:Time           5489699000:ncsu_component::nb_put():  of test.env.predictor called
# NCSU_INFO:Time           5489707000:ncsu_component::nb_transport():  of test.env.scoreboard called
# NCSU_INFO:Time           5489707000:ncsu_component::nb_put():  of test.env.predictor called
# NCSU_INFO:Time           5489715000:ncsu_component::nb_transport():  of test.env.scoreboard called
# NCSU_INFO:Time           5489715000:ncsu_component::nb_put():  of test.env.predictor called
# NCSU_INFO:Time           5489723000:ncsu_component::nb_transport():  of test.env.scoreboard called
# NCSU_INFO:Time           5489723000:ncsu_component::nb_put():  of test.env.predictor called
# NCSU_INFO:Time           5489729000:ncsu_component::nb_transport():  of test.env.scoreboard called
# NCSU_INFO:Time           5489729000:ncsu_component::nb_put():  of test.env.predictor called
# NCSU_INFO:Time           5491605000:ncsu_component::nb_transport():  of test.env.scoreboard called
# NCSU_INFO:Time           5491605000:ncsu_component::nb_put():  of test.env.predictor called
# NCSU_INFO:Time           5491611000:ncsu_component::nb_transport():  of test.env.scoreboard called
# NCSU_INFO:Time           5491611000:ncsu_component::nb_put():  of test.env.predictor called
# NCSU_INFO:Time           5491617000:ncsu_component::nb_transport():  of test.env.scoreboard called
# NCSU_INFO:Time           5491617000:ncsu_component::nb_put():  of test.env.predictor called
# NCSU_INFO:Time           5491625000:ncsu_component::nb_transport():  of test.env.scoreboard called
# NCSU_INFO:Time           5491625000:ncsu_component::nb_put():  of test.env.predictor called
# NCSU_INFO:Time           5509669000:ncsu_component::nb_transport():  of test.env.scoreboard called
# NCSU_INFO:Time           5509669000:ncsu_component::nb_put():  of test.env.predictor called
# wb_data_sent: 118
# NCSU_INFO:Time           5509675000:ncsu_component::nb_transport():  of test.env.scoreboard called
# NCSU_INFO:Time           5509675000:ncsu_component::nb_put():  of test.env.predictor called
# NCSU_INFO:Time           5509683000:ncsu_component::nb_transport():  of test.env.scoreboard called
# NCSU_INFO:Time           5509683000:ncsu_component::nb_put():  of test.env.predictor called
# NCSU_INFO:Time           5527725000:i2c_monitor::run():  of test.env.i2c_agent.monitor called.
#  Slave address:0x22;
#  RW:0;
#  Data:118 0 0 0 0 0 0 0 0 0 0 0 0 0 0 0 0 0 0 0 0 0 0 0 0 0 0 0 0 0 0 0 0 0 0 0 0 0 0 0 0 0 0 0 0 0 0 0 0 0 0 0 0 0 0 0 0 0 0 0 0 0 0 0
# NCSU_INFO:Time           5527725000:ncsu_component::nb_put():  of test.env.scoreboard called
# NCSU_INFO:Time           5527727000:ncsu_component::nb_transport():  of test.env.scoreboard called
# NCSU_INFO:Time           5527727000:ncsu_component::nb_put():  of test.env.predictor called
# NCSU_INFO:Time           5527733000:ncsu_component::nb_transport():  of test.env.scoreboard called
# NCSU_INFO:Time           5527733000:ncsu_component::nb_put():  of test.env.predictor called
# NCSU_INFO:Time           5529425000:ncsu_component::nb_transport():  of test.env.scoreboard called
# NCSU_INFO:Time           5529425000:ncsu_component::nb_put():  of test.env.predictor called
# NCSU_INFO:Time           5529429000:FINISH: wb_driver::run():  of test.env.wb_agent.driver is called.
# NCSU_INFO:Time           5529429000:START: wb_driver::run():  of test.env.wb_agent.driver is called.
# NCSU_INFO:Time           5529429000:i2c_driver::bl_put():  of test.env.i2c_agent.driver called
# NCSU_INFO:Time           5529431000:ncsu_component::nb_transport():  of test.env.scoreboard called
# NCSU_INFO:Time           5529431000:ncsu_component::nb_put():  of test.env.predictor called
# NCSU_INFO:Time           5529437000:ncsu_component::nb_transport():  of test.env.scoreboard called
# NCSU_INFO:Time           5529437000:ncsu_component::nb_put():  of test.env.predictor called
# NCSU_INFO:Time           5529445000:ncsu_component::nb_transport():  of test.env.scoreboard called
# NCSU_INFO:Time           5529445000:ncsu_component::nb_put():  of test.env.predictor called
# NCSU_INFO:Time           5529453000:ncsu_component::nb_transport():  of test.env.scoreboard called
# NCSU_INFO:Time           5529453000:ncsu_component::nb_put():  of test.env.predictor called
# NCSU_INFO:Time           5529461000:ncsu_component::nb_transport():  of test.env.scoreboard called
# NCSU_INFO:Time           5529461000:ncsu_component::nb_put():  of test.env.predictor called
# NCSU_INFO:Time           5529467000:ncsu_component::nb_transport():  of test.env.scoreboard called
# NCSU_INFO:Time           5529467000:ncsu_component::nb_put():  of test.env.predictor called
# NCSU_INFO:Time           5531343000:ncsu_component::nb_transport():  of test.env.scoreboard called
# NCSU_INFO:Time           5531343000:ncsu_component::nb_put():  of test.env.predictor called
# NCSU_INFO:Time           5531349000:ncsu_component::nb_transport():  of test.env.scoreboard called
# NCSU_INFO:Time           5531349000:ncsu_component::nb_put():  of test.env.predictor called
# NCSU_INFO:Time           5531355000:ncsu_component::nb_transport():  of test.env.scoreboard called
# NCSU_INFO:Time           5531355000:ncsu_component::nb_put():  of test.env.predictor called
# NCSU_INFO:Time           5531363000:ncsu_component::nb_transport():  of test.env.scoreboard called
# NCSU_INFO:Time           5531363000:ncsu_component::nb_put():  of test.env.predictor called
# NCSU_INFO:Time           5549407000:ncsu_component::nb_transport():  of test.env.scoreboard called
# NCSU_INFO:Time           5549407000:ncsu_component::nb_put():  of test.env.predictor called
# NCSU_INFO:Time           5549413000:ncsu_component::nb_transport():  of test.env.scoreboard called
# NCSU_INFO:Time           5549413000:ncsu_component::nb_put():  of test.env.predictor called
# NCSU_INFO:Time           5567457000:ncsu_component::nb_transport():  of test.env.scoreboard called
# NCSU_INFO:Time           5567457000:ncsu_component::nb_put():  of test.env.predictor called
# wb data received:   9
# NCSU_INFO:Time           5567461000:i2c_monitor::run():  of test.env.i2c_agent.monitor called.
#  Slave address:0x22;
#  RW:1;
#  Data:9
# NCSU_INFO:Time           5567461000:ncsu_component::nb_put():  of test.env.scoreboard called
# NCSU_INFO:Time           5567463000:ncsu_component::nb_transport():  of test.env.scoreboard called
# NCSU_INFO:Time           5567463000:ncsu_component::nb_put():  of test.env.predictor called
# NCSU_INFO:Time           5567469000:ncsu_component::nb_transport():  of test.env.scoreboard called
# NCSU_INFO:Time           5567469000:ncsu_component::nb_put():  of test.env.predictor called
# NCSU_INFO:Time           5569161000:ncsu_component::nb_transport():  of test.env.scoreboard called
# NCSU_INFO:Time           5569161000:ncsu_component::nb_put():  of test.env.predictor called
# NCSU_INFO:Time           5569165000:FINISH: wb_driver::run():  of test.env.wb_agent.driver is called.
# NCSU_INFO:Time           5569165000:START: wb_driver::run():  of test.env.wb_agent.driver is called.
# NCSU_INFO:Time           5569165000:i2c_driver::bl_put():  of test.env.i2c_agent.driver called
# NCSU_INFO:Time           5569167000:ncsu_component::nb_transport():  of test.env.scoreboard called
# NCSU_INFO:Time           5569167000:ncsu_component::nb_put():  of test.env.predictor called
# NCSU_INFO:Time           5569173000:ncsu_component::nb_transport():  of test.env.scoreboard called
# NCSU_INFO:Time           5569173000:ncsu_component::nb_put():  of test.env.predictor called
# NCSU_INFO:Time           5569181000:ncsu_component::nb_transport():  of test.env.scoreboard called
# NCSU_INFO:Time           5569181000:ncsu_component::nb_put():  of test.env.predictor called
# NCSU_INFO:Time           5569189000:ncsu_component::nb_transport():  of test.env.scoreboard called
# NCSU_INFO:Time           5569189000:ncsu_component::nb_put():  of test.env.predictor called
# NCSU_INFO:Time           5569197000:ncsu_component::nb_transport():  of test.env.scoreboard called
# NCSU_INFO:Time           5569197000:ncsu_component::nb_put():  of test.env.predictor called
# NCSU_INFO:Time           5569203000:ncsu_component::nb_transport():  of test.env.scoreboard called
# NCSU_INFO:Time           5569203000:ncsu_component::nb_put():  of test.env.predictor called
# NCSU_INFO:Time           5571079000:ncsu_component::nb_transport():  of test.env.scoreboard called
# NCSU_INFO:Time           5571079000:ncsu_component::nb_put():  of test.env.predictor called
# NCSU_INFO:Time           5571085000:ncsu_component::nb_transport():  of test.env.scoreboard called
# NCSU_INFO:Time           5571085000:ncsu_component::nb_put():  of test.env.predictor called
# NCSU_INFO:Time           5571091000:ncsu_component::nb_transport():  of test.env.scoreboard called
# NCSU_INFO:Time           5571091000:ncsu_component::nb_put():  of test.env.predictor called
# NCSU_INFO:Time           5571099000:ncsu_component::nb_transport():  of test.env.scoreboard called
# NCSU_INFO:Time           5571099000:ncsu_component::nb_put():  of test.env.predictor called
# NCSU_INFO:Time           5589143000:ncsu_component::nb_transport():  of test.env.scoreboard called
# NCSU_INFO:Time           5589143000:ncsu_component::nb_put():  of test.env.predictor called
# wb_data_sent: 119
# NCSU_INFO:Time           5589149000:ncsu_component::nb_transport():  of test.env.scoreboard called
# NCSU_INFO:Time           5589149000:ncsu_component::nb_put():  of test.env.predictor called
# NCSU_INFO:Time           5589157000:ncsu_component::nb_transport():  of test.env.scoreboard called
# NCSU_INFO:Time           5589157000:ncsu_component::nb_put():  of test.env.predictor called
# NCSU_INFO:Time           5607199000:i2c_monitor::run():  of test.env.i2c_agent.monitor called.
#  Slave address:0x22;
#  RW:0;
#  Data:119 0 0 0 0 0 0 0 0 0 0 0 0 0 0 0 0 0 0 0 0 0 0 0 0 0 0 0 0 0 0 0 0 0 0 0 0 0 0 0 0 0 0 0 0 0 0 0 0 0 0 0 0 0 0 0 0 0 0 0 0 0 0 0
# NCSU_INFO:Time           5607199000:ncsu_component::nb_put():  of test.env.scoreboard called
# NCSU_INFO:Time           5607201000:ncsu_component::nb_transport():  of test.env.scoreboard called
# NCSU_INFO:Time           5607201000:ncsu_component::nb_put():  of test.env.predictor called
# NCSU_INFO:Time           5607207000:ncsu_component::nb_transport():  of test.env.scoreboard called
# NCSU_INFO:Time           5607207000:ncsu_component::nb_put():  of test.env.predictor called
# NCSU_INFO:Time           5608899000:ncsu_component::nb_transport():  of test.env.scoreboard called
# NCSU_INFO:Time           5608899000:ncsu_component::nb_put():  of test.env.predictor called
# NCSU_INFO:Time           5608903000:FINISH: wb_driver::run():  of test.env.wb_agent.driver is called.
# NCSU_INFO:Time           5608903000:START: wb_driver::run():  of test.env.wb_agent.driver is called.
# NCSU_INFO:Time           5608903000:i2c_driver::bl_put():  of test.env.i2c_agent.driver called
# NCSU_INFO:Time           5608905000:ncsu_component::nb_transport():  of test.env.scoreboard called
# NCSU_INFO:Time           5608905000:ncsu_component::nb_put():  of test.env.predictor called
# NCSU_INFO:Time           5608911000:ncsu_component::nb_transport():  of test.env.scoreboard called
# NCSU_INFO:Time           5608911000:ncsu_component::nb_put():  of test.env.predictor called
# NCSU_INFO:Time           5608919000:ncsu_component::nb_transport():  of test.env.scoreboard called
# NCSU_INFO:Time           5608919000:ncsu_component::nb_put():  of test.env.predictor called
# NCSU_INFO:Time           5608927000:ncsu_component::nb_transport():  of test.env.scoreboard called
# NCSU_INFO:Time           5608927000:ncsu_component::nb_put():  of test.env.predictor called
# NCSU_INFO:Time           5608935000:ncsu_component::nb_transport():  of test.env.scoreboard called
# NCSU_INFO:Time           5608935000:ncsu_component::nb_put():  of test.env.predictor called
# NCSU_INFO:Time           5608941000:ncsu_component::nb_transport():  of test.env.scoreboard called
# NCSU_INFO:Time           5608941000:ncsu_component::nb_put():  of test.env.predictor called
# NCSU_INFO:Time           5610817000:ncsu_component::nb_transport():  of test.env.scoreboard called
# NCSU_INFO:Time           5610817000:ncsu_component::nb_put():  of test.env.predictor called
# NCSU_INFO:Time           5610823000:ncsu_component::nb_transport():  of test.env.scoreboard called
# NCSU_INFO:Time           5610823000:ncsu_component::nb_put():  of test.env.predictor called
# NCSU_INFO:Time           5610829000:ncsu_component::nb_transport():  of test.env.scoreboard called
# NCSU_INFO:Time           5610829000:ncsu_component::nb_put():  of test.env.predictor called
# NCSU_INFO:Time           5610837000:ncsu_component::nb_transport():  of test.env.scoreboard called
# NCSU_INFO:Time           5610837000:ncsu_component::nb_put():  of test.env.predictor called
# NCSU_INFO:Time           5628881000:ncsu_component::nb_transport():  of test.env.scoreboard called
# NCSU_INFO:Time           5628881000:ncsu_component::nb_put():  of test.env.predictor called
# NCSU_INFO:Time           5628887000:ncsu_component::nb_transport():  of test.env.scoreboard called
# NCSU_INFO:Time           5628887000:ncsu_component::nb_put():  of test.env.predictor called
# NCSU_INFO:Time           5646931000:ncsu_component::nb_transport():  of test.env.scoreboard called
# NCSU_INFO:Time           5646931000:ncsu_component::nb_put():  of test.env.predictor called
# wb data received:   8
# NCSU_INFO:Time           5646935000:i2c_monitor::run():  of test.env.i2c_agent.monitor called.
#  Slave address:0x22;
#  RW:1;
#  Data:8
# NCSU_INFO:Time           5646935000:ncsu_component::nb_put():  of test.env.scoreboard called
# NCSU_INFO:Time           5646937000:ncsu_component::nb_transport():  of test.env.scoreboard called
# NCSU_INFO:Time           5646937000:ncsu_component::nb_put():  of test.env.predictor called
# NCSU_INFO:Time           5646943000:ncsu_component::nb_transport():  of test.env.scoreboard called
# NCSU_INFO:Time           5646943000:ncsu_component::nb_put():  of test.env.predictor called
# NCSU_INFO:Time           5648635000:ncsu_component::nb_transport():  of test.env.scoreboard called
# NCSU_INFO:Time           5648635000:ncsu_component::nb_put():  of test.env.predictor called
# NCSU_INFO:Time           5648639000:FINISH: wb_driver::run():  of test.env.wb_agent.driver is called.
# NCSU_INFO:Time           5648639000:START: wb_driver::run():  of test.env.wb_agent.driver is called.
# NCSU_INFO:Time           5648639000:i2c_driver::bl_put():  of test.env.i2c_agent.driver called
# NCSU_INFO:Time           5648641000:ncsu_component::nb_transport():  of test.env.scoreboard called
# NCSU_INFO:Time           5648641000:ncsu_component::nb_put():  of test.env.predictor called
# NCSU_INFO:Time           5648647000:ncsu_component::nb_transport():  of test.env.scoreboard called
# NCSU_INFO:Time           5648647000:ncsu_component::nb_put():  of test.env.predictor called
# NCSU_INFO:Time           5648655000:ncsu_component::nb_transport():  of test.env.scoreboard called
# NCSU_INFO:Time           5648655000:ncsu_component::nb_put():  of test.env.predictor called
# NCSU_INFO:Time           5648663000:ncsu_component::nb_transport():  of test.env.scoreboard called
# NCSU_INFO:Time           5648663000:ncsu_component::nb_put():  of test.env.predictor called
# NCSU_INFO:Time           5648671000:ncsu_component::nb_transport():  of test.env.scoreboard called
# NCSU_INFO:Time           5648671000:ncsu_component::nb_put():  of test.env.predictor called
# NCSU_INFO:Time           5648677000:ncsu_component::nb_transport():  of test.env.scoreboard called
# NCSU_INFO:Time           5648677000:ncsu_component::nb_put():  of test.env.predictor called
# NCSU_INFO:Time           5650553000:ncsu_component::nb_transport():  of test.env.scoreboard called
# NCSU_INFO:Time           5650553000:ncsu_component::nb_put():  of test.env.predictor called
# NCSU_INFO:Time           5650559000:ncsu_component::nb_transport():  of test.env.scoreboard called
# NCSU_INFO:Time           5650559000:ncsu_component::nb_put():  of test.env.predictor called
# NCSU_INFO:Time           5650565000:ncsu_component::nb_transport():  of test.env.scoreboard called
# NCSU_INFO:Time           5650565000:ncsu_component::nb_put():  of test.env.predictor called
# NCSU_INFO:Time           5650573000:ncsu_component::nb_transport():  of test.env.scoreboard called
# NCSU_INFO:Time           5650573000:ncsu_component::nb_put():  of test.env.predictor called
# NCSU_INFO:Time           5668617000:ncsu_component::nb_transport():  of test.env.scoreboard called
# NCSU_INFO:Time           5668617000:ncsu_component::nb_put():  of test.env.predictor called
# wb_data_sent: 120
# NCSU_INFO:Time           5668623000:ncsu_component::nb_transport():  of test.env.scoreboard called
# NCSU_INFO:Time           5668623000:ncsu_component::nb_put():  of test.env.predictor called
# NCSU_INFO:Time           5668631000:ncsu_component::nb_transport():  of test.env.scoreboard called
# NCSU_INFO:Time           5668631000:ncsu_component::nb_put():  of test.env.predictor called
# NCSU_INFO:Time           5686673000:i2c_monitor::run():  of test.env.i2c_agent.monitor called.
#  Slave address:0x22;
#  RW:0;
#  Data:120 0 0 0 0 0 0 0 0 0 0 0 0 0 0 0 0 0 0 0 0 0 0 0 0 0 0 0 0 0 0 0 0 0 0 0 0 0 0 0 0 0 0 0 0 0 0 0 0 0 0 0 0 0 0 0 0 0 0 0 0 0 0 0
# NCSU_INFO:Time           5686673000:ncsu_component::nb_put():  of test.env.scoreboard called
# NCSU_INFO:Time           5686675000:ncsu_component::nb_transport():  of test.env.scoreboard called
# NCSU_INFO:Time           5686675000:ncsu_component::nb_put():  of test.env.predictor called
# NCSU_INFO:Time           5686681000:ncsu_component::nb_transport():  of test.env.scoreboard called
# NCSU_INFO:Time           5686681000:ncsu_component::nb_put():  of test.env.predictor called
# NCSU_INFO:Time           5688373000:ncsu_component::nb_transport():  of test.env.scoreboard called
# NCSU_INFO:Time           5688373000:ncsu_component::nb_put():  of test.env.predictor called
# NCSU_INFO:Time           5688377000:FINISH: wb_driver::run():  of test.env.wb_agent.driver is called.
# NCSU_INFO:Time           5688377000:START: wb_driver::run():  of test.env.wb_agent.driver is called.
# NCSU_INFO:Time           5688377000:i2c_driver::bl_put():  of test.env.i2c_agent.driver called
# NCSU_INFO:Time           5688379000:ncsu_component::nb_transport():  of test.env.scoreboard called
# NCSU_INFO:Time           5688379000:ncsu_component::nb_put():  of test.env.predictor called
# NCSU_INFO:Time           5688385000:ncsu_component::nb_transport():  of test.env.scoreboard called
# NCSU_INFO:Time           5688385000:ncsu_component::nb_put():  of test.env.predictor called
# NCSU_INFO:Time           5688393000:ncsu_component::nb_transport():  of test.env.scoreboard called
# NCSU_INFO:Time           5688393000:ncsu_component::nb_put():  of test.env.predictor called
# NCSU_INFO:Time           5688401000:ncsu_component::nb_transport():  of test.env.scoreboard called
# NCSU_INFO:Time           5688401000:ncsu_component::nb_put():  of test.env.predictor called
# NCSU_INFO:Time           5688409000:ncsu_component::nb_transport():  of test.env.scoreboard called
# NCSU_INFO:Time           5688409000:ncsu_component::nb_put():  of test.env.predictor called
# NCSU_INFO:Time           5688415000:ncsu_component::nb_transport():  of test.env.scoreboard called
# NCSU_INFO:Time           5688415000:ncsu_component::nb_put():  of test.env.predictor called
# NCSU_INFO:Time           5690291000:ncsu_component::nb_transport():  of test.env.scoreboard called
# NCSU_INFO:Time           5690291000:ncsu_component::nb_put():  of test.env.predictor called
# NCSU_INFO:Time           5690297000:ncsu_component::nb_transport():  of test.env.scoreboard called
# NCSU_INFO:Time           5690297000:ncsu_component::nb_put():  of test.env.predictor called
# NCSU_INFO:Time           5690303000:ncsu_component::nb_transport():  of test.env.scoreboard called
# NCSU_INFO:Time           5690303000:ncsu_component::nb_put():  of test.env.predictor called
# NCSU_INFO:Time           5690311000:ncsu_component::nb_transport():  of test.env.scoreboard called
# NCSU_INFO:Time           5690311000:ncsu_component::nb_put():  of test.env.predictor called
# NCSU_INFO:Time           5708355000:ncsu_component::nb_transport():  of test.env.scoreboard called
# NCSU_INFO:Time           5708355000:ncsu_component::nb_put():  of test.env.predictor called
# NCSU_INFO:Time           5708361000:ncsu_component::nb_transport():  of test.env.scoreboard called
# NCSU_INFO:Time           5708361000:ncsu_component::nb_put():  of test.env.predictor called
# NCSU_INFO:Time           5726405000:ncsu_component::nb_transport():  of test.env.scoreboard called
# NCSU_INFO:Time           5726405000:ncsu_component::nb_put():  of test.env.predictor called
# wb data received:   7
# NCSU_INFO:Time           5726409000:i2c_monitor::run():  of test.env.i2c_agent.monitor called.
#  Slave address:0x22;
#  RW:1;
#  Data:7
# NCSU_INFO:Time           5726409000:ncsu_component::nb_put():  of test.env.scoreboard called
# NCSU_INFO:Time           5726411000:ncsu_component::nb_transport():  of test.env.scoreboard called
# NCSU_INFO:Time           5726411000:ncsu_component::nb_put():  of test.env.predictor called
# NCSU_INFO:Time           5726417000:ncsu_component::nb_transport():  of test.env.scoreboard called
# NCSU_INFO:Time           5726417000:ncsu_component::nb_put():  of test.env.predictor called
# NCSU_INFO:Time           5728109000:ncsu_component::nb_transport():  of test.env.scoreboard called
# NCSU_INFO:Time           5728109000:ncsu_component::nb_put():  of test.env.predictor called
# NCSU_INFO:Time           5728113000:FINISH: wb_driver::run():  of test.env.wb_agent.driver is called.
# NCSU_INFO:Time           5728113000:START: wb_driver::run():  of test.env.wb_agent.driver is called.
# NCSU_INFO:Time           5728113000:i2c_driver::bl_put():  of test.env.i2c_agent.driver called
# NCSU_INFO:Time           5728115000:ncsu_component::nb_transport():  of test.env.scoreboard called
# NCSU_INFO:Time           5728115000:ncsu_component::nb_put():  of test.env.predictor called
# NCSU_INFO:Time           5728121000:ncsu_component::nb_transport():  of test.env.scoreboard called
# NCSU_INFO:Time           5728121000:ncsu_component::nb_put():  of test.env.predictor called
# NCSU_INFO:Time           5728129000:ncsu_component::nb_transport():  of test.env.scoreboard called
# NCSU_INFO:Time           5728129000:ncsu_component::nb_put():  of test.env.predictor called
# NCSU_INFO:Time           5728137000:ncsu_component::nb_transport():  of test.env.scoreboard called
# NCSU_INFO:Time           5728137000:ncsu_component::nb_put():  of test.env.predictor called
# NCSU_INFO:Time           5728145000:ncsu_component::nb_transport():  of test.env.scoreboard called
# NCSU_INFO:Time           5728145000:ncsu_component::nb_put():  of test.env.predictor called
# NCSU_INFO:Time           5728151000:ncsu_component::nb_transport():  of test.env.scoreboard called
# NCSU_INFO:Time           5728151000:ncsu_component::nb_put():  of test.env.predictor called
# NCSU_INFO:Time           5730027000:ncsu_component::nb_transport():  of test.env.scoreboard called
# NCSU_INFO:Time           5730027000:ncsu_component::nb_put():  of test.env.predictor called
# NCSU_INFO:Time           5730033000:ncsu_component::nb_transport():  of test.env.scoreboard called
# NCSU_INFO:Time           5730033000:ncsu_component::nb_put():  of test.env.predictor called
# NCSU_INFO:Time           5730039000:ncsu_component::nb_transport():  of test.env.scoreboard called
# NCSU_INFO:Time           5730039000:ncsu_component::nb_put():  of test.env.predictor called
# NCSU_INFO:Time           5730047000:ncsu_component::nb_transport():  of test.env.scoreboard called
# NCSU_INFO:Time           5730047000:ncsu_component::nb_put():  of test.env.predictor called
# NCSU_INFO:Time           5748091000:ncsu_component::nb_transport():  of test.env.scoreboard called
# NCSU_INFO:Time           5748091000:ncsu_component::nb_put():  of test.env.predictor called
# wb_data_sent: 121
# NCSU_INFO:Time           5748097000:ncsu_component::nb_transport():  of test.env.scoreboard called
# NCSU_INFO:Time           5748097000:ncsu_component::nb_put():  of test.env.predictor called
# NCSU_INFO:Time           5748105000:ncsu_component::nb_transport():  of test.env.scoreboard called
# NCSU_INFO:Time           5748105000:ncsu_component::nb_put():  of test.env.predictor called
# NCSU_INFO:Time           5766147000:i2c_monitor::run():  of test.env.i2c_agent.monitor called.
#  Slave address:0x22;
#  RW:0;
#  Data:121 0 0 0 0 0 0 0 0 0 0 0 0 0 0 0 0 0 0 0 0 0 0 0 0 0 0 0 0 0 0 0 0 0 0 0 0 0 0 0 0 0 0 0 0 0 0 0 0 0 0 0 0 0 0 0 0 0 0 0 0 0 0 0
# NCSU_INFO:Time           5766147000:ncsu_component::nb_put():  of test.env.scoreboard called
# NCSU_INFO:Time           5766149000:ncsu_component::nb_transport():  of test.env.scoreboard called
# NCSU_INFO:Time           5766149000:ncsu_component::nb_put():  of test.env.predictor called
# NCSU_INFO:Time           5766155000:ncsu_component::nb_transport():  of test.env.scoreboard called
# NCSU_INFO:Time           5766155000:ncsu_component::nb_put():  of test.env.predictor called
# NCSU_INFO:Time           5767847000:ncsu_component::nb_transport():  of test.env.scoreboard called
# NCSU_INFO:Time           5767847000:ncsu_component::nb_put():  of test.env.predictor called
# NCSU_INFO:Time           5767851000:FINISH: wb_driver::run():  of test.env.wb_agent.driver is called.
# NCSU_INFO:Time           5767851000:START: wb_driver::run():  of test.env.wb_agent.driver is called.
# NCSU_INFO:Time           5767851000:i2c_driver::bl_put():  of test.env.i2c_agent.driver called
# NCSU_INFO:Time           5767853000:ncsu_component::nb_transport():  of test.env.scoreboard called
# NCSU_INFO:Time           5767853000:ncsu_component::nb_put():  of test.env.predictor called
# NCSU_INFO:Time           5767859000:ncsu_component::nb_transport():  of test.env.scoreboard called
# NCSU_INFO:Time           5767859000:ncsu_component::nb_put():  of test.env.predictor called
# NCSU_INFO:Time           5767867000:ncsu_component::nb_transport():  of test.env.scoreboard called
# NCSU_INFO:Time           5767867000:ncsu_component::nb_put():  of test.env.predictor called
# NCSU_INFO:Time           5767875000:ncsu_component::nb_transport():  of test.env.scoreboard called
# NCSU_INFO:Time           5767875000:ncsu_component::nb_put():  of test.env.predictor called
# NCSU_INFO:Time           5767883000:ncsu_component::nb_transport():  of test.env.scoreboard called
# NCSU_INFO:Time           5767883000:ncsu_component::nb_put():  of test.env.predictor called
# NCSU_INFO:Time           5767889000:ncsu_component::nb_transport():  of test.env.scoreboard called
# NCSU_INFO:Time           5767889000:ncsu_component::nb_put():  of test.env.predictor called
# NCSU_INFO:Time           5769765000:ncsu_component::nb_transport():  of test.env.scoreboard called
# NCSU_INFO:Time           5769765000:ncsu_component::nb_put():  of test.env.predictor called
# NCSU_INFO:Time           5769771000:ncsu_component::nb_transport():  of test.env.scoreboard called
# NCSU_INFO:Time           5769771000:ncsu_component::nb_put():  of test.env.predictor called
# NCSU_INFO:Time           5769777000:ncsu_component::nb_transport():  of test.env.scoreboard called
# NCSU_INFO:Time           5769777000:ncsu_component::nb_put():  of test.env.predictor called
# NCSU_INFO:Time           5769785000:ncsu_component::nb_transport():  of test.env.scoreboard called
# NCSU_INFO:Time           5769785000:ncsu_component::nb_put():  of test.env.predictor called
# NCSU_INFO:Time           5787829000:ncsu_component::nb_transport():  of test.env.scoreboard called
# NCSU_INFO:Time           5787829000:ncsu_component::nb_put():  of test.env.predictor called
# NCSU_INFO:Time           5787835000:ncsu_component::nb_transport():  of test.env.scoreboard called
# NCSU_INFO:Time           5787835000:ncsu_component::nb_put():  of test.env.predictor called
# NCSU_INFO:Time           5805879000:ncsu_component::nb_transport():  of test.env.scoreboard called
# NCSU_INFO:Time           5805879000:ncsu_component::nb_put():  of test.env.predictor called
# wb data received:   6
# NCSU_INFO:Time           5805883000:i2c_monitor::run():  of test.env.i2c_agent.monitor called.
#  Slave address:0x22;
#  RW:1;
#  Data:6
# NCSU_INFO:Time           5805883000:ncsu_component::nb_put():  of test.env.scoreboard called
# NCSU_INFO:Time           5805885000:ncsu_component::nb_transport():  of test.env.scoreboard called
# NCSU_INFO:Time           5805885000:ncsu_component::nb_put():  of test.env.predictor called
# NCSU_INFO:Time           5805891000:ncsu_component::nb_transport():  of test.env.scoreboard called
# NCSU_INFO:Time           5805891000:ncsu_component::nb_put():  of test.env.predictor called
# NCSU_INFO:Time           5807583000:ncsu_component::nb_transport():  of test.env.scoreboard called
# NCSU_INFO:Time           5807583000:ncsu_component::nb_put():  of test.env.predictor called
# NCSU_INFO:Time           5807587000:FINISH: wb_driver::run():  of test.env.wb_agent.driver is called.
# NCSU_INFO:Time           5807587000:START: wb_driver::run():  of test.env.wb_agent.driver is called.
# NCSU_INFO:Time           5807587000:i2c_driver::bl_put():  of test.env.i2c_agent.driver called
# NCSU_INFO:Time           5807589000:ncsu_component::nb_transport():  of test.env.scoreboard called
# NCSU_INFO:Time           5807589000:ncsu_component::nb_put():  of test.env.predictor called
# NCSU_INFO:Time           5807595000:ncsu_component::nb_transport():  of test.env.scoreboard called
# NCSU_INFO:Time           5807595000:ncsu_component::nb_put():  of test.env.predictor called
# NCSU_INFO:Time           5807603000:ncsu_component::nb_transport():  of test.env.scoreboard called
# NCSU_INFO:Time           5807603000:ncsu_component::nb_put():  of test.env.predictor called
# NCSU_INFO:Time           5807611000:ncsu_component::nb_transport():  of test.env.scoreboard called
# NCSU_INFO:Time           5807611000:ncsu_component::nb_put():  of test.env.predictor called
# NCSU_INFO:Time           5807619000:ncsu_component::nb_transport():  of test.env.scoreboard called
# NCSU_INFO:Time           5807619000:ncsu_component::nb_put():  of test.env.predictor called
# NCSU_INFO:Time           5807625000:ncsu_component::nb_transport():  of test.env.scoreboard called
# NCSU_INFO:Time           5807625000:ncsu_component::nb_put():  of test.env.predictor called
# NCSU_INFO:Time           5809501000:ncsu_component::nb_transport():  of test.env.scoreboard called
# NCSU_INFO:Time           5809501000:ncsu_component::nb_put():  of test.env.predictor called
# NCSU_INFO:Time           5809507000:ncsu_component::nb_transport():  of test.env.scoreboard called
# NCSU_INFO:Time           5809507000:ncsu_component::nb_put():  of test.env.predictor called
# NCSU_INFO:Time           5809513000:ncsu_component::nb_transport():  of test.env.scoreboard called
# NCSU_INFO:Time           5809513000:ncsu_component::nb_put():  of test.env.predictor called
# NCSU_INFO:Time           5809521000:ncsu_component::nb_transport():  of test.env.scoreboard called
# NCSU_INFO:Time           5809521000:ncsu_component::nb_put():  of test.env.predictor called
# NCSU_INFO:Time           5827565000:ncsu_component::nb_transport():  of test.env.scoreboard called
# NCSU_INFO:Time           5827565000:ncsu_component::nb_put():  of test.env.predictor called
# wb_data_sent: 122
# NCSU_INFO:Time           5827571000:ncsu_component::nb_transport():  of test.env.scoreboard called
# NCSU_INFO:Time           5827571000:ncsu_component::nb_put():  of test.env.predictor called
# NCSU_INFO:Time           5827579000:ncsu_component::nb_transport():  of test.env.scoreboard called
# NCSU_INFO:Time           5827579000:ncsu_component::nb_put():  of test.env.predictor called
# NCSU_INFO:Time           5845621000:i2c_monitor::run():  of test.env.i2c_agent.monitor called.
#  Slave address:0x22;
#  RW:0;
#  Data:122 0 0 0 0 0 0 0 0 0 0 0 0 0 0 0 0 0 0 0 0 0 0 0 0 0 0 0 0 0 0 0 0 0 0 0 0 0 0 0 0 0 0 0 0 0 0 0 0 0 0 0 0 0 0 0 0 0 0 0 0 0 0 0
# NCSU_INFO:Time           5845621000:ncsu_component::nb_put():  of test.env.scoreboard called
# NCSU_INFO:Time           5845623000:ncsu_component::nb_transport():  of test.env.scoreboard called
# NCSU_INFO:Time           5845623000:ncsu_component::nb_put():  of test.env.predictor called
# NCSU_INFO:Time           5845629000:ncsu_component::nb_transport():  of test.env.scoreboard called
# NCSU_INFO:Time           5845629000:ncsu_component::nb_put():  of test.env.predictor called
# NCSU_INFO:Time           5847321000:ncsu_component::nb_transport():  of test.env.scoreboard called
# NCSU_INFO:Time           5847321000:ncsu_component::nb_put():  of test.env.predictor called
# NCSU_INFO:Time           5847325000:FINISH: wb_driver::run():  of test.env.wb_agent.driver is called.
# NCSU_INFO:Time           5847325000:START: wb_driver::run():  of test.env.wb_agent.driver is called.
# NCSU_INFO:Time           5847325000:i2c_driver::bl_put():  of test.env.i2c_agent.driver called
# NCSU_INFO:Time           5847327000:ncsu_component::nb_transport():  of test.env.scoreboard called
# NCSU_INFO:Time           5847327000:ncsu_component::nb_put():  of test.env.predictor called
# NCSU_INFO:Time           5847333000:ncsu_component::nb_transport():  of test.env.scoreboard called
# NCSU_INFO:Time           5847333000:ncsu_component::nb_put():  of test.env.predictor called
# NCSU_INFO:Time           5847341000:ncsu_component::nb_transport():  of test.env.scoreboard called
# NCSU_INFO:Time           5847341000:ncsu_component::nb_put():  of test.env.predictor called
# NCSU_INFO:Time           5847349000:ncsu_component::nb_transport():  of test.env.scoreboard called
# NCSU_INFO:Time           5847349000:ncsu_component::nb_put():  of test.env.predictor called
# NCSU_INFO:Time           5847357000:ncsu_component::nb_transport():  of test.env.scoreboard called
# NCSU_INFO:Time           5847357000:ncsu_component::nb_put():  of test.env.predictor called
# NCSU_INFO:Time           5847363000:ncsu_component::nb_transport():  of test.env.scoreboard called
# NCSU_INFO:Time           5847363000:ncsu_component::nb_put():  of test.env.predictor called
# NCSU_INFO:Time           5849239000:ncsu_component::nb_transport():  of test.env.scoreboard called
# NCSU_INFO:Time           5849239000:ncsu_component::nb_put():  of test.env.predictor called
# NCSU_INFO:Time           5849245000:ncsu_component::nb_transport():  of test.env.scoreboard called
# NCSU_INFO:Time           5849245000:ncsu_component::nb_put():  of test.env.predictor called
# NCSU_INFO:Time           5849251000:ncsu_component::nb_transport():  of test.env.scoreboard called
# NCSU_INFO:Time           5849251000:ncsu_component::nb_put():  of test.env.predictor called
# NCSU_INFO:Time           5849259000:ncsu_component::nb_transport():  of test.env.scoreboard called
# NCSU_INFO:Time           5849259000:ncsu_component::nb_put():  of test.env.predictor called
# NCSU_INFO:Time           5867303000:ncsu_component::nb_transport():  of test.env.scoreboard called
# NCSU_INFO:Time           5867303000:ncsu_component::nb_put():  of test.env.predictor called
# NCSU_INFO:Time           5867309000:ncsu_component::nb_transport():  of test.env.scoreboard called
# NCSU_INFO:Time           5867309000:ncsu_component::nb_put():  of test.env.predictor called
# NCSU_INFO:Time           5885353000:ncsu_component::nb_transport():  of test.env.scoreboard called
# NCSU_INFO:Time           5885353000:ncsu_component::nb_put():  of test.env.predictor called
# wb data received:   5
# NCSU_INFO:Time           5885357000:i2c_monitor::run():  of test.env.i2c_agent.monitor called.
#  Slave address:0x22;
#  RW:1;
#  Data:5
# NCSU_INFO:Time           5885357000:ncsu_component::nb_put():  of test.env.scoreboard called
# NCSU_INFO:Time           5885359000:ncsu_component::nb_transport():  of test.env.scoreboard called
# NCSU_INFO:Time           5885359000:ncsu_component::nb_put():  of test.env.predictor called
# NCSU_INFO:Time           5885365000:ncsu_component::nb_transport():  of test.env.scoreboard called
# NCSU_INFO:Time           5885365000:ncsu_component::nb_put():  of test.env.predictor called
# NCSU_INFO:Time           5887057000:ncsu_component::nb_transport():  of test.env.scoreboard called
# NCSU_INFO:Time           5887057000:ncsu_component::nb_put():  of test.env.predictor called
# NCSU_INFO:Time           5887061000:FINISH: wb_driver::run():  of test.env.wb_agent.driver is called.
# NCSU_INFO:Time           5887061000:START: wb_driver::run():  of test.env.wb_agent.driver is called.
# NCSU_INFO:Time           5887061000:i2c_driver::bl_put():  of test.env.i2c_agent.driver called
# NCSU_INFO:Time           5887063000:ncsu_component::nb_transport():  of test.env.scoreboard called
# NCSU_INFO:Time           5887063000:ncsu_component::nb_put():  of test.env.predictor called
# NCSU_INFO:Time           5887069000:ncsu_component::nb_transport():  of test.env.scoreboard called
# NCSU_INFO:Time           5887069000:ncsu_component::nb_put():  of test.env.predictor called
# NCSU_INFO:Time           5887077000:ncsu_component::nb_transport():  of test.env.scoreboard called
# NCSU_INFO:Time           5887077000:ncsu_component::nb_put():  of test.env.predictor called
# NCSU_INFO:Time           5887085000:ncsu_component::nb_transport():  of test.env.scoreboard called
# NCSU_INFO:Time           5887085000:ncsu_component::nb_put():  of test.env.predictor called
# NCSU_INFO:Time           5887093000:ncsu_component::nb_transport():  of test.env.scoreboard called
# NCSU_INFO:Time           5887093000:ncsu_component::nb_put():  of test.env.predictor called
# NCSU_INFO:Time           5887099000:ncsu_component::nb_transport():  of test.env.scoreboard called
# NCSU_INFO:Time           5887099000:ncsu_component::nb_put():  of test.env.predictor called
# NCSU_INFO:Time           5888975000:ncsu_component::nb_transport():  of test.env.scoreboard called
# NCSU_INFO:Time           5888975000:ncsu_component::nb_put():  of test.env.predictor called
# NCSU_INFO:Time           5888981000:ncsu_component::nb_transport():  of test.env.scoreboard called
# NCSU_INFO:Time           5888981000:ncsu_component::nb_put():  of test.env.predictor called
# NCSU_INFO:Time           5888987000:ncsu_component::nb_transport():  of test.env.scoreboard called
# NCSU_INFO:Time           5888987000:ncsu_component::nb_put():  of test.env.predictor called
# NCSU_INFO:Time           5888995000:ncsu_component::nb_transport():  of test.env.scoreboard called
# NCSU_INFO:Time           5888995000:ncsu_component::nb_put():  of test.env.predictor called
# NCSU_INFO:Time           5907039000:ncsu_component::nb_transport():  of test.env.scoreboard called
# NCSU_INFO:Time           5907039000:ncsu_component::nb_put():  of test.env.predictor called
# wb_data_sent: 123
# NCSU_INFO:Time           5907045000:ncsu_component::nb_transport():  of test.env.scoreboard called
# NCSU_INFO:Time           5907045000:ncsu_component::nb_put():  of test.env.predictor called
# NCSU_INFO:Time           5907053000:ncsu_component::nb_transport():  of test.env.scoreboard called
# NCSU_INFO:Time           5907053000:ncsu_component::nb_put():  of test.env.predictor called
# NCSU_INFO:Time           5925095000:i2c_monitor::run():  of test.env.i2c_agent.monitor called.
#  Slave address:0x22;
#  RW:0;
#  Data:123 0 0 0 0 0 0 0 0 0 0 0 0 0 0 0 0 0 0 0 0 0 0 0 0 0 0 0 0 0 0 0 0 0 0 0 0 0 0 0 0 0 0 0 0 0 0 0 0 0 0 0 0 0 0 0 0 0 0 0 0 0 0 0
# NCSU_INFO:Time           5925095000:ncsu_component::nb_put():  of test.env.scoreboard called
# NCSU_INFO:Time           5925097000:ncsu_component::nb_transport():  of test.env.scoreboard called
# NCSU_INFO:Time           5925097000:ncsu_component::nb_put():  of test.env.predictor called
# NCSU_INFO:Time           5925103000:ncsu_component::nb_transport():  of test.env.scoreboard called
# NCSU_INFO:Time           5925103000:ncsu_component::nb_put():  of test.env.predictor called
# NCSU_INFO:Time           5926795000:ncsu_component::nb_transport():  of test.env.scoreboard called
# NCSU_INFO:Time           5926795000:ncsu_component::nb_put():  of test.env.predictor called
# NCSU_INFO:Time           5926799000:FINISH: wb_driver::run():  of test.env.wb_agent.driver is called.
# NCSU_INFO:Time           5926799000:START: wb_driver::run():  of test.env.wb_agent.driver is called.
# NCSU_INFO:Time           5926799000:i2c_driver::bl_put():  of test.env.i2c_agent.driver called
# NCSU_INFO:Time           5926801000:ncsu_component::nb_transport():  of test.env.scoreboard called
# NCSU_INFO:Time           5926801000:ncsu_component::nb_put():  of test.env.predictor called
# NCSU_INFO:Time           5926807000:ncsu_component::nb_transport():  of test.env.scoreboard called
# NCSU_INFO:Time           5926807000:ncsu_component::nb_put():  of test.env.predictor called
# NCSU_INFO:Time           5926815000:ncsu_component::nb_transport():  of test.env.scoreboard called
# NCSU_INFO:Time           5926815000:ncsu_component::nb_put():  of test.env.predictor called
# NCSU_INFO:Time           5926823000:ncsu_component::nb_transport():  of test.env.scoreboard called
# NCSU_INFO:Time           5926823000:ncsu_component::nb_put():  of test.env.predictor called
# NCSU_INFO:Time           5926831000:ncsu_component::nb_transport():  of test.env.scoreboard called
# NCSU_INFO:Time           5926831000:ncsu_component::nb_put():  of test.env.predictor called
# NCSU_INFO:Time           5926837000:ncsu_component::nb_transport():  of test.env.scoreboard called
# NCSU_INFO:Time           5926837000:ncsu_component::nb_put():  of test.env.predictor called
# NCSU_INFO:Time           5928713000:ncsu_component::nb_transport():  of test.env.scoreboard called
# NCSU_INFO:Time           5928713000:ncsu_component::nb_put():  of test.env.predictor called
# NCSU_INFO:Time           5928719000:ncsu_component::nb_transport():  of test.env.scoreboard called
# NCSU_INFO:Time           5928719000:ncsu_component::nb_put():  of test.env.predictor called
# NCSU_INFO:Time           5928725000:ncsu_component::nb_transport():  of test.env.scoreboard called
# NCSU_INFO:Time           5928725000:ncsu_component::nb_put():  of test.env.predictor called
# NCSU_INFO:Time           5928733000:ncsu_component::nb_transport():  of test.env.scoreboard called
# NCSU_INFO:Time           5928733000:ncsu_component::nb_put():  of test.env.predictor called
# NCSU_INFO:Time           5946777000:ncsu_component::nb_transport():  of test.env.scoreboard called
# NCSU_INFO:Time           5946777000:ncsu_component::nb_put():  of test.env.predictor called
# NCSU_INFO:Time           5946783000:ncsu_component::nb_transport():  of test.env.scoreboard called
# NCSU_INFO:Time           5946783000:ncsu_component::nb_put():  of test.env.predictor called
# NCSU_INFO:Time           5964827000:ncsu_component::nb_transport():  of test.env.scoreboard called
# NCSU_INFO:Time           5964827000:ncsu_component::nb_put():  of test.env.predictor called
# wb data received:   4
# NCSU_INFO:Time           5964831000:i2c_monitor::run():  of test.env.i2c_agent.monitor called.
#  Slave address:0x22;
#  RW:1;
#  Data:4
# NCSU_INFO:Time           5964831000:ncsu_component::nb_put():  of test.env.scoreboard called
# NCSU_INFO:Time           5964833000:ncsu_component::nb_transport():  of test.env.scoreboard called
# NCSU_INFO:Time           5964833000:ncsu_component::nb_put():  of test.env.predictor called
# NCSU_INFO:Time           5964839000:ncsu_component::nb_transport():  of test.env.scoreboard called
# NCSU_INFO:Time           5964839000:ncsu_component::nb_put():  of test.env.predictor called
# NCSU_INFO:Time           5966531000:ncsu_component::nb_transport():  of test.env.scoreboard called
# NCSU_INFO:Time           5966531000:ncsu_component::nb_put():  of test.env.predictor called
# NCSU_INFO:Time           5966535000:FINISH: wb_driver::run():  of test.env.wb_agent.driver is called.
# NCSU_INFO:Time           5966535000:START: wb_driver::run():  of test.env.wb_agent.driver is called.
# NCSU_INFO:Time           5966535000:i2c_driver::bl_put():  of test.env.i2c_agent.driver called
# NCSU_INFO:Time           5966537000:ncsu_component::nb_transport():  of test.env.scoreboard called
# NCSU_INFO:Time           5966537000:ncsu_component::nb_put():  of test.env.predictor called
# NCSU_INFO:Time           5966543000:ncsu_component::nb_transport():  of test.env.scoreboard called
# NCSU_INFO:Time           5966543000:ncsu_component::nb_put():  of test.env.predictor called
# NCSU_INFO:Time           5966551000:ncsu_component::nb_transport():  of test.env.scoreboard called
# NCSU_INFO:Time           5966551000:ncsu_component::nb_put():  of test.env.predictor called
# NCSU_INFO:Time           5966559000:ncsu_component::nb_transport():  of test.env.scoreboard called
# NCSU_INFO:Time           5966559000:ncsu_component::nb_put():  of test.env.predictor called
# NCSU_INFO:Time           5966567000:ncsu_component::nb_transport():  of test.env.scoreboard called
# NCSU_INFO:Time           5966567000:ncsu_component::nb_put():  of test.env.predictor called
# NCSU_INFO:Time           5966573000:ncsu_component::nb_transport():  of test.env.scoreboard called
# NCSU_INFO:Time           5966573000:ncsu_component::nb_put():  of test.env.predictor called
# NCSU_INFO:Time           5968449000:ncsu_component::nb_transport():  of test.env.scoreboard called
# NCSU_INFO:Time           5968449000:ncsu_component::nb_put():  of test.env.predictor called
# NCSU_INFO:Time           5968455000:ncsu_component::nb_transport():  of test.env.scoreboard called
# NCSU_INFO:Time           5968455000:ncsu_component::nb_put():  of test.env.predictor called
# NCSU_INFO:Time           5968461000:ncsu_component::nb_transport():  of test.env.scoreboard called
# NCSU_INFO:Time           5968461000:ncsu_component::nb_put():  of test.env.predictor called
# NCSU_INFO:Time           5968469000:ncsu_component::nb_transport():  of test.env.scoreboard called
# NCSU_INFO:Time           5968469000:ncsu_component::nb_put():  of test.env.predictor called
# NCSU_INFO:Time           5986513000:ncsu_component::nb_transport():  of test.env.scoreboard called
# NCSU_INFO:Time           5986513000:ncsu_component::nb_put():  of test.env.predictor called
# wb_data_sent: 124
# NCSU_INFO:Time           5986519000:ncsu_component::nb_transport():  of test.env.scoreboard called
# NCSU_INFO:Time           5986519000:ncsu_component::nb_put():  of test.env.predictor called
# NCSU_INFO:Time           5986527000:ncsu_component::nb_transport():  of test.env.scoreboard called
# NCSU_INFO:Time           5986527000:ncsu_component::nb_put():  of test.env.predictor called
# NCSU_INFO:Time           6004569000:i2c_monitor::run():  of test.env.i2c_agent.monitor called.
#  Slave address:0x22;
#  RW:0;
#  Data:124 0 0 0 0 0 0 0 0 0 0 0 0 0 0 0 0 0 0 0 0 0 0 0 0 0 0 0 0 0 0 0 0 0 0 0 0 0 0 0 0 0 0 0 0 0 0 0 0 0 0 0 0 0 0 0 0 0 0 0 0 0 0 0
# NCSU_INFO:Time           6004569000:ncsu_component::nb_put():  of test.env.scoreboard called
# NCSU_INFO:Time           6004571000:ncsu_component::nb_transport():  of test.env.scoreboard called
# NCSU_INFO:Time           6004571000:ncsu_component::nb_put():  of test.env.predictor called
# NCSU_INFO:Time           6004577000:ncsu_component::nb_transport():  of test.env.scoreboard called
# NCSU_INFO:Time           6004577000:ncsu_component::nb_put():  of test.env.predictor called
# NCSU_INFO:Time           6006269000:ncsu_component::nb_transport():  of test.env.scoreboard called
# NCSU_INFO:Time           6006269000:ncsu_component::nb_put():  of test.env.predictor called
# NCSU_INFO:Time           6006273000:FINISH: wb_driver::run():  of test.env.wb_agent.driver is called.
# NCSU_INFO:Time           6006273000:START: wb_driver::run():  of test.env.wb_agent.driver is called.
# NCSU_INFO:Time           6006273000:i2c_driver::bl_put():  of test.env.i2c_agent.driver called
# NCSU_INFO:Time           6006275000:ncsu_component::nb_transport():  of test.env.scoreboard called
# NCSU_INFO:Time           6006275000:ncsu_component::nb_put():  of test.env.predictor called
# NCSU_INFO:Time           6006281000:ncsu_component::nb_transport():  of test.env.scoreboard called
# NCSU_INFO:Time           6006281000:ncsu_component::nb_put():  of test.env.predictor called
# NCSU_INFO:Time           6006289000:ncsu_component::nb_transport():  of test.env.scoreboard called
# NCSU_INFO:Time           6006289000:ncsu_component::nb_put():  of test.env.predictor called
# NCSU_INFO:Time           6006297000:ncsu_component::nb_transport():  of test.env.scoreboard called
# NCSU_INFO:Time           6006297000:ncsu_component::nb_put():  of test.env.predictor called
# NCSU_INFO:Time           6006305000:ncsu_component::nb_transport():  of test.env.scoreboard called
# NCSU_INFO:Time           6006305000:ncsu_component::nb_put():  of test.env.predictor called
# NCSU_INFO:Time           6006311000:ncsu_component::nb_transport():  of test.env.scoreboard called
# NCSU_INFO:Time           6006311000:ncsu_component::nb_put():  of test.env.predictor called
# NCSU_INFO:Time           6008187000:ncsu_component::nb_transport():  of test.env.scoreboard called
# NCSU_INFO:Time           6008187000:ncsu_component::nb_put():  of test.env.predictor called
# NCSU_INFO:Time           6008193000:ncsu_component::nb_transport():  of test.env.scoreboard called
# NCSU_INFO:Time           6008193000:ncsu_component::nb_put():  of test.env.predictor called
# NCSU_INFO:Time           6008199000:ncsu_component::nb_transport():  of test.env.scoreboard called
# NCSU_INFO:Time           6008199000:ncsu_component::nb_put():  of test.env.predictor called
# NCSU_INFO:Time           6008207000:ncsu_component::nb_transport():  of test.env.scoreboard called
# NCSU_INFO:Time           6008207000:ncsu_component::nb_put():  of test.env.predictor called
# NCSU_INFO:Time           6026251000:ncsu_component::nb_transport():  of test.env.scoreboard called
# NCSU_INFO:Time           6026251000:ncsu_component::nb_put():  of test.env.predictor called
# NCSU_INFO:Time           6026257000:ncsu_component::nb_transport():  of test.env.scoreboard called
# NCSU_INFO:Time           6026257000:ncsu_component::nb_put():  of test.env.predictor called
# NCSU_INFO:Time           6044301000:ncsu_component::nb_transport():  of test.env.scoreboard called
# NCSU_INFO:Time           6044301000:ncsu_component::nb_put():  of test.env.predictor called
# wb data received:   3
# NCSU_INFO:Time           6044305000:i2c_monitor::run():  of test.env.i2c_agent.monitor called.
#  Slave address:0x22;
#  RW:1;
#  Data:3
# NCSU_INFO:Time           6044305000:ncsu_component::nb_put():  of test.env.scoreboard called
# NCSU_INFO:Time           6044307000:ncsu_component::nb_transport():  of test.env.scoreboard called
# NCSU_INFO:Time           6044307000:ncsu_component::nb_put():  of test.env.predictor called
# NCSU_INFO:Time           6044313000:ncsu_component::nb_transport():  of test.env.scoreboard called
# NCSU_INFO:Time           6044313000:ncsu_component::nb_put():  of test.env.predictor called
# NCSU_INFO:Time           6046005000:ncsu_component::nb_transport():  of test.env.scoreboard called
# NCSU_INFO:Time           6046005000:ncsu_component::nb_put():  of test.env.predictor called
# NCSU_INFO:Time           6046009000:FINISH: wb_driver::run():  of test.env.wb_agent.driver is called.
# NCSU_INFO:Time           6046009000:START: wb_driver::run():  of test.env.wb_agent.driver is called.
# NCSU_INFO:Time           6046009000:i2c_driver::bl_put():  of test.env.i2c_agent.driver called
# NCSU_INFO:Time           6046011000:ncsu_component::nb_transport():  of test.env.scoreboard called
# NCSU_INFO:Time           6046011000:ncsu_component::nb_put():  of test.env.predictor called
# NCSU_INFO:Time           6046017000:ncsu_component::nb_transport():  of test.env.scoreboard called
# NCSU_INFO:Time           6046017000:ncsu_component::nb_put():  of test.env.predictor called
# NCSU_INFO:Time           6046025000:ncsu_component::nb_transport():  of test.env.scoreboard called
# NCSU_INFO:Time           6046025000:ncsu_component::nb_put():  of test.env.predictor called
# NCSU_INFO:Time           6046033000:ncsu_component::nb_transport():  of test.env.scoreboard called
# NCSU_INFO:Time           6046033000:ncsu_component::nb_put():  of test.env.predictor called
# NCSU_INFO:Time           6046041000:ncsu_component::nb_transport():  of test.env.scoreboard called
# NCSU_INFO:Time           6046041000:ncsu_component::nb_put():  of test.env.predictor called
# NCSU_INFO:Time           6046047000:ncsu_component::nb_transport():  of test.env.scoreboard called
# NCSU_INFO:Time           6046047000:ncsu_component::nb_put():  of test.env.predictor called
# NCSU_INFO:Time           6047923000:ncsu_component::nb_transport():  of test.env.scoreboard called
# NCSU_INFO:Time           6047923000:ncsu_component::nb_put():  of test.env.predictor called
# NCSU_INFO:Time           6047929000:ncsu_component::nb_transport():  of test.env.scoreboard called
# NCSU_INFO:Time           6047929000:ncsu_component::nb_put():  of test.env.predictor called
# NCSU_INFO:Time           6047935000:ncsu_component::nb_transport():  of test.env.scoreboard called
# NCSU_INFO:Time           6047935000:ncsu_component::nb_put():  of test.env.predictor called
# NCSU_INFO:Time           6047943000:ncsu_component::nb_transport():  of test.env.scoreboard called
# NCSU_INFO:Time           6047943000:ncsu_component::nb_put():  of test.env.predictor called
# NCSU_INFO:Time           6065987000:ncsu_component::nb_transport():  of test.env.scoreboard called
# NCSU_INFO:Time           6065987000:ncsu_component::nb_put():  of test.env.predictor called
# wb_data_sent: 125
# NCSU_INFO:Time           6065993000:ncsu_component::nb_transport():  of test.env.scoreboard called
# NCSU_INFO:Time           6065993000:ncsu_component::nb_put():  of test.env.predictor called
# NCSU_INFO:Time           6066001000:ncsu_component::nb_transport():  of test.env.scoreboard called
# NCSU_INFO:Time           6066001000:ncsu_component::nb_put():  of test.env.predictor called
# NCSU_INFO:Time           6084043000:i2c_monitor::run():  of test.env.i2c_agent.monitor called.
#  Slave address:0x22;
#  RW:0;
#  Data:125 0 0 0 0 0 0 0 0 0 0 0 0 0 0 0 0 0 0 0 0 0 0 0 0 0 0 0 0 0 0 0 0 0 0 0 0 0 0 0 0 0 0 0 0 0 0 0 0 0 0 0 0 0 0 0 0 0 0 0 0 0 0 0
# NCSU_INFO:Time           6084043000:ncsu_component::nb_put():  of test.env.scoreboard called
# NCSU_INFO:Time           6084045000:ncsu_component::nb_transport():  of test.env.scoreboard called
# NCSU_INFO:Time           6084045000:ncsu_component::nb_put():  of test.env.predictor called
# NCSU_INFO:Time           6084051000:ncsu_component::nb_transport():  of test.env.scoreboard called
# NCSU_INFO:Time           6084051000:ncsu_component::nb_put():  of test.env.predictor called
# NCSU_INFO:Time           6085743000:ncsu_component::nb_transport():  of test.env.scoreboard called
# NCSU_INFO:Time           6085743000:ncsu_component::nb_put():  of test.env.predictor called
# NCSU_INFO:Time           6085747000:FINISH: wb_driver::run():  of test.env.wb_agent.driver is called.
# NCSU_INFO:Time           6085747000:START: wb_driver::run():  of test.env.wb_agent.driver is called.
# NCSU_INFO:Time           6085747000:i2c_driver::bl_put():  of test.env.i2c_agent.driver called
# NCSU_INFO:Time           6085749000:ncsu_component::nb_transport():  of test.env.scoreboard called
# NCSU_INFO:Time           6085749000:ncsu_component::nb_put():  of test.env.predictor called
# NCSU_INFO:Time           6085755000:ncsu_component::nb_transport():  of test.env.scoreboard called
# NCSU_INFO:Time           6085755000:ncsu_component::nb_put():  of test.env.predictor called
# NCSU_INFO:Time           6085763000:ncsu_component::nb_transport():  of test.env.scoreboard called
# NCSU_INFO:Time           6085763000:ncsu_component::nb_put():  of test.env.predictor called
# NCSU_INFO:Time           6085771000:ncsu_component::nb_transport():  of test.env.scoreboard called
# NCSU_INFO:Time           6085771000:ncsu_component::nb_put():  of test.env.predictor called
# NCSU_INFO:Time           6085779000:ncsu_component::nb_transport():  of test.env.scoreboard called
# NCSU_INFO:Time           6085779000:ncsu_component::nb_put():  of test.env.predictor called
# NCSU_INFO:Time           6085785000:ncsu_component::nb_transport():  of test.env.scoreboard called
# NCSU_INFO:Time           6085785000:ncsu_component::nb_put():  of test.env.predictor called
# NCSU_INFO:Time           6087661000:ncsu_component::nb_transport():  of test.env.scoreboard called
# NCSU_INFO:Time           6087661000:ncsu_component::nb_put():  of test.env.predictor called
# NCSU_INFO:Time           6087667000:ncsu_component::nb_transport():  of test.env.scoreboard called
# NCSU_INFO:Time           6087667000:ncsu_component::nb_put():  of test.env.predictor called
# NCSU_INFO:Time           6087673000:ncsu_component::nb_transport():  of test.env.scoreboard called
# NCSU_INFO:Time           6087673000:ncsu_component::nb_put():  of test.env.predictor called
# NCSU_INFO:Time           6087681000:ncsu_component::nb_transport():  of test.env.scoreboard called
# NCSU_INFO:Time           6087681000:ncsu_component::nb_put():  of test.env.predictor called
# NCSU_INFO:Time           6105725000:ncsu_component::nb_transport():  of test.env.scoreboard called
# NCSU_INFO:Time           6105725000:ncsu_component::nb_put():  of test.env.predictor called
# NCSU_INFO:Time           6105731000:ncsu_component::nb_transport():  of test.env.scoreboard called
# NCSU_INFO:Time           6105731000:ncsu_component::nb_put():  of test.env.predictor called
# NCSU_INFO:Time           6123775000:ncsu_component::nb_transport():  of test.env.scoreboard called
# NCSU_INFO:Time           6123775000:ncsu_component::nb_put():  of test.env.predictor called
# wb data received:   2
# NCSU_INFO:Time           6123779000:i2c_monitor::run():  of test.env.i2c_agent.monitor called.
#  Slave address:0x22;
#  RW:1;
#  Data:2
# NCSU_INFO:Time           6123779000:ncsu_component::nb_put():  of test.env.scoreboard called
# NCSU_INFO:Time           6123781000:ncsu_component::nb_transport():  of test.env.scoreboard called
# NCSU_INFO:Time           6123781000:ncsu_component::nb_put():  of test.env.predictor called
# NCSU_INFO:Time           6123787000:ncsu_component::nb_transport():  of test.env.scoreboard called
# NCSU_INFO:Time           6123787000:ncsu_component::nb_put():  of test.env.predictor called
# NCSU_INFO:Time           6125479000:ncsu_component::nb_transport():  of test.env.scoreboard called
# NCSU_INFO:Time           6125479000:ncsu_component::nb_put():  of test.env.predictor called
# NCSU_INFO:Time           6125483000:FINISH: wb_driver::run():  of test.env.wb_agent.driver is called.
# NCSU_INFO:Time           6125483000:START: wb_driver::run():  of test.env.wb_agent.driver is called.
# NCSU_INFO:Time           6125483000:i2c_driver::bl_put():  of test.env.i2c_agent.driver called
# NCSU_INFO:Time           6125485000:ncsu_component::nb_transport():  of test.env.scoreboard called
# NCSU_INFO:Time           6125485000:ncsu_component::nb_put():  of test.env.predictor called
# NCSU_INFO:Time           6125491000:ncsu_component::nb_transport():  of test.env.scoreboard called
# NCSU_INFO:Time           6125491000:ncsu_component::nb_put():  of test.env.predictor called
# NCSU_INFO:Time           6125499000:ncsu_component::nb_transport():  of test.env.scoreboard called
# NCSU_INFO:Time           6125499000:ncsu_component::nb_put():  of test.env.predictor called
# NCSU_INFO:Time           6125507000:ncsu_component::nb_transport():  of test.env.scoreboard called
# NCSU_INFO:Time           6125507000:ncsu_component::nb_put():  of test.env.predictor called
# NCSU_INFO:Time           6125515000:ncsu_component::nb_transport():  of test.env.scoreboard called
# NCSU_INFO:Time           6125515000:ncsu_component::nb_put():  of test.env.predictor called
# NCSU_INFO:Time           6125521000:ncsu_component::nb_transport():  of test.env.scoreboard called
# NCSU_INFO:Time           6125521000:ncsu_component::nb_put():  of test.env.predictor called
# NCSU_INFO:Time           6127397000:ncsu_component::nb_transport():  of test.env.scoreboard called
# NCSU_INFO:Time           6127397000:ncsu_component::nb_put():  of test.env.predictor called
# NCSU_INFO:Time           6127403000:ncsu_component::nb_transport():  of test.env.scoreboard called
# NCSU_INFO:Time           6127403000:ncsu_component::nb_put():  of test.env.predictor called
# NCSU_INFO:Time           6127409000:ncsu_component::nb_transport():  of test.env.scoreboard called
# NCSU_INFO:Time           6127409000:ncsu_component::nb_put():  of test.env.predictor called
# NCSU_INFO:Time           6127417000:ncsu_component::nb_transport():  of test.env.scoreboard called
# NCSU_INFO:Time           6127417000:ncsu_component::nb_put():  of test.env.predictor called
# NCSU_INFO:Time           6145461000:ncsu_component::nb_transport():  of test.env.scoreboard called
# NCSU_INFO:Time           6145461000:ncsu_component::nb_put():  of test.env.predictor called
# wb_data_sent: 126
# NCSU_INFO:Time           6145467000:ncsu_component::nb_transport():  of test.env.scoreboard called
# NCSU_INFO:Time           6145467000:ncsu_component::nb_put():  of test.env.predictor called
# NCSU_INFO:Time           6145475000:ncsu_component::nb_transport():  of test.env.scoreboard called
# NCSU_INFO:Time           6145475000:ncsu_component::nb_put():  of test.env.predictor called
# NCSU_INFO:Time           6163517000:i2c_monitor::run():  of test.env.i2c_agent.monitor called.
#  Slave address:0x22;
#  RW:0;
#  Data:126 0 0 0 0 0 0 0 0 0 0 0 0 0 0 0 0 0 0 0 0 0 0 0 0 0 0 0 0 0 0 0 0 0 0 0 0 0 0 0 0 0 0 0 0 0 0 0 0 0 0 0 0 0 0 0 0 0 0 0 0 0 0 0
# NCSU_INFO:Time           6163517000:ncsu_component::nb_put():  of test.env.scoreboard called
# NCSU_INFO:Time           6163519000:ncsu_component::nb_transport():  of test.env.scoreboard called
# NCSU_INFO:Time           6163519000:ncsu_component::nb_put():  of test.env.predictor called
# NCSU_INFO:Time           6163525000:ncsu_component::nb_transport():  of test.env.scoreboard called
# NCSU_INFO:Time           6163525000:ncsu_component::nb_put():  of test.env.predictor called
# NCSU_INFO:Time           6165217000:ncsu_component::nb_transport():  of test.env.scoreboard called
# NCSU_INFO:Time           6165217000:ncsu_component::nb_put():  of test.env.predictor called
# NCSU_INFO:Time           6165221000:FINISH: wb_driver::run():  of test.env.wb_agent.driver is called.
# NCSU_INFO:Time           6165221000:START: wb_driver::run():  of test.env.wb_agent.driver is called.
# NCSU_INFO:Time           6165221000:i2c_driver::bl_put():  of test.env.i2c_agent.driver called
# NCSU_INFO:Time           6165223000:ncsu_component::nb_transport():  of test.env.scoreboard called
# NCSU_INFO:Time           6165223000:ncsu_component::nb_put():  of test.env.predictor called
# NCSU_INFO:Time           6165229000:ncsu_component::nb_transport():  of test.env.scoreboard called
# NCSU_INFO:Time           6165229000:ncsu_component::nb_put():  of test.env.predictor called
# NCSU_INFO:Time           6165237000:ncsu_component::nb_transport():  of test.env.scoreboard called
# NCSU_INFO:Time           6165237000:ncsu_component::nb_put():  of test.env.predictor called
# NCSU_INFO:Time           6165245000:ncsu_component::nb_transport():  of test.env.scoreboard called
# NCSU_INFO:Time           6165245000:ncsu_component::nb_put():  of test.env.predictor called
# NCSU_INFO:Time           6165253000:ncsu_component::nb_transport():  of test.env.scoreboard called
# NCSU_INFO:Time           6165253000:ncsu_component::nb_put():  of test.env.predictor called
# NCSU_INFO:Time           6165259000:ncsu_component::nb_transport():  of test.env.scoreboard called
# NCSU_INFO:Time           6165259000:ncsu_component::nb_put():  of test.env.predictor called
# NCSU_INFO:Time           6167135000:ncsu_component::nb_transport():  of test.env.scoreboard called
# NCSU_INFO:Time           6167135000:ncsu_component::nb_put():  of test.env.predictor called
# NCSU_INFO:Time           6167141000:ncsu_component::nb_transport():  of test.env.scoreboard called
# NCSU_INFO:Time           6167141000:ncsu_component::nb_put():  of test.env.predictor called
# NCSU_INFO:Time           6167147000:ncsu_component::nb_transport():  of test.env.scoreboard called
# NCSU_INFO:Time           6167147000:ncsu_component::nb_put():  of test.env.predictor called
# NCSU_INFO:Time           6167155000:ncsu_component::nb_transport():  of test.env.scoreboard called
# NCSU_INFO:Time           6167155000:ncsu_component::nb_put():  of test.env.predictor called
# NCSU_INFO:Time           6185199000:ncsu_component::nb_transport():  of test.env.scoreboard called
# NCSU_INFO:Time           6185199000:ncsu_component::nb_put():  of test.env.predictor called
# NCSU_INFO:Time           6185205000:ncsu_component::nb_transport():  of test.env.scoreboard called
# NCSU_INFO:Time           6185205000:ncsu_component::nb_put():  of test.env.predictor called
# NCSU_INFO:Time           6203249000:ncsu_component::nb_transport():  of test.env.scoreboard called
# NCSU_INFO:Time           6203249000:ncsu_component::nb_put():  of test.env.predictor called
# wb data received:   1
# NCSU_INFO:Time           6203253000:i2c_monitor::run():  of test.env.i2c_agent.monitor called.
#  Slave address:0x22;
#  RW:1;
#  Data:1
# NCSU_INFO:Time           6203253000:ncsu_component::nb_put():  of test.env.scoreboard called
# NCSU_INFO:Time           6203255000:ncsu_component::nb_transport():  of test.env.scoreboard called
# NCSU_INFO:Time           6203255000:ncsu_component::nb_put():  of test.env.predictor called
# NCSU_INFO:Time           6203261000:ncsu_component::nb_transport():  of test.env.scoreboard called
# NCSU_INFO:Time           6203261000:ncsu_component::nb_put():  of test.env.predictor called
# NCSU_INFO:Time           6204953000:ncsu_component::nb_transport():  of test.env.scoreboard called
# NCSU_INFO:Time           6204953000:ncsu_component::nb_put():  of test.env.predictor called
# NCSU_INFO:Time           6204957000:FINISH: wb_driver::run():  of test.env.wb_agent.driver is called.
# NCSU_INFO:Time           6204957000:START: wb_driver::run():  of test.env.wb_agent.driver is called.
# NCSU_INFO:Time           6204957000:i2c_driver::bl_put():  of test.env.i2c_agent.driver called
# NCSU_INFO:Time           6204959000:ncsu_component::nb_transport():  of test.env.scoreboard called
# NCSU_INFO:Time           6204959000:ncsu_component::nb_put():  of test.env.predictor called
# NCSU_INFO:Time           6204965000:ncsu_component::nb_transport():  of test.env.scoreboard called
# NCSU_INFO:Time           6204965000:ncsu_component::nb_put():  of test.env.predictor called
# NCSU_INFO:Time           6204973000:ncsu_component::nb_transport():  of test.env.scoreboard called
# NCSU_INFO:Time           6204973000:ncsu_component::nb_put():  of test.env.predictor called
# NCSU_INFO:Time           6204981000:ncsu_component::nb_transport():  of test.env.scoreboard called
# NCSU_INFO:Time           6204981000:ncsu_component::nb_put():  of test.env.predictor called
# NCSU_INFO:Time           6204989000:ncsu_component::nb_transport():  of test.env.scoreboard called
# NCSU_INFO:Time           6204989000:ncsu_component::nb_put():  of test.env.predictor called
# NCSU_INFO:Time           6204995000:ncsu_component::nb_transport():  of test.env.scoreboard called
# NCSU_INFO:Time           6204995000:ncsu_component::nb_put():  of test.env.predictor called
# NCSU_INFO:Time           6206871000:ncsu_component::nb_transport():  of test.env.scoreboard called
# NCSU_INFO:Time           6206871000:ncsu_component::nb_put():  of test.env.predictor called
# NCSU_INFO:Time           6206877000:ncsu_component::nb_transport():  of test.env.scoreboard called
# NCSU_INFO:Time           6206877000:ncsu_component::nb_put():  of test.env.predictor called
# NCSU_INFO:Time           6206883000:ncsu_component::nb_transport():  of test.env.scoreboard called
# NCSU_INFO:Time           6206883000:ncsu_component::nb_put():  of test.env.predictor called
# NCSU_INFO:Time           6206891000:ncsu_component::nb_transport():  of test.env.scoreboard called
# NCSU_INFO:Time           6206891000:ncsu_component::nb_put():  of test.env.predictor called
# NCSU_INFO:Time           6224935000:ncsu_component::nb_transport():  of test.env.scoreboard called
# NCSU_INFO:Time           6224935000:ncsu_component::nb_put():  of test.env.predictor called
# wb_data_sent: 127
# NCSU_INFO:Time           6224941000:ncsu_component::nb_transport():  of test.env.scoreboard called
# NCSU_INFO:Time           6224941000:ncsu_component::nb_put():  of test.env.predictor called
# NCSU_INFO:Time           6224949000:ncsu_component::nb_transport():  of test.env.scoreboard called
# NCSU_INFO:Time           6224949000:ncsu_component::nb_put():  of test.env.predictor called
# NCSU_INFO:Time           6242991000:i2c_monitor::run():  of test.env.i2c_agent.monitor called.
#  Slave address:0x22;
#  RW:0;
#  Data:127 0 0 0 0 0 0 0 0 0 0 0 0 0 0 0 0 0 0 0 0 0 0 0 0 0 0 0 0 0 0 0 0 0 0 0 0 0 0 0 0 0 0 0 0 0 0 0 0 0 0 0 0 0 0 0 0 0 0 0 0 0 0 0
# NCSU_INFO:Time           6242991000:ncsu_component::nb_put():  of test.env.scoreboard called
# NCSU_INFO:Time           6242993000:ncsu_component::nb_transport():  of test.env.scoreboard called
# NCSU_INFO:Time           6242993000:ncsu_component::nb_put():  of test.env.predictor called
# NCSU_INFO:Time           6242999000:ncsu_component::nb_transport():  of test.env.scoreboard called
# NCSU_INFO:Time           6242999000:ncsu_component::nb_put():  of test.env.predictor called
# NCSU_INFO:Time           6244691000:ncsu_component::nb_transport():  of test.env.scoreboard called
# NCSU_INFO:Time           6244691000:ncsu_component::nb_put():  of test.env.predictor called
# NCSU_INFO:Time           6244695000:FINISH: wb_driver::run():  of test.env.wb_agent.driver is called.
# NCSU_INFO:Time           6244695000:START: wb_driver::run():  of test.env.wb_agent.driver is called.
# NCSU_INFO:Time           6244695000:i2c_driver::bl_put():  of test.env.i2c_agent.driver called
# NCSU_INFO:Time           6244697000:ncsu_component::nb_transport():  of test.env.scoreboard called
# NCSU_INFO:Time           6244697000:ncsu_component::nb_put():  of test.env.predictor called
# NCSU_INFO:Time           6244703000:ncsu_component::nb_transport():  of test.env.scoreboard called
# NCSU_INFO:Time           6244703000:ncsu_component::nb_put():  of test.env.predictor called
# NCSU_INFO:Time           6244711000:ncsu_component::nb_transport():  of test.env.scoreboard called
# NCSU_INFO:Time           6244711000:ncsu_component::nb_put():  of test.env.predictor called
# NCSU_INFO:Time           6244719000:ncsu_component::nb_transport():  of test.env.scoreboard called
# NCSU_INFO:Time           6244719000:ncsu_component::nb_put():  of test.env.predictor called
# NCSU_INFO:Time           6244727000:ncsu_component::nb_transport():  of test.env.scoreboard called
# NCSU_INFO:Time           6244727000:ncsu_component::nb_put():  of test.env.predictor called
# NCSU_INFO:Time           6244733000:ncsu_component::nb_transport():  of test.env.scoreboard called
# NCSU_INFO:Time           6244733000:ncsu_component::nb_put():  of test.env.predictor called
# NCSU_INFO:Time           6246609000:ncsu_component::nb_transport():  of test.env.scoreboard called
# NCSU_INFO:Time           6246609000:ncsu_component::nb_put():  of test.env.predictor called
# NCSU_INFO:Time           6246615000:ncsu_component::nb_transport():  of test.env.scoreboard called
# NCSU_INFO:Time           6246615000:ncsu_component::nb_put():  of test.env.predictor called
# NCSU_INFO:Time           6246621000:ncsu_component::nb_transport():  of test.env.scoreboard called
# NCSU_INFO:Time           6246621000:ncsu_component::nb_put():  of test.env.predictor called
# NCSU_INFO:Time           6246629000:ncsu_component::nb_transport():  of test.env.scoreboard called
# NCSU_INFO:Time           6246629000:ncsu_component::nb_put():  of test.env.predictor called
# NCSU_INFO:Time           6264673000:ncsu_component::nb_transport():  of test.env.scoreboard called
# NCSU_INFO:Time           6264673000:ncsu_component::nb_put():  of test.env.predictor called
# NCSU_INFO:Time           6264679000:ncsu_component::nb_transport():  of test.env.scoreboard called
# NCSU_INFO:Time           6264679000:ncsu_component::nb_put():  of test.env.predictor called
# NCSU_INFO:Time           6282723000:ncsu_component::nb_transport():  of test.env.scoreboard called
# NCSU_INFO:Time           6282723000:ncsu_component::nb_put():  of test.env.predictor called
# wb data received:   0
# NCSU_INFO:Time           6282727000:i2c_monitor::run():  of test.env.i2c_agent.monitor called.
#  Slave address:0x22;
#  RW:1;
#  Data:0
# NCSU_INFO:Time           6282727000:ncsu_component::nb_put():  of test.env.scoreboard called
# NCSU_INFO:Time           6282729000:ncsu_component::nb_transport():  of test.env.scoreboard called
# NCSU_INFO:Time           6282729000:ncsu_component::nb_put():  of test.env.predictor called
# NCSU_INFO:Time           6282735000:ncsu_component::nb_transport():  of test.env.scoreboard called
# NCSU_INFO:Time           6282735000:ncsu_component::nb_put():  of test.env.predictor called
# NCSU_INFO:Time           6284427000:ncsu_component::nb_transport():  of test.env.scoreboard called
# NCSU_INFO:Time           6284427000:ncsu_component::nb_put():  of test.env.predictor called
# NCSU_INFO:Time           6284431000:FINISH: wb_driver::run():  of test.env.wb_agent.driver is called.
######################### TEST 3 FINISH #############################
# Alternate READ and WRITES | Write data: 64 to 127 | read data:63 to 0
#####################################################################
# I2CMB Core enable - SUCCESS!
# ASSERT2: I2CMB Core disable/reset - Success
# def1: CSR default value test - Success
# def2: DPR default value test - Success
# def3: CMDR default value test - Success
# def4: FSMR deafault value test - Success
#  write to Read Only bits of CSR not allowed. Test - Success
# DPR read/write test - Success
# write to read only bits of CMDR NOT allowed. Test - Success
# write to read only bits of FSMR NOT allowed. Test - Success
# CMDR DON bit test - Success
# ** Note: $finish    : ../testbench/top.sv(155)
#    Time: 572845510 ns  Iteration: 1  Instance: /top
# Break at ../testbench/top.sv line 155
# Stopped at ../testbench/top.sv line 155
#  quit -f
# Saving coverage database on exit...
# End time: 00:39:31 on Apr 25,2025, Elapsed time: 0:00:09
# Errors: 0, Warnings: 0
End time: 00:39:31 on Apr 25,2025, Elapsed time: 0:00:22
*** Summary *********************************************
    qrun: Errors:   0, Warnings:   0
    vlog: Errors:   0, Warnings:   0
    vcom: Errors:   0, Warnings:   0
    vopt: Errors:   0, Warnings:   0
    vsim: Errors:   0, Warnings:   0
  Totals: Errors:   0, Warnings:   0
