# VISUALIZERROOT = '/mnt/apps/public/COE/mg_apps/questa2025.1_1/questasim/linux_x86_64/VisualizerRls'
# USER = 'rsheth'
# Siemens software version 2025.1_1 (Build on Feb 13 2025)
# Unpublished work. Copyright 2025 Siemens

# vsim -64 -onfinish stop -classdebug -uvmcontrol=all -msgmode both -permit_unmatched_virtual_intf -sv_seed 123456 -msglimit error -msglimitcount 20 -qwavedb=+signal+memory=1024+report+parameter+class+assertion+uvm_schematic+msg+classmemory=1024+statictaskfunc -lib qrun.out/work -visualizer=design.bin -do {set IterationLimit 140000; set NoQuitOnFinish 1; coverage attribute -name TESTNAME -value test_top; coverage save -onexit test_top.ucdb; do wave.do} -statslog qrun.out/stats_log qrun_opt -appendlog -l run.log
# vsim -64 -onfinish stop -classdebug -uvmcontrol=all -msgmode both -permit_unmatched_virtual_intf -sv_seed 123456 -msglimit error -msglimitcount 20 -qwavedb=+livesim+signal+memory=1024+report+parameter+class+assertion+uvm_schematic+msg+classmemory=1024+statictaskfunc -lib qrun.out/work -visualizer=design.bin -statslog qrun.out/stats_log qrun_opt -appendlog 
# Start time: 15:05:38 on Apr 20,2025
# Loading Siemens Visualizer shared object '/mnt/apps/public/COE/mg_apps/questa2025.1_1/questasim/bin/../linux_x86_64/VisualizerRls/bin/libqvisualizer.so'

# Initiating qwavedb class logging


# Done initiating qwavedb class logging
# //  Questa Sim-64
# //  Version 2025.1_1 linux_x86_64 Feb 13 2025
# //
# // Unpublished work. Copyright 2025 Siemens
# //
# // This material contains trade secrets or otherwise confidential information
# // owned by Siemens Industry Software Inc. or its affiliates (collectively,
# // "SISW"), or its licensors. Access to and use of this information is strictly
# // limited as set forth in the Customer's applicable agreements with SISW.
# //
# // This material may not be copied, distributed, or otherwise disclosed outside
# // of the Customer's facilities without the express written permission of SISW,
# // and may not be used in any way not expressly authorized by SISW.
# //
# Loading sv_std.std
# Loading work.wb_if(fast)
# Loading work.i2c_if(fast)
# Loading work.ncsu_pkg(fast)
# Loading work.wb_pkg(fast)
# Loading work.i2c_pkg(fast)
# Loading work.i2cmb_env_pkg(fast)
# Loading work.top_sv_unit(fast)
# Loading work.top(fast)
# Loading std.standard
# Loading std.textio(body)
# Loading ieee.std_logic_1164(body)
# Loading ieee.numeric_std(body)
# Loading work.iicmb_pkg(body)
# Loading work.iicmb_m_wb(str)#1
# Loading work.iicmb_int_pkg(body)
# Loading work.iicmb_m(str)#1

# 15:05:42: Loading design data...
# 15:05:42: Loaded  design units
# 15:05:42: Loaded  design hierarchy
# Warning: The wave file cannot be loaded because either the simulation has not yet logged any data, or qwavedb logging has not been enabled.
# set IterationLimit 140000
# 140000
# set NoQuitOnFinish 1
# 1
# coverage attribute -name TESTNAME -value test_top

# coverage save -onexit test_top.ucdb

# do wave.do
# 15:05:49: Loading waveform header...
# 15:05:49: Loaded  waveform header
# Static tasks and functions will be logged.
# 	Arrays of 1 unpacked dimension inside classes will be logged if they have 1024 or fewer elements
# qwavedb_dumpvars: Initiating qwavedb class logging
# 
# 	Loading class filter file '/mnt/apps/public/COE/mg_apps/questa2025.1_1/questasim/bin/../linux_x86_64/VisualizerRls/bin/../config/uvmclassfilter.txt'
# 
# qwavedb_dumpvars: Done initiating qwavedb class logging
# 	Arrays of 1 unpacked dimension will be logged if they have 1024 or fewer elements
# qwavedb_dumpvars: Initiating qwavedb waveform capturing
# 
# 	 Class Filter File used = /mnt/apps/public/COE/mg_apps/questa2025.1_1/questasim/bin/../linux_x86_64/VisualizerRls/bin/../config/uvmclassfilter.txt
# Info: Enabling parallel (multi-threaded) wave dumping.
# 
# qwavedb_dumpvars: Done initiating qwavedb waveform capturing
# 
#   Error: Unable to wave top.WB_ADDR_WIDTH.
#   Error: Unable to wave top.WB_DATA_WIDTH.
#   Error: Unable to wave top.NUM_I2C_BUSSES.

run -all
# ----------------------------------------------------------------
# 
# //  NCSU Package 
# 
# //  Version 1.0a
# 
# ----------------------------------------------------------------
# 
# 
# 
# 
# NCSU_INFO:Time                    0:env_config::new(): ID: name: configuration 
# 
# name: wb_agent_config 
# name: i2c_agent_config 
# ** Error (suppressible): (vsim-12030) Covergroup Builtin function call 'sample' is ignored as the covergroup object of type '.wb_pkg::wb_configuration::#wb_configuration_cg#' is not constructed.
#    Time: 0 ps  Iteration: 0  Instance: .top
# ** Error (suppressible): (vsim-12030) Covergroup Builtin function call 'sample' is ignored as the covergroup object of type '.i2cmb_env_pkg::env_configuration::#env_configuration_cg#' is not constructed.
#    Time: 0 ps  Iteration: 0  Instance: .top
# NCSU_INFO:Time                    0:ncsu_component::build():  of test1.env called
# 
# NCSU_INFO:Time                    0:ncsu_component::build():  of test1.env.wb_agent called
# 
# NCSU_INFO:Time                    0:ncsu_component::build():  of test1.env.wb_agent.driver called
# 
# NCSU_INFO:Time                    0:ncsu_component::build():  of test1.env.wb_agent.monitor called
# 
# NCSU_INFO:Time                    0:ncsu_component::build():  of test1.env.wb_agent.wb_coverage called
# 
# NCSU_INFO:Time                    0:ncsu_component::build():  of test1.env.i2c_agent called
# 
# NCSU_INFO:Time                    0:ncsu_component::build():  of test1.env.i2c_agent.driver called
# 
# NCSU_INFO:Time                    0:ncsu_component::build():  of test1.env.i2c_agent.monitor called
# 
# NCSU_INFO:Time                    0:ncsu_component::build():  of test1.env.i2c_agent.i2c_coverage called
# 
# NCSU_INFO:Time                    0:ncsu_component::build():  of test1.env.predictor called
# 
# NCSU_INFO:Time                    0:ncsu_component::build():  of test1.env.scoreboard called
# 
# NCSU_INFO:Time                    0:connected subscriber: test1.env.predictor. Predictor to WB Agent
# 
# NCSU_INFO:Time                    0:connected subscriber: test1.env.scoreboard. Scoreboard to Predictor
# 
# NCSU_INFO:Time                    0:connected subscriber: test1.env.coverage. Coverage to WB Agent
# 
# NCSU_INFO:Time                    0:connected subscriber: test1.env.scoreboard. Scoreboard to I2C Agent
# 
# NCSU_INFO:Time                    0:generator::new(): ID: test1.gen
# 
# NCSU_INFO:Time                    0:ncsu_component::build():  of test1 called
# 
################### TEST 1 ##########################
# 
# Write 32 incrementing values: 0 to 31; to the I2C bus
# 
#####################################################
# 
# NCSU_INFO:Time                11300:START: wb_driver::run():  of test1.env.wb_agent.driver is called.
# 
# name: wb_trans transaction_count: 0 obj name:wb_trans,
#  op type:0,
#  wb_register/slave_addr:00000002,
#  bus_no:0,
#  Data:0
#  
# NCSU_INFO:Time                11300:i2c_driver::bl_put():  of test1.env.i2c_agent.driver called
# 
# command unsuccessful. CMDR Val: 10000110 | time: 41000 
# 
# 
# ------------------- start condition received by I2C -----------------------
# 
# command unsuccessful. CMDR Val: 10000100 | time: 999000 
# 
# 
# command unsuccessful. CMDR Val: 10000001 | time: 19057000 
# 
# 
# command unsuccessful. CMDR Val: 10000001 | time: 37115000 
# 
# 
# NCSU_INFO:Time             37115000:i2c_monitor::run():  of test1.env.i2c_agent.monitor called.
#  Slave address:0x22;
#  RW:0;
#  Data:0 0 0 0 0 0 0 0 0 0 0 0 0 0 0 0 0 0 0 0 0 0 0 0 0 0 0 0 0 0 0 0 0 0 0 0 0 0 0 0 0 0 0 0 0 0 0 0 0 0 0 0 0 0 0 0 0 0 0 0 0 0 0 0
# 
# NCSU_INFO:Time             37115000:ncsu_component::nb_put():  of test1.env.scoreboard called
# 
# NCSU_INFO:Time             37117000:wb_monitor::run():  of test1.env.wb_agent.monitor called.
#  wb_register/slave_Addr: 0x2,
#  OP: 0,
#  data: 129
# 
# NCSU_INFO:Time             37117000:ncsu_component::nb_transport():  of test1.env.scoreboard called
# 
# NCSU_INFO:Time             37117000:ncsu_component::nb_put():  of test1.env.predictor called
# 
# command unsuccessful. CMDR Val: 10000001 | time: 55173000 
# 
# 
# NCSU_INFO:Time             55173000:i2c_monitor::run():  of test1.env.i2c_agent.monitor called.
#  Slave address:0x22;
#  RW:0;
#  Data:0 1 0 0 0 0 0 0 0 0 0 0 0 0 0 0 0 0 0 0 0 0 0 0 0 0 0 0 0 0 0 0 0 0 0 0 0 0 0 0 0 0 0 0 0 0 0 0 0 0 0 0 0 0 0 0 0 0 0 0 0 0 0 0
# 
# NCSU_INFO:Time             55173000:ncsu_component::nb_put():  of test1.env.scoreboard called
# 
# NCSU_INFO:Time             55175000:wb_monitor::run():  of test1.env.wb_agent.monitor called.
#  wb_register/slave_Addr: 0x2,
#  OP: 0,
#  data: 129
# 
# NCSU_INFO:Time             55175000:ncsu_component::nb_transport():  of test1.env.scoreboard called
# 
# NCSU_INFO:Time             55175000:ncsu_component::nb_put():  of test1.env.predictor called
# 
# command unsuccessful. CMDR Val: 10000001 | time: 73231000 
# 
# 
# NCSU_INFO:Time             73231000:i2c_monitor::run():  of test1.env.i2c_agent.monitor called.
#  Slave address:0x22;
#  RW:0;
#  Data:0 1 2 0 0 0 0 0 0 0 0 0 0 0 0 0 0 0 0 0 0 0 0 0 0 0 0 0 0 0 0 0 0 0 0 0 0 0 0 0 0 0 0 0 0 0 0 0 0 0 0 0 0 0 0 0 0 0 0 0 0 0 0 0
# 
# NCSU_INFO:Time             73231000:ncsu_component::nb_put():  of test1.env.scoreboard called
# 
# NCSU_INFO:Time             73233000:wb_monitor::run():  of test1.env.wb_agent.monitor called.
#  wb_register/slave_Addr: 0x2,
#  OP: 0,
#  data: 129
# 
# NCSU_INFO:Time             73233000:ncsu_component::nb_transport():  of test1.env.scoreboard called
# 
# NCSU_INFO:Time             73233000:ncsu_component::nb_put():  of test1.env.predictor called
# 
# command unsuccessful. CMDR Val: 10000001 | time: 91289000 
# 
# 
# NCSU_INFO:Time             91289000:i2c_monitor::run():  of test1.env.i2c_agent.monitor called.
#  Slave address:0x22;
#  RW:0;
#  Data:0 1 2 3 0 0 0 0 0 0 0 0 0 0 0 0 0 0 0 0 0 0 0 0 0 0 0 0 0 0 0 0 0 0 0 0 0 0 0 0 0 0 0 0 0 0 0 0 0 0 0 0 0 0 0 0 0 0 0 0 0 0 0 0
# 
# NCSU_INFO:Time             91289000:ncsu_component::nb_put():  of test1.env.scoreboard called
# 
# NCSU_INFO:Time             91291000:wb_monitor::run():  of test1.env.wb_agent.monitor called.
#  wb_register/slave_Addr: 0x2,
#  OP: 0,
#  data: 129
# 
# NCSU_INFO:Time             91291000:ncsu_component::nb_transport():  of test1.env.scoreboard called
# 
# NCSU_INFO:Time             91291000:ncsu_component::nb_put():  of test1.env.predictor called
# 
# command unsuccessful. CMDR Val: 10000001 | time: 109347000 
# 
# 
# NCSU_INFO:Time            109347000:i2c_monitor::run():  of test1.env.i2c_agent.monitor called.
#  Slave address:0x22;
#  RW:0;
#  Data:0 1 2 3 4 0 0 0 0 0 0 0 0 0 0 0 0 0 0 0 0 0 0 0 0 0 0 0 0 0 0 0 0 0 0 0 0 0 0 0 0 0 0 0 0 0 0 0 0 0 0 0 0 0 0 0 0 0 0 0 0 0 0 0
# 
# NCSU_INFO:Time            109347000:ncsu_component::nb_put():  of test1.env.scoreboard called
# 
# NCSU_INFO:Time            109349000:wb_monitor::run():  of test1.env.wb_agent.monitor called.
#  wb_register/slave_Addr: 0x2,
#  OP: 0,
#  data: 129
# 
# NCSU_INFO:Time            109349000:ncsu_component::nb_transport():  of test1.env.scoreboard called
# 
# NCSU_INFO:Time            109349000:ncsu_component::nb_put():  of test1.env.predictor called
# 
# command unsuccessful. CMDR Val: 10000001 | time: 127405000 
# 
# 
# NCSU_INFO:Time            127405000:i2c_monitor::run():  of test1.env.i2c_agent.monitor called.
#  Slave address:0x22;
#  RW:0;
#  Data:0 1 2 3 4 5 0 0 0 0 0 0 0 0 0 0 0 0 0 0 0 0 0 0 0 0 0 0 0 0 0 0 0 0 0 0 0 0 0 0 0 0 0 0 0 0 0 0 0 0 0 0 0 0 0 0 0 0 0 0 0 0 0 0
# 
# NCSU_INFO:Time            127405000:ncsu_component::nb_put():  of test1.env.scoreboard called
# 
# NCSU_INFO:Time            127407000:wb_monitor::run():  of test1.env.wb_agent.monitor called.
#  wb_register/slave_Addr: 0x2,
#  OP: 0,
#  data: 129
# 
# NCSU_INFO:Time            127407000:ncsu_component::nb_transport():  of test1.env.scoreboard called
# 
# NCSU_INFO:Time            127407000:ncsu_component::nb_put():  of test1.env.predictor called
# 
# command unsuccessful. CMDR Val: 10000001 | time: 145463000 
# 
# 
# NCSU_INFO:Time            145463000:i2c_monitor::run():  of test1.env.i2c_agent.monitor called.
#  Slave address:0x22;
#  RW:0;
#  Data:0 1 2 3 4 5 6 0 0 0 0 0 0 0 0 0 0 0 0 0 0 0 0 0 0 0 0 0 0 0 0 0 0 0 0 0 0 0 0 0 0 0 0 0 0 0 0 0 0 0 0 0 0 0 0 0 0 0 0 0 0 0 0 0
# 
# NCSU_INFO:Time            145463000:ncsu_component::nb_put():  of test1.env.scoreboard called
# 
# NCSU_INFO:Time            145465000:wb_monitor::run():  of test1.env.wb_agent.monitor called.
#  wb_register/slave_Addr: 0x2,
#  OP: 0,
#  data: 129
# 
# NCSU_INFO:Time            145465000:ncsu_component::nb_transport():  of test1.env.scoreboard called
# 
# NCSU_INFO:Time            145465000:ncsu_component::nb_put():  of test1.env.predictor called
# 
# command unsuccessful. CMDR Val: 10000001 | time: 163521000 
# 
# 
# NCSU_INFO:Time            163521000:i2c_monitor::run():  of test1.env.i2c_agent.monitor called.
#  Slave address:0x22;
#  RW:0;
#  Data:0 1 2 3 4 5 6 7 0 0 0 0 0 0 0 0 0 0 0 0 0 0 0 0 0 0 0 0 0 0 0 0 0 0 0 0 0 0 0 0 0 0 0 0 0 0 0 0 0 0 0 0 0 0 0 0 0 0 0 0 0 0 0 0
# 
# NCSU_INFO:Time            163521000:ncsu_component::nb_put():  of test1.env.scoreboard called
# 
# NCSU_INFO:Time            163523000:wb_monitor::run():  of test1.env.wb_agent.monitor called.
#  wb_register/slave_Addr: 0x2,
#  OP: 0,
#  data: 129
# 
# NCSU_INFO:Time            163523000:ncsu_component::nb_transport():  of test1.env.scoreboard called
# 
# NCSU_INFO:Time            163523000:ncsu_component::nb_put():  of test1.env.predictor called
# 
# command unsuccessful. CMDR Val: 10000001 | time: 181579000 
# 
# 
# NCSU_INFO:Time            181579000:i2c_monitor::run():  of test1.env.i2c_agent.monitor called.
#  Slave address:0x22;
#  RW:0;
#  Data:0 1 2 3 4 5 6 7 8 0 0 0 0 0 0 0 0 0 0 0 0 0 0 0 0 0 0 0 0 0 0 0 0 0 0 0 0 0 0 0 0 0 0 0 0 0 0 0 0 0 0 0 0 0 0 0 0 0 0 0 0 0 0 0
# 
# NCSU_INFO:Time            181579000:ncsu_component::nb_put():  of test1.env.scoreboard called
# 
# NCSU_INFO:Time            181581000:wb_monitor::run():  of test1.env.wb_agent.monitor called.
#  wb_register/slave_Addr: 0x2,
#  OP: 0,
#  data: 129
# 
# NCSU_INFO:Time            181581000:ncsu_component::nb_transport():  of test1.env.scoreboard called
# 
# NCSU_INFO:Time            181581000:ncsu_component::nb_put():  of test1.env.predictor called
# 
# command unsuccessful. CMDR Val: 10000001 | time: 199637000 
# 
# 
# NCSU_INFO:Time            199637000:i2c_monitor::run():  of test1.env.i2c_agent.monitor called.
#  Slave address:0x22;
#  RW:0;
#  Data:0 1 2 3 4 5 6 7 8 9 0 0 0 0 0 0 0 0 0 0 0 0 0 0 0 0 0 0 0 0 0 0 0 0 0 0 0 0 0 0 0 0 0 0 0 0 0 0 0 0 0 0 0 0 0 0 0 0 0 0 0 0 0 0
# 
# NCSU_INFO:Time            199637000:ncsu_component::nb_put():  of test1.env.scoreboard called
# 
# NCSU_INFO:Time            199639000:wb_monitor::run():  of test1.env.wb_agent.monitor called.
#  wb_register/slave_Addr: 0x2,
#  OP: 0,
#  data: 129
# 
# NCSU_INFO:Time            199639000:ncsu_component::nb_transport():  of test1.env.scoreboard called
# 
# NCSU_INFO:Time            199639000:ncsu_component::nb_put():  of test1.env.predictor called
# 
# command unsuccessful. CMDR Val: 10000001 | time: 217695000 
# 
# 
# NCSU_INFO:Time            217695000:i2c_monitor::run():  of test1.env.i2c_agent.monitor called.
#  Slave address:0x22;
#  RW:0;
#  Data:0 1 2 3 4 5 6 7 8 9 10 0 0 0 0 0 0 0 0 0 0 0 0 0 0 0 0 0 0 0 0 0 0 0 0 0 0 0 0 0 0 0 0 0 0 0 0 0 0 0 0 0 0 0 0 0 0 0 0 0 0 0 0 0
# 
# NCSU_INFO:Time            217695000:ncsu_component::nb_put():  of test1.env.scoreboard called
# 
# NCSU_INFO:Time            217697000:wb_monitor::run():  of test1.env.wb_agent.monitor called.
#  wb_register/slave_Addr: 0x2,
#  OP: 0,
#  data: 129
# 
# NCSU_INFO:Time            217697000:ncsu_component::nb_transport():  of test1.env.scoreboard called
# 
# NCSU_INFO:Time            217697000:ncsu_component::nb_put():  of test1.env.predictor called
# 
# command unsuccessful. CMDR Val: 10000001 | time: 235753000 
# 
# 
# NCSU_INFO:Time            235753000:i2c_monitor::run():  of test1.env.i2c_agent.monitor called.
#  Slave address:0x22;
#  RW:0;
#  Data:0 1 2 3 4 5 6 7 8 9 10 11 0 0 0 0 0 0 0 0 0 0 0 0 0 0 0 0 0 0 0 0 0 0 0 0 0 0 0 0 0 0 0 0 0 0 0 0 0 0 0 0 0 0 0 0 0 0 0 0 0 0 0 0
# 
# NCSU_INFO:Time            235753000:ncsu_component::nb_put():  of test1.env.scoreboard called
# 
# NCSU_INFO:Time            235755000:wb_monitor::run():  of test1.env.wb_agent.monitor called.
#  wb_register/slave_Addr: 0x2,
#  OP: 0,
#  data: 129
# 
# NCSU_INFO:Time            235755000:ncsu_component::nb_transport():  of test1.env.scoreboard called
# 
# NCSU_INFO:Time            235755000:ncsu_component::nb_put():  of test1.env.predictor called
# 
# command unsuccessful. CMDR Val: 10000001 | time: 253811000 
# 
# 
# NCSU_INFO:Time            253811000:i2c_monitor::run():  of test1.env.i2c_agent.monitor called.
#  Slave address:0x22;
#  RW:0;
#  Data:0 1 2 3 4 5 6 7 8 9 10 11 12 0 0 0 0 0 0 0 0 0 0 0 0 0 0 0 0 0 0 0 0 0 0 0 0 0 0 0 0 0 0 0 0 0 0 0 0 0 0 0 0 0 0 0 0 0 0 0 0 0 0 0
# 
# NCSU_INFO:Time            253811000:ncsu_component::nb_put():  of test1.env.scoreboard called
# 
# NCSU_INFO:Time            253813000:wb_monitor::run():  of test1.env.wb_agent.monitor called.
#  wb_register/slave_Addr: 0x2,
#  OP: 0,
#  data: 129
# 
# NCSU_INFO:Time            253813000:ncsu_component::nb_transport():  of test1.env.scoreboard called
# 
# NCSU_INFO:Time            253813000:ncsu_component::nb_put():  of test1.env.predictor called
# 
# command unsuccessful. CMDR Val: 10000001 | time: 271869000 
# 
# 
# NCSU_INFO:Time            271869000:i2c_monitor::run():  of test1.env.i2c_agent.monitor called.
#  Slave address:0x22;
#  RW:0;
#  Data:0 1 2 3 4 5 6 7 8 9 10 11 12 13 0 0 0 0 0 0 0 0 0 0 0 0 0 0 0 0 0 0 0 0 0 0 0 0 0 0 0 0 0 0 0 0 0 0 0 0 0 0 0 0 0 0 0 0 0 0 0 0 0 0
# 
# NCSU_INFO:Time            271869000:ncsu_component::nb_put():  of test1.env.scoreboard called
# 
# NCSU_INFO:Time            271871000:wb_monitor::run():  of test1.env.wb_agent.monitor called.
#  wb_register/slave_Addr: 0x2,
#  OP: 0,
#  data: 129
# 
# NCSU_INFO:Time            271871000:ncsu_component::nb_transport():  of test1.env.scoreboard called
# 
# NCSU_INFO:Time            271871000:ncsu_component::nb_put():  of test1.env.predictor called
# 
# command unsuccessful. CMDR Val: 10000001 | time: 289927000 
# 
# 
# NCSU_INFO:Time            289927000:i2c_monitor::run():  of test1.env.i2c_agent.monitor called.
#  Slave address:0x22;
#  RW:0;
#  Data:0 1 2 3 4 5 6 7 8 9 10 11 12 13 14 0 0 0 0 0 0 0 0 0 0 0 0 0 0 0 0 0 0 0 0 0 0 0 0 0 0 0 0 0 0 0 0 0 0 0 0 0 0 0 0 0 0 0 0 0 0 0 0 0
# 
# NCSU_INFO:Time            289927000:ncsu_component::nb_put():  of test1.env.scoreboard called
# 
# NCSU_INFO:Time            289929000:wb_monitor::run():  of test1.env.wb_agent.monitor called.
#  wb_register/slave_Addr: 0x2,
#  OP: 0,
#  data: 129
# 
# NCSU_INFO:Time            289929000:ncsu_component::nb_transport():  of test1.env.scoreboard called
# 
# NCSU_INFO:Time            289929000:ncsu_component::nb_put():  of test1.env.predictor called
# 
# command unsuccessful. CMDR Val: 10000001 | time: 307985000 
# 
# 
# NCSU_INFO:Time            307985000:i2c_monitor::run():  of test1.env.i2c_agent.monitor called.
#  Slave address:0x22;
#  RW:0;
#  Data:0 1 2 3 4 5 6 7 8 9 10 11 12 13 14 15 0 0 0 0 0 0 0 0 0 0 0 0 0 0 0 0 0 0 0 0 0 0 0 0 0 0 0 0 0 0 0 0 0 0 0 0 0 0 0 0 0 0 0 0 0 0 0 0
# 
# NCSU_INFO:Time            307985000:ncsu_component::nb_put():  of test1.env.scoreboard called
# 
# NCSU_INFO:Time            307987000:wb_monitor::run():  of test1.env.wb_agent.monitor called.
#  wb_register/slave_Addr: 0x2,
#  OP: 0,
#  data: 129
# 
# NCSU_INFO:Time            307987000:ncsu_component::nb_transport():  of test1.env.scoreboard called
# 
# NCSU_INFO:Time            307987000:ncsu_component::nb_put():  of test1.env.predictor called
# 
# command unsuccessful. CMDR Val: 10000001 | time: 326043000 
# 
# 
# NCSU_INFO:Time            326043000:i2c_monitor::run():  of test1.env.i2c_agent.monitor called.
#  Slave address:0x22;
#  RW:0;
#  Data:0 1 2 3 4 5 6 7 8 9 10 11 12 13 14 15 16 0 0 0 0 0 0 0 0 0 0 0 0 0 0 0 0 0 0 0 0 0 0 0 0 0 0 0 0 0 0 0 0 0 0 0 0 0 0 0 0 0 0 0 0 0 0 0
# 
# NCSU_INFO:Time            326043000:ncsu_component::nb_put():  of test1.env.scoreboard called
# 
# NCSU_INFO:Time            326045000:wb_monitor::run():  of test1.env.wb_agent.monitor called.
#  wb_register/slave_Addr: 0x2,
#  OP: 0,
#  data: 129
# 
# NCSU_INFO:Time            326045000:ncsu_component::nb_transport():  of test1.env.scoreboard called
# 
# NCSU_INFO:Time            326045000:ncsu_component::nb_put():  of test1.env.predictor called
# 
# command unsuccessful. CMDR Val: 10000001 | time: 344101000 
# 
# 
# NCSU_INFO:Time            344101000:i2c_monitor::run():  of test1.env.i2c_agent.monitor called.
#  Slave address:0x22;
#  RW:0;
#  Data:0 1 2 3 4 5 6 7 8 9 10 11 12 13 14 15 16 17 0 0 0 0 0 0 0 0 0 0 0 0 0 0 0 0 0 0 0 0 0 0 0 0 0 0 0 0 0 0 0 0 0 0 0 0 0 0 0 0 0 0 0 0 0 0
# 
# NCSU_INFO:Time            344101000:ncsu_component::nb_put():  of test1.env.scoreboard called
# 
# NCSU_INFO:Time            344103000:wb_monitor::run():  of test1.env.wb_agent.monitor called.
#  wb_register/slave_Addr: 0x2,
#  OP: 0,
#  data: 129
# 
# NCSU_INFO:Time            344103000:ncsu_component::nb_transport():  of test1.env.scoreboard called
# 
# NCSU_INFO:Time            344103000:ncsu_component::nb_put():  of test1.env.predictor called
# 
# command unsuccessful. CMDR Val: 10000001 | time: 362159000 
# 
# 
# NCSU_INFO:Time            362159000:i2c_monitor::run():  of test1.env.i2c_agent.monitor called.
#  Slave address:0x22;
#  RW:0;
#  Data:0 1 2 3 4 5 6 7 8 9 10 11 12 13 14 15 16 17 18 0 0 0 0 0 0 0 0 0 0 0 0 0 0 0 0 0 0 0 0 0 0 0 0 0 0 0 0 0 0 0 0 0 0 0 0 0 0 0 0 0 0 0 0 0
# 
# NCSU_INFO:Time            362159000:ncsu_component::nb_put():  of test1.env.scoreboard called
# 
# NCSU_INFO:Time            362161000:wb_monitor::run():  of test1.env.wb_agent.monitor called.
#  wb_register/slave_Addr: 0x2,
#  OP: 0,
#  data: 129
# 
# NCSU_INFO:Time            362161000:ncsu_component::nb_transport():  of test1.env.scoreboard called
# 
# NCSU_INFO:Time            362161000:ncsu_component::nb_put():  of test1.env.predictor called
# 
# command unsuccessful. CMDR Val: 10000001 | time: 380217000 
# 
# 
# NCSU_INFO:Time            380217000:i2c_monitor::run():  of test1.env.i2c_agent.monitor called.
#  Slave address:0x22;
#  RW:0;
#  Data:0 1 2 3 4 5 6 7 8 9 10 11 12 13 14 15 16 17 18 19 0 0 0 0 0 0 0 0 0 0 0 0 0 0 0 0 0 0 0 0 0 0 0 0 0 0 0 0 0 0 0 0 0 0 0 0 0 0 0 0 0 0 0 0
# 
# NCSU_INFO:Time            380217000:ncsu_component::nb_put():  of test1.env.scoreboard called
# 
# NCSU_INFO:Time            380219000:wb_monitor::run():  of test1.env.wb_agent.monitor called.
#  wb_register/slave_Addr: 0x2,
#  OP: 0,
#  data: 129
# 
# NCSU_INFO:Time            380219000:ncsu_component::nb_transport():  of test1.env.scoreboard called
# 
# NCSU_INFO:Time            380219000:ncsu_component::nb_put():  of test1.env.predictor called
# 
# command unsuccessful. CMDR Val: 10000001 | time: 398275000 
# 
# 
# NCSU_INFO:Time            398275000:i2c_monitor::run():  of test1.env.i2c_agent.monitor called.
#  Slave address:0x22;
#  RW:0;
#  Data:0 1 2 3 4 5 6 7 8 9 10 11 12 13 14 15 16 17 18 19 20 0 0 0 0 0 0 0 0 0 0 0 0 0 0 0 0 0 0 0 0 0 0 0 0 0 0 0 0 0 0 0 0 0 0 0 0 0 0 0 0 0 0 0
# 
# NCSU_INFO:Time            398275000:ncsu_component::nb_put():  of test1.env.scoreboard called
# 
# NCSU_INFO:Time            398277000:wb_monitor::run():  of test1.env.wb_agent.monitor called.
#  wb_register/slave_Addr: 0x2,
#  OP: 0,
#  data: 129
# 
# NCSU_INFO:Time            398277000:ncsu_component::nb_transport():  of test1.env.scoreboard called
# 
# NCSU_INFO:Time            398277000:ncsu_component::nb_put():  of test1.env.predictor called
# 
# command unsuccessful. CMDR Val: 10000001 | time: 416333000 
# 
# 
# NCSU_INFO:Time            416333000:i2c_monitor::run():  of test1.env.i2c_agent.monitor called.
#  Slave address:0x22;
#  RW:0;
#  Data:0 1 2 3 4 5 6 7 8 9 10 11 12 13 14 15 16 17 18 19 20 21 0 0 0 0 0 0 0 0 0 0 0 0 0 0 0 0 0 0 0 0 0 0 0 0 0 0 0 0 0 0 0 0 0 0 0 0 0 0 0 0 0 0
# 
# NCSU_INFO:Time            416333000:ncsu_component::nb_put():  of test1.env.scoreboard called
# 
# NCSU_INFO:Time            416335000:wb_monitor::run():  of test1.env.wb_agent.monitor called.
#  wb_register/slave_Addr: 0x2,
#  OP: 0,
#  data: 129
# 
# NCSU_INFO:Time            416335000:ncsu_component::nb_transport():  of test1.env.scoreboard called
# 
# NCSU_INFO:Time            416335000:ncsu_component::nb_put():  of test1.env.predictor called
# 
# command unsuccessful. CMDR Val: 10000001 | time: 434391000 
# 
# 
# NCSU_INFO:Time            434391000:i2c_monitor::run():  of test1.env.i2c_agent.monitor called.
#  Slave address:0x22;
#  RW:0;
#  Data:0 1 2 3 4 5 6 7 8 9 10 11 12 13 14 15 16 17 18 19 20 21 22 0 0 0 0 0 0 0 0 0 0 0 0 0 0 0 0 0 0 0 0 0 0 0 0 0 0 0 0 0 0 0 0 0 0 0 0 0 0 0 0 0
# 
# NCSU_INFO:Time            434391000:ncsu_component::nb_put():  of test1.env.scoreboard called
# 
# NCSU_INFO:Time            434393000:wb_monitor::run():  of test1.env.wb_agent.monitor called.
#  wb_register/slave_Addr: 0x2,
#  OP: 0,
#  data: 129
# 
# NCSU_INFO:Time            434393000:ncsu_component::nb_transport():  of test1.env.scoreboard called
# 
# NCSU_INFO:Time            434393000:ncsu_component::nb_put():  of test1.env.predictor called
# 
# command unsuccessful. CMDR Val: 10000001 | time: 452449000 
# 
# 
# NCSU_INFO:Time            452449000:i2c_monitor::run():  of test1.env.i2c_agent.monitor called.
#  Slave address:0x22;
#  RW:0;
#  Data:0 1 2 3 4 5 6 7 8 9 10 11 12 13 14 15 16 17 18 19 20 21 22 23 0 0 0 0 0 0 0 0 0 0 0 0 0 0 0 0 0 0 0 0 0 0 0 0 0 0 0 0 0 0 0 0 0 0 0 0 0 0 0 0
# 
# NCSU_INFO:Time            452449000:ncsu_component::nb_put():  of test1.env.scoreboard called
# 
# NCSU_INFO:Time            452451000:wb_monitor::run():  of test1.env.wb_agent.monitor called.
#  wb_register/slave_Addr: 0x2,
#  OP: 0,
#  data: 129
# 
# NCSU_INFO:Time            452451000:ncsu_component::nb_transport():  of test1.env.scoreboard called
# 
# NCSU_INFO:Time            452451000:ncsu_component::nb_put():  of test1.env.predictor called
# 
# command unsuccessful. CMDR Val: 10000001 | time: 470507000 
# 
# 
# NCSU_INFO:Time            470507000:i2c_monitor::run():  of test1.env.i2c_agent.monitor called.
#  Slave address:0x22;
#  RW:0;
#  Data:0 1 2 3 4 5 6 7 8 9 10 11 12 13 14 15 16 17 18 19 20 21 22 23 24 0 0 0 0 0 0 0 0 0 0 0 0 0 0 0 0 0 0 0 0 0 0 0 0 0 0 0 0 0 0 0 0 0 0 0 0 0 0 0
# 
# NCSU_INFO:Time            470507000:ncsu_component::nb_put():  of test1.env.scoreboard called
# 
# NCSU_INFO:Time            470509000:wb_monitor::run():  of test1.env.wb_agent.monitor called.
#  wb_register/slave_Addr: 0x2,
#  OP: 0,
#  data: 129
# 
# NCSU_INFO:Time            470509000:ncsu_component::nb_transport():  of test1.env.scoreboard called
# 
# NCSU_INFO:Time            470509000:ncsu_component::nb_put():  of test1.env.predictor called
# 
# command unsuccessful. CMDR Val: 10000001 | time: 488565000 
# 
# 
# NCSU_INFO:Time            488565000:i2c_monitor::run():  of test1.env.i2c_agent.monitor called.
#  Slave address:0x22;
#  RW:0;
#  Data:0 1 2 3 4 5 6 7 8 9 10 11 12 13 14 15 16 17 18 19 20 21 22 23 24 25 0 0 0 0 0 0 0 0 0 0 0 0 0 0 0 0 0 0 0 0 0 0 0 0 0 0 0 0 0 0 0 0 0 0 0 0 0 0
# 
# NCSU_INFO:Time            488565000:ncsu_component::nb_put():  of test1.env.scoreboard called
# 
# NCSU_INFO:Time            488567000:wb_monitor::run():  of test1.env.wb_agent.monitor called.
#  wb_register/slave_Addr: 0x2,
#  OP: 0,
#  data: 129
# 
# NCSU_INFO:Time            488567000:ncsu_component::nb_transport():  of test1.env.scoreboard called
# 
# NCSU_INFO:Time            488567000:ncsu_component::nb_put():  of test1.env.predictor called
# 
# command unsuccessful. CMDR Val: 10000001 | time: 506623000 
# 
# 
# NCSU_INFO:Time            506623000:i2c_monitor::run():  of test1.env.i2c_agent.monitor called.
#  Slave address:0x22;
#  RW:0;
#  Data:0 1 2 3 4 5 6 7 8 9 10 11 12 13 14 15 16 17 18 19 20 21 22 23 24 25 26 0 0 0 0 0 0 0 0 0 0 0 0 0 0 0 0 0 0 0 0 0 0 0 0 0 0 0 0 0 0 0 0 0 0 0 0 0
# 
# NCSU_INFO:Time            506623000:ncsu_component::nb_put():  of test1.env.scoreboard called
# 
# NCSU_INFO:Time            506625000:wb_monitor::run():  of test1.env.wb_agent.monitor called.
#  wb_register/slave_Addr: 0x2,
#  OP: 0,
#  data: 129
# 
# NCSU_INFO:Time            506625000:ncsu_component::nb_transport():  of test1.env.scoreboard called
# 
# NCSU_INFO:Time            506625000:ncsu_component::nb_put():  of test1.env.predictor called
# 
# command unsuccessful. CMDR Val: 10000001 | time: 524681000 
# 
# 
# NCSU_INFO:Time            524681000:i2c_monitor::run():  of test1.env.i2c_agent.monitor called.
#  Slave address:0x22;
#  RW:0;
#  Data:0 1 2 3 4 5 6 7 8 9 10 11 12 13 14 15 16 17 18 19 20 21 22 23 24 25 26 27 0 0 0 0 0 0 0 0 0 0 0 0 0 0 0 0 0 0 0 0 0 0 0 0 0 0 0 0 0 0 0 0 0 0 0 0
# 
# NCSU_INFO:Time            524681000:ncsu_component::nb_put():  of test1.env.scoreboard called
# 
# NCSU_INFO:Time            524683000:wb_monitor::run():  of test1.env.wb_agent.monitor called.
#  wb_register/slave_Addr: 0x2,
#  OP: 0,
#  data: 129
# 
# NCSU_INFO:Time            524683000:ncsu_component::nb_transport():  of test1.env.scoreboard called
# 
# NCSU_INFO:Time            524683000:ncsu_component::nb_put():  of test1.env.predictor called
# 
# command unsuccessful. CMDR Val: 10000001 | time: 542739000 
# 
# 
# NCSU_INFO:Time            542739000:i2c_monitor::run():  of test1.env.i2c_agent.monitor called.
#  Slave address:0x22;
#  RW:0;
#  Data:0 1 2 3 4 5 6 7 8 9 10 11 12 13 14 15 16 17 18 19 20 21 22 23 24 25 26 27 28 0 0 0 0 0 0 0 0 0 0 0 0 0 0 0 0 0 0 0 0 0 0 0 0 0 0 0 0 0 0 0 0 0 0 0
# 
# NCSU_INFO:Time            542739000:ncsu_component::nb_put():  of test1.env.scoreboard called
# 
# NCSU_INFO:Time            542741000:wb_monitor::run():  of test1.env.wb_agent.monitor called.
#  wb_register/slave_Addr: 0x2,
#  OP: 0,
#  data: 129
# 
# NCSU_INFO:Time            542741000:ncsu_component::nb_transport():  of test1.env.scoreboard called
# 
# NCSU_INFO:Time            542741000:ncsu_component::nb_put():  of test1.env.predictor called
# 
# command unsuccessful. CMDR Val: 10000001 | time: 560797000 
# 
# 
# NCSU_INFO:Time            560797000:i2c_monitor::run():  of test1.env.i2c_agent.monitor called.
#  Slave address:0x22;
#  RW:0;
#  Data:0 1 2 3 4 5 6 7 8 9 10 11 12 13 14 15 16 17 18 19 20 21 22 23 24 25 26 27 28 29 0 0 0 0 0 0 0 0 0 0 0 0 0 0 0 0 0 0 0 0 0 0 0 0 0 0 0 0 0 0 0 0 0 0
# 
# NCSU_INFO:Time            560797000:ncsu_component::nb_put():  of test1.env.scoreboard called
# 
# NCSU_INFO:Time            560799000:wb_monitor::run():  of test1.env.wb_agent.monitor called.
#  wb_register/slave_Addr: 0x2,
#  OP: 0,
#  data: 129
# 
# NCSU_INFO:Time            560799000:ncsu_component::nb_transport():  of test1.env.scoreboard called
# 
# NCSU_INFO:Time            560799000:ncsu_component::nb_put():  of test1.env.predictor called
# 
# command unsuccessful. CMDR Val: 10000001 | time: 578855000 
# 
# 
# NCSU_INFO:Time            578855000:i2c_monitor::run():  of test1.env.i2c_agent.monitor called.
#  Slave address:0x22;
#  RW:0;
#  Data:0 1 2 3 4 5 6 7 8 9 10 11 12 13 14 15 16 17 18 19 20 21 22 23 24 25 26 27 28 29 30 0 0 0 0 0 0 0 0 0 0 0 0 0 0 0 0 0 0 0 0 0 0 0 0 0 0 0 0 0 0 0 0 0
# 
# NCSU_INFO:Time            578855000:ncsu_component::nb_put():  of test1.env.scoreboard called
# 
# NCSU_INFO:Time            578857000:wb_monitor::run():  of test1.env.wb_agent.monitor called.
#  wb_register/slave_Addr: 0x2,
#  OP: 0,
#  data: 129
# 
# NCSU_INFO:Time            578857000:ncsu_component::nb_transport():  of test1.env.scoreboard called
# 
# NCSU_INFO:Time            578857000:ncsu_component::nb_put():  of test1.env.predictor called
# 
# command unsuccessful. CMDR Val: 10000001 | time: 596913000 
# 
# 
# NCSU_INFO:Time            596913000:i2c_monitor::run():  of test1.env.i2c_agent.monitor called.
#  Slave address:0x22;
#  RW:0;
#  Data:0 1 2 3 4 5 6 7 8 9 10 11 12 13 14 15 16 17 18 19 20 21 22 23 24 25 26 27 28 29 30 31 0 0 0 0 0 0 0 0 0 0 0 0 0 0 0 0 0 0 0 0 0 0 0 0 0 0 0 0 0 0 0 0
# 
# NCSU_INFO:Time            596913000:ncsu_component::nb_put():  of test1.env.scoreboard called
# 
# NCSU_INFO:Time            596915000:wb_monitor::run():  of test1.env.wb_agent.monitor called.
#  wb_register/slave_Addr: 0x2,
#  OP: 0,
#  data: 129
# 
# NCSU_INFO:Time            596915000:ncsu_component::nb_transport():  of test1.env.scoreboard called
# 
# NCSU_INFO:Time            596915000:ncsu_component::nb_put():  of test1.env.predictor called
# 
# ------------------- stop condition received by I2C: Write op -----------------------
# 
# name: i2c_trans transaction_count: 1 obj name:i2c_trans,
#  op type:0,
#  slave_addr_captured:00000000,
#  bus_no:          0,
#  Data:0 1 2 3 4 5 6 7 8 9 10 11 12 13 14 15 16 17 18 19 20 21 22 23 24 25 26 27 28 29 30 31 0 0 0 0 0 0 0 0 0 0 0 0 0 0 0 0 0 0 0 0 0 0 0 0 0 0 0 0 0 0 0 0,
#  transfer_stat: 0
# 
# command unsuccessful. CMDR Val: 10000101 | time: 598611000 
# 
# 
# NCSU_INFO:Time            598611000:FINISH: wb_driver::run():  of test1.env.wb_agent.driver is called.
# 
################### TEST 1 FINISH ##########################
# 
# Write 32 incrementing values: 0 to 31; to the I2C bus
# 
############################################################
# 
# ** Warning: (vsim-3635) ../../../verification_ip/interface_packages/i2c_pkg/src/i2c_configuration.svh(14): The name of the covergroup instance declared at file '../../../verification_ip/interface_packages/i2c_pkg/src/i2c_configuration.svh' line 14 has been changed from 'i2c_agent_config' to 'i2c_agent_config#1' in order to avoid the name conflict with the existing covergroup instance declared at file '../../../verification_ip/interface_packages/i2c_pkg/src/i2c_configuration.svh' line 14.
# 
#    Time: 5986110 ns  Iteration: 1  Instance: .top
# NCSU_INFO:Time            598611000:env_config::new(): ID: name: configuration 
# 
# name: wb_agent_config 
# name: i2c_agent_config 
# ** Error (suppressible): (vsim-12030) Covergroup Builtin function call 'sample' is ignored as the covergroup object of type '.wb_pkg::wb_configuration::#wb_configuration_cg#' is not constructed.
#    Time: 5986110 ns  Iteration: 1  Instance: .top
# ** Error (suppressible): (vsim-12030) Covergroup Builtin function call 'sample' is ignored as the covergroup object of type '.i2cmb_env_pkg::env_configuration::#env_configuration_cg#' is not constructed.
#    Time: 5986110 ns  Iteration: 1  Instance: .top
# NCSU_INFO:Time            598611000:ncsu_component::build():  of test2.env called
# 
# NCSU_INFO:Time            598611000:ncsu_component::build():  of test2.env.wb_agent called
# 
# NCSU_INFO:Time            598611000:ncsu_component::build():  of test2.env.wb_agent.driver called
# 
# NCSU_INFO:Time            598611000:ncsu_component::build():  of test2.env.wb_agent.monitor called
# 
# ** Warning: (vsim-3635) ../../../verification_ip/interface_packages/wb_pkg/src/wb_coverage.svh(6): The name of the covergroup instance declared at file '../../../verification_ip/interface_packages/wb_pkg/src/wb_coverage.svh' line 6 has been changed from 'wb_coverage' to 'wb_coverage#1' in order to avoid the name conflict with the existing covergroup instance declared at file '../../../verification_ip/interface_packages/wb_pkg/src/wb_coverage.svh' line 6.
# 
#    Time: 5986110 ns  Iteration: 1  Instance: .top
# NCSU_INFO:Time            598611000:ncsu_component::build():  of test2.env.wb_agent.wb_coverage called
# 
# NCSU_INFO:Time            598611000:ncsu_component::build():  of test2.env.i2c_agent called
# 
# NCSU_INFO:Time            598611000:ncsu_component::build():  of test2.env.i2c_agent.driver called
# 
# NCSU_INFO:Time            598611000:ncsu_component::build():  of test2.env.i2c_agent.monitor called
# 
# ** Warning: (vsim-3635) ../../../verification_ip/interface_packages/i2c_pkg/src/i2c_coverage.svh(5): The name of the covergroup instance declared at file '../../../verification_ip/interface_packages/i2c_pkg/src/i2c_coverage.svh' line 5 has been changed from 'i2c_coverage' to 'i2c_coverage#1' in order to avoid the name conflict with the existing covergroup instance declared at file '../../../verification_ip/interface_packages/i2c_pkg/src/i2c_coverage.svh' line 5.
# 
#    Time: 5986110 ns  Iteration: 1  Instance: .top
# NCSU_INFO:Time            598611000:ncsu_component::build():  of test2.env.i2c_agent.i2c_coverage called
# 
# NCSU_INFO:Time            598611000:ncsu_component::build():  of test2.env.predictor called
# 
# NCSU_INFO:Time            598611000:ncsu_component::build():  of test2.env.scoreboard called
# 
# ** Warning: (vsim-3635) ../../../verification_ip/environment_packages/i2cmb_env_pkg/src/i2cmb_coverage.svh(5): The name of the covergroup instance declared at file '../../../verification_ip/environment_packages/i2cmb_env_pkg/src/i2cmb_coverage.svh' line 5 has been changed from 'coverage' to 'coverage#1' in order to avoid the name conflict with the existing covergroup instance declared at file '../../../verification_ip/environment_packages/i2cmb_env_pkg/src/i2cmb_coverage.svh' line 5.
# 
#    Time: 5986110 ns  Iteration: 1  Instance: .top
# NCSU_INFO:Time            598611000:connected subscriber: test2.env.predictor. Predictor to WB Agent
# 
# NCSU_INFO:Time            598611000:connected subscriber: test2.env.scoreboard. Scoreboard to Predictor
# 
# NCSU_INFO:Time            598611000:connected subscriber: test2.env.coverage. Coverage to WB Agent
# 
# NCSU_INFO:Time            598611000:connected subscriber: test2.env.scoreboard. Scoreboard to I2C Agent
# 
# NCSU_INFO:Time            598611000:generator::new(): ID: test2.gen
# 
# NCSU_INFO:Time            598611000:ncsu_component::build():  of test2 called
# 
################### TEST 2 ##########################
# 
# Read 32 values from I2C Bus
# 
#####################################################
# 
# NCSU_INFO:Time            598611000:START: wb_driver::run():  of test2.env.wb_agent.driver is called.
# 
# name: wb_trans transaction_count: 66 obj name:wb_trans,
#  op type:1,
#  wb_register/slave_addr:00000002,
#  bus_no:0,
#  Data:0
#  
# NCSU_INFO:Time            598611000:i2c_driver::bl_put():  of test2.env.i2c_agent.driver called
# 
# command unsuccessful. CMDR Val: 10000110 | time: 598641000 
# 
# 
# ------------------- start condition received by I2C -----------------------
# 
# command unsuccessful. CMDR Val: 10000100 | time: 600529000 
# 
# 
# command unsuccessful. CMDR Val: 10000001 | time: 618587000 
# 
# 
# command unsuccessful. CMDR Val: 10000010 | time: 636637000 
# 
# 
# NCSU_INFO:Time            636643000:i2c_monitor::run():  of test2.env.i2c_agent.monitor called.
#  Slave address:0x22;
#  RW:1;
#  Data:100 0 0 0 0 0 0 0 0 0 0 0 0 0 0 0 0 0 0 0 0 0 0 0 0 0 0 0 0 0 0 0
# 
# NCSU_INFO:Time            636643000:ncsu_component::nb_put():  of test2.env.scoreboard called
# 
# NCSU_INFO:Time            636645000:wb_monitor::run():  of test2.env.wb_agent.monitor called.
#  wb_register/slave_Addr: 0x1,
#  OP: 0,
#  data: 100
# 
# NCSU_INFO:Time            636645000:ncsu_component::nb_transport():  of test2.env.scoreboard called
# 
# NCSU_INFO:Time            636645000:ncsu_component::nb_put():  of test2.env.predictor called
# 
# command unsuccessful. CMDR Val: 10000010 | time: 654693000 
# 
# 
# NCSU_INFO:Time            654699000:i2c_monitor::run():  of test2.env.i2c_agent.monitor called.
#  Slave address:0x22;
#  RW:1;
#  Data:100 101 0 0 0 0 0 0 0 0 0 0 0 0 0 0 0 0 0 0 0 0 0 0 0 0 0 0 0 0 0 0
# 
# NCSU_INFO:Time            654699000:ncsu_component::nb_put():  of test2.env.scoreboard called
# 
# NCSU_INFO:Time            654701000:wb_monitor::run():  of test2.env.wb_agent.monitor called.
#  wb_register/slave_Addr: 0x1,
#  OP: 0,
#  data: 101
# 
# NCSU_INFO:Time            654701000:ncsu_component::nb_transport():  of test2.env.scoreboard called
# 
# NCSU_INFO:Time            654701000:ncsu_component::nb_put():  of test2.env.predictor called
# 
# command unsuccessful. CMDR Val: 10000010 | time: 672749000 
# 
# 
# NCSU_INFO:Time            672755000:i2c_monitor::run():  of test2.env.i2c_agent.monitor called.
#  Slave address:0x22;
#  RW:1;
#  Data:100 101 102 0 0 0 0 0 0 0 0 0 0 0 0 0 0 0 0 0 0 0 0 0 0 0 0 0 0 0 0 0
# 
# NCSU_INFO:Time            672755000:ncsu_component::nb_put():  of test2.env.scoreboard called
# 
# NCSU_INFO:Time            672757000:wb_monitor::run():  of test2.env.wb_agent.monitor called.
#  wb_register/slave_Addr: 0x1,
#  OP: 0,
#  data: 102
# 
# NCSU_INFO:Time            672757000:ncsu_component::nb_transport():  of test2.env.scoreboard called
# 
# NCSU_INFO:Time            672757000:ncsu_component::nb_put():  of test2.env.predictor called
# 
# command unsuccessful. CMDR Val: 10000010 | time: 690805000 
# 
# 
# NCSU_INFO:Time            690811000:i2c_monitor::run():  of test2.env.i2c_agent.monitor called.
#  Slave address:0x22;
#  RW:1;
#  Data:100 101 102 103 0 0 0 0 0 0 0 0 0 0 0 0 0 0 0 0 0 0 0 0 0 0 0 0 0 0 0 0
# 
# NCSU_INFO:Time            690811000:ncsu_component::nb_put():  of test2.env.scoreboard called
# 
# NCSU_INFO:Time            690813000:wb_monitor::run():  of test2.env.wb_agent.monitor called.
#  wb_register/slave_Addr: 0x1,
#  OP: 0,
#  data: 103
# 
# NCSU_INFO:Time            690813000:ncsu_component::nb_transport():  of test2.env.scoreboard called
# 
# NCSU_INFO:Time            690813000:ncsu_component::nb_put():  of test2.env.predictor called
# 
# command unsuccessful. CMDR Val: 10000010 | time: 708861000 
# 
# 
# NCSU_INFO:Time            708867000:i2c_monitor::run():  of test2.env.i2c_agent.monitor called.
#  Slave address:0x22;
#  RW:1;
#  Data:100 101 102 103 104 0 0 0 0 0 0 0 0 0 0 0 0 0 0 0 0 0 0 0 0 0 0 0 0 0 0 0
# 
# NCSU_INFO:Time            708867000:ncsu_component::nb_put():  of test2.env.scoreboard called
# 
# NCSU_INFO:Time            708869000:wb_monitor::run():  of test2.env.wb_agent.monitor called.
#  wb_register/slave_Addr: 0x1,
#  OP: 0,
#  data: 104
# 
# NCSU_INFO:Time            708869000:ncsu_component::nb_transport():  of test2.env.scoreboard called
# 
# NCSU_INFO:Time            708869000:ncsu_component::nb_put():  of test2.env.predictor called
# 
# command unsuccessful. CMDR Val: 10000010 | time: 726917000 
# 
# 
# NCSU_INFO:Time            726923000:i2c_monitor::run():  of test2.env.i2c_agent.monitor called.
#  Slave address:0x22;
#  RW:1;
#  Data:100 101 102 103 104 105 0 0 0 0 0 0 0 0 0 0 0 0 0 0 0 0 0 0 0 0 0 0 0 0 0 0
# 
# NCSU_INFO:Time            726923000:ncsu_component::nb_put():  of test2.env.scoreboard called
# 
# NCSU_INFO:Time            726925000:wb_monitor::run():  of test2.env.wb_agent.monitor called.
#  wb_register/slave_Addr: 0x1,
#  OP: 0,
#  data: 105
# 
# NCSU_INFO:Time            726925000:ncsu_component::nb_transport():  of test2.env.scoreboard called
# 
# NCSU_INFO:Time            726925000:ncsu_component::nb_put():  of test2.env.predictor called
# 
# command unsuccessful. CMDR Val: 10000010 | time: 744973000 
# 
# 
# NCSU_INFO:Time            744979000:i2c_monitor::run():  of test2.env.i2c_agent.monitor called.
#  Slave address:0x22;
#  RW:1;
#  Data:100 101 102 103 104 105 106 0 0 0 0 0 0 0 0 0 0 0 0 0 0 0 0 0 0 0 0 0 0 0 0 0
# 
# NCSU_INFO:Time            744979000:ncsu_component::nb_put():  of test2.env.scoreboard called
# 
# NCSU_INFO:Time            744981000:wb_monitor::run():  of test2.env.wb_agent.monitor called.
#  wb_register/slave_Addr: 0x1,
#  OP: 0,
#  data: 106
# 
# NCSU_INFO:Time            744981000:ncsu_component::nb_transport():  of test2.env.scoreboard called
# 
# NCSU_INFO:Time            744981000:ncsu_component::nb_put():  of test2.env.predictor called
# 
# command unsuccessful. CMDR Val: 10000010 | time: 763029000 
# 
# 
# NCSU_INFO:Time            763035000:i2c_monitor::run():  of test2.env.i2c_agent.monitor called.
#  Slave address:0x22;
#  RW:1;
#  Data:100 101 102 103 104 105 106 107 0 0 0 0 0 0 0 0 0 0 0 0 0 0 0 0 0 0 0 0 0 0 0 0
# 
# NCSU_INFO:Time            763035000:ncsu_component::nb_put():  of test2.env.scoreboard called
# 
# NCSU_INFO:Time            763037000:wb_monitor::run():  of test2.env.wb_agent.monitor called.
#  wb_register/slave_Addr: 0x1,
#  OP: 0,
#  data: 107
# 
# NCSU_INFO:Time            763037000:ncsu_component::nb_transport():  of test2.env.scoreboard called
# 
# NCSU_INFO:Time            763037000:ncsu_component::nb_put():  of test2.env.predictor called
# 
# command unsuccessful. CMDR Val: 10000010 | time: 781085000 
# 
# 
# NCSU_INFO:Time            781091000:i2c_monitor::run():  of test2.env.i2c_agent.monitor called.
#  Slave address:0x22;
#  RW:1;
#  Data:100 101 102 103 104 105 106 107 108 0 0 0 0 0 0 0 0 0 0 0 0 0 0 0 0 0 0 0 0 0 0 0
# 
# NCSU_INFO:Time            781091000:ncsu_component::nb_put():  of test2.env.scoreboard called
# 
# NCSU_INFO:Time            781093000:wb_monitor::run():  of test2.env.wb_agent.monitor called.
#  wb_register/slave_Addr: 0x1,
#  OP: 0,
#  data: 108
# 
# NCSU_INFO:Time            781093000:ncsu_component::nb_transport():  of test2.env.scoreboard called
# 
# NCSU_INFO:Time            781093000:ncsu_component::nb_put():  of test2.env.predictor called
# 
# command unsuccessful. CMDR Val: 10000010 | time: 799141000 
# 
# 
# NCSU_INFO:Time            799147000:i2c_monitor::run():  of test2.env.i2c_agent.monitor called.
#  Slave address:0x22;
#  RW:1;
#  Data:100 101 102 103 104 105 106 107 108 109 0 0 0 0 0 0 0 0 0 0 0 0 0 0 0 0 0 0 0 0 0 0
# 
# NCSU_INFO:Time            799147000:ncsu_component::nb_put():  of test2.env.scoreboard called
# 
# NCSU_INFO:Time            799149000:wb_monitor::run():  of test2.env.wb_agent.monitor called.
#  wb_register/slave_Addr: 0x1,
#  OP: 0,
#  data: 109
# 
# NCSU_INFO:Time            799149000:ncsu_component::nb_transport():  of test2.env.scoreboard called
# 
# NCSU_INFO:Time            799149000:ncsu_component::nb_put():  of test2.env.predictor called
# 
# command unsuccessful. CMDR Val: 10000010 | time: 817197000 
# 
# 
# NCSU_INFO:Time            817203000:i2c_monitor::run():  of test2.env.i2c_agent.monitor called.
#  Slave address:0x22;
#  RW:1;
#  Data:100 101 102 103 104 105 106 107 108 109 110 0 0 0 0 0 0 0 0 0 0 0 0 0 0 0 0 0 0 0 0 0
# 
# NCSU_INFO:Time            817203000:ncsu_component::nb_put():  of test2.env.scoreboard called
# 
# NCSU_INFO:Time            817205000:wb_monitor::run():  of test2.env.wb_agent.monitor called.
#  wb_register/slave_Addr: 0x1,
#  OP: 0,
#  data: 110
# 
# NCSU_INFO:Time            817205000:ncsu_component::nb_transport():  of test2.env.scoreboard called
# 
# NCSU_INFO:Time            817205000:ncsu_component::nb_put():  of test2.env.predictor called
# 
# command unsuccessful. CMDR Val: 10000010 | time: 835253000 
# 
# 
# NCSU_INFO:Time            835259000:i2c_monitor::run():  of test2.env.i2c_agent.monitor called.
#  Slave address:0x22;
#  RW:1;
#  Data:100 101 102 103 104 105 106 107 108 109 110 111 0 0 0 0 0 0 0 0 0 0 0 0 0 0 0 0 0 0 0 0
# 
# NCSU_INFO:Time            835259000:ncsu_component::nb_put():  of test2.env.scoreboard called
# 
# NCSU_INFO:Time            835261000:wb_monitor::run():  of test2.env.wb_agent.monitor called.
#  wb_register/slave_Addr: 0x1,
#  OP: 0,
#  data: 111
# 
# NCSU_INFO:Time            835261000:ncsu_component::nb_transport():  of test2.env.scoreboard called
# 
# NCSU_INFO:Time            835261000:ncsu_component::nb_put():  of test2.env.predictor called
# 
# command unsuccessful. CMDR Val: 10000010 | time: 853309000 
# 
# 
# NCSU_INFO:Time            853315000:i2c_monitor::run():  of test2.env.i2c_agent.monitor called.
#  Slave address:0x22;
#  RW:1;
#  Data:100 101 102 103 104 105 106 107 108 109 110 111 112 0 0 0 0 0 0 0 0 0 0 0 0 0 0 0 0 0 0 0
# 
# NCSU_INFO:Time            853315000:ncsu_component::nb_put():  of test2.env.scoreboard called
# 
# NCSU_INFO:Time            853317000:wb_monitor::run():  of test2.env.wb_agent.monitor called.
#  wb_register/slave_Addr: 0x1,
#  OP: 0,
#  data: 112
# 
# NCSU_INFO:Time            853317000:ncsu_component::nb_transport():  of test2.env.scoreboard called
# 
# NCSU_INFO:Time            853317000:ncsu_component::nb_put():  of test2.env.predictor called
# 
# command unsuccessful. CMDR Val: 10000010 | time: 871365000 
# 
# 
# NCSU_INFO:Time            871371000:i2c_monitor::run():  of test2.env.i2c_agent.monitor called.
#  Slave address:0x22;
#  RW:1;
#  Data:100 101 102 103 104 105 106 107 108 109 110 111 112 113 0 0 0 0 0 0 0 0 0 0 0 0 0 0 0 0 0 0
# 
# NCSU_INFO:Time            871371000:ncsu_component::nb_put():  of test2.env.scoreboard called
# 
# NCSU_INFO:Time            871373000:wb_monitor::run():  of test2.env.wb_agent.monitor called.
#  wb_register/slave_Addr: 0x1,
#  OP: 0,
#  data: 113
# 
# NCSU_INFO:Time            871373000:ncsu_component::nb_transport():  of test2.env.scoreboard called
# 
# NCSU_INFO:Time            871373000:ncsu_component::nb_put():  of test2.env.predictor called
# 
# command unsuccessful. CMDR Val: 10000010 | time: 889421000 
# 
# 
# NCSU_INFO:Time            889427000:i2c_monitor::run():  of test2.env.i2c_agent.monitor called.
#  Slave address:0x22;
#  RW:1;
#  Data:100 101 102 103 104 105 106 107 108 109 110 111 112 113 114 0 0 0 0 0 0 0 0 0 0 0 0 0 0 0 0 0
# 
# NCSU_INFO:Time            889427000:ncsu_component::nb_put():  of test2.env.scoreboard called
# 
# NCSU_INFO:Time            889429000:wb_monitor::run():  of test2.env.wb_agent.monitor called.
#  wb_register/slave_Addr: 0x1,
#  OP: 0,
#  data: 114
# 
# NCSU_INFO:Time            889429000:ncsu_component::nb_transport():  of test2.env.scoreboard called
# 
# NCSU_INFO:Time            889429000:ncsu_component::nb_put():  of test2.env.predictor called
# 
# command unsuccessful. CMDR Val: 10000010 | time: 907477000 
# 
# 
# NCSU_INFO:Time            907483000:i2c_monitor::run():  of test2.env.i2c_agent.monitor called.
#  Slave address:0x22;
#  RW:1;
#  Data:100 101 102 103 104 105 106 107 108 109 110 111 112 113 114 115 0 0 0 0 0 0 0 0 0 0 0 0 0 0 0 0
# 
# NCSU_INFO:Time            907483000:ncsu_component::nb_put():  of test2.env.scoreboard called
# 
# NCSU_INFO:Time            907485000:wb_monitor::run():  of test2.env.wb_agent.monitor called.
#  wb_register/slave_Addr: 0x1,
#  OP: 0,
#  data: 115
# 
# NCSU_INFO:Time            907485000:ncsu_component::nb_transport():  of test2.env.scoreboard called
# 
# NCSU_INFO:Time            907485000:ncsu_component::nb_put():  of test2.env.predictor called
# 
# command unsuccessful. CMDR Val: 10000010 | time: 925533000 
# 
# 
# NCSU_INFO:Time            925539000:i2c_monitor::run():  of test2.env.i2c_agent.monitor called.
#  Slave address:0x22;
#  RW:1;
#  Data:100 101 102 103 104 105 106 107 108 109 110 111 112 113 114 115 116 0 0 0 0 0 0 0 0 0 0 0 0 0 0 0
# 
# NCSU_INFO:Time            925539000:ncsu_component::nb_put():  of test2.env.scoreboard called
# 
# NCSU_INFO:Time            925541000:wb_monitor::run():  of test2.env.wb_agent.monitor called.
#  wb_register/slave_Addr: 0x1,
#  OP: 0,
#  data: 116
# 
# NCSU_INFO:Time            925541000:ncsu_component::nb_transport():  of test2.env.scoreboard called
# 
# NCSU_INFO:Time            925541000:ncsu_component::nb_put():  of test2.env.predictor called
# 
# command unsuccessful. CMDR Val: 10000010 | time: 943589000 
# 
# 
# NCSU_INFO:Time            943595000:i2c_monitor::run():  of test2.env.i2c_agent.monitor called.
#  Slave address:0x22;
#  RW:1;
#  Data:100 101 102 103 104 105 106 107 108 109 110 111 112 113 114 115 116 117 0 0 0 0 0 0 0 0 0 0 0 0 0 0
# 
# NCSU_INFO:Time            943595000:ncsu_component::nb_put():  of test2.env.scoreboard called
# 
# NCSU_INFO:Time            943597000:wb_monitor::run():  of test2.env.wb_agent.monitor called.
#  wb_register/slave_Addr: 0x1,
#  OP: 0,
#  data: 117
# 
# NCSU_INFO:Time            943597000:ncsu_component::nb_transport():  of test2.env.scoreboard called
# 
# NCSU_INFO:Time            943597000:ncsu_component::nb_put():  of test2.env.predictor called
# 
# command unsuccessful. CMDR Val: 10000010 | time: 961645000 
# 
# 
# NCSU_INFO:Time            961651000:i2c_monitor::run():  of test2.env.i2c_agent.monitor called.
#  Slave address:0x22;
#  RW:1;
#  Data:100 101 102 103 104 105 106 107 108 109 110 111 112 113 114 115 116 117 118 0 0 0 0 0 0 0 0 0 0 0 0 0
# 
# NCSU_INFO:Time            961651000:ncsu_component::nb_put():  of test2.env.scoreboard called
# 
# NCSU_INFO:Time            961653000:wb_monitor::run():  of test2.env.wb_agent.monitor called.
#  wb_register/slave_Addr: 0x1,
#  OP: 0,
#  data: 118
# 
# NCSU_INFO:Time            961653000:ncsu_component::nb_transport():  of test2.env.scoreboard called
# 
# NCSU_INFO:Time            961653000:ncsu_component::nb_put():  of test2.env.predictor called
# 
# command unsuccessful. CMDR Val: 10000010 | time: 979701000 
# 
# 
# NCSU_INFO:Time            979707000:i2c_monitor::run():  of test2.env.i2c_agent.monitor called.
#  Slave address:0x22;
#  RW:1;
#  Data:100 101 102 103 104 105 106 107 108 109 110 111 112 113 114 115 116 117 118 119 0 0 0 0 0 0 0 0 0 0 0 0
# 
# NCSU_INFO:Time            979707000:ncsu_component::nb_put():  of test2.env.scoreboard called
# 
# NCSU_INFO:Time            979709000:wb_monitor::run():  of test2.env.wb_agent.monitor called.
#  wb_register/slave_Addr: 0x1,
#  OP: 0,
#  data: 119
# 
# NCSU_INFO:Time            979709000:ncsu_component::nb_transport():  of test2.env.scoreboard called
# 
# NCSU_INFO:Time            979709000:ncsu_component::nb_put():  of test2.env.predictor called
# 
# command unsuccessful. CMDR Val: 10000010 | time: 997757000 
# 
# 
# NCSU_INFO:Time            997763000:i2c_monitor::run():  of test2.env.i2c_agent.monitor called.
#  Slave address:0x22;
#  RW:1;
#  Data:100 101 102 103 104 105 106 107 108 109 110 111 112 113 114 115 116 117 118 119 120 0 0 0 0 0 0 0 0 0 0 0
# 
# NCSU_INFO:Time            997763000:ncsu_component::nb_put():  of test2.env.scoreboard called
# 
# NCSU_INFO:Time            997765000:wb_monitor::run():  of test2.env.wb_agent.monitor called.
#  wb_register/slave_Addr: 0x1,
#  OP: 0,
#  data: 120
# 
# NCSU_INFO:Time            997765000:ncsu_component::nb_transport():  of test2.env.scoreboard called
# 
# NCSU_INFO:Time            997765000:ncsu_component::nb_put():  of test2.env.predictor called
# 
# command unsuccessful. CMDR Val: 10000010 | time: 1015813000 
# 
# 
# NCSU_INFO:Time           1015819000:i2c_monitor::run():  of test2.env.i2c_agent.monitor called.
#  Slave address:0x22;
#  RW:1;
#  Data:100 101 102 103 104 105 106 107 108 109 110 111 112 113 114 115 116 117 118 119 120 121 0 0 0 0 0 0 0 0 0 0
# 
# NCSU_INFO:Time           1015819000:ncsu_component::nb_put():  of test2.env.scoreboard called
# 
# NCSU_INFO:Time           1015821000:wb_monitor::run():  of test2.env.wb_agent.monitor called.
#  wb_register/slave_Addr: 0x1,
#  OP: 0,
#  data: 121
# 
# NCSU_INFO:Time           1015821000:ncsu_component::nb_transport():  of test2.env.scoreboard called
# 
# NCSU_INFO:Time           1015821000:ncsu_component::nb_put():  of test2.env.predictor called
# 
# command unsuccessful. CMDR Val: 10000010 | time: 1033869000 
# 
# 
# NCSU_INFO:Time           1033875000:i2c_monitor::run():  of test2.env.i2c_agent.monitor called.
#  Slave address:0x22;
#  RW:1;
#  Data:100 101 102 103 104 105 106 107 108 109 110 111 112 113 114 115 116 117 118 119 120 121 122 0 0 0 0 0 0 0 0 0
# 
# NCSU_INFO:Time           1033875000:ncsu_component::nb_put():  of test2.env.scoreboard called
# 
# NCSU_INFO:Time           1033877000:wb_monitor::run():  of test2.env.wb_agent.monitor called.
#  wb_register/slave_Addr: 0x1,
#  OP: 0,
#  data: 122
# 
# NCSU_INFO:Time           1033877000:ncsu_component::nb_transport():  of test2.env.scoreboard called
# 
# NCSU_INFO:Time           1033877000:ncsu_component::nb_put():  of test2.env.predictor called
# 
# command unsuccessful. CMDR Val: 10000010 | time: 1051925000 
# 
# 
# NCSU_INFO:Time           1051931000:i2c_monitor::run():  of test2.env.i2c_agent.monitor called.
#  Slave address:0x22;
#  RW:1;
#  Data:100 101 102 103 104 105 106 107 108 109 110 111 112 113 114 115 116 117 118 119 120 121 122 123 0 0 0 0 0 0 0 0
# 
# NCSU_INFO:Time           1051931000:ncsu_component::nb_put():  of test2.env.scoreboard called
# 
# NCSU_INFO:Time           1051933000:wb_monitor::run():  of test2.env.wb_agent.monitor called.
#  wb_register/slave_Addr: 0x1,
#  OP: 0,
#  data: 123
# 
# NCSU_INFO:Time           1051933000:ncsu_component::nb_transport():  of test2.env.scoreboard called
# 
# NCSU_INFO:Time           1051933000:ncsu_component::nb_put():  of test2.env.predictor called
# 
# command unsuccessful. CMDR Val: 10000010 | time: 1069981000 
# 
# 
# NCSU_INFO:Time           1069987000:i2c_monitor::run():  of test2.env.i2c_agent.monitor called.
#  Slave address:0x22;
#  RW:1;
#  Data:100 101 102 103 104 105 106 107 108 109 110 111 112 113 114 115 116 117 118 119 120 121 122 123 124 0 0 0 0 0 0 0
# 
# NCSU_INFO:Time           1069987000:ncsu_component::nb_put():  of test2.env.scoreboard called
# 
# NCSU_INFO:Time           1069989000:wb_monitor::run():  of test2.env.wb_agent.monitor called.
#  wb_register/slave_Addr: 0x1,
#  OP: 0,
#  data: 124
# 
# NCSU_INFO:Time           1069989000:ncsu_component::nb_transport():  of test2.env.scoreboard called
# 
# NCSU_INFO:Time           1069989000:ncsu_component::nb_put():  of test2.env.predictor called
# 
# command unsuccessful. CMDR Val: 10000010 | time: 1088037000 
# 
# 
# NCSU_INFO:Time           1088043000:i2c_monitor::run():  of test2.env.i2c_agent.monitor called.
#  Slave address:0x22;
#  RW:1;
#  Data:100 101 102 103 104 105 106 107 108 109 110 111 112 113 114 115 116 117 118 119 120 121 122 123 124 125 0 0 0 0 0 0
# 
# NCSU_INFO:Time           1088043000:ncsu_component::nb_put():  of test2.env.scoreboard called
# 
# NCSU_INFO:Time           1088045000:wb_monitor::run():  of test2.env.wb_agent.monitor called.
#  wb_register/slave_Addr: 0x1,
#  OP: 0,
#  data: 125
# 
# NCSU_INFO:Time           1088045000:ncsu_component::nb_transport():  of test2.env.scoreboard called
# 
# NCSU_INFO:Time           1088045000:ncsu_component::nb_put():  of test2.env.predictor called
# 
# command unsuccessful. CMDR Val: 10000010 | time: 1106093000 
# 
# 
# NCSU_INFO:Time           1106099000:i2c_monitor::run():  of test2.env.i2c_agent.monitor called.
#  Slave address:0x22;
#  RW:1;
#  Data:100 101 102 103 104 105 106 107 108 109 110 111 112 113 114 115 116 117 118 119 120 121 122 123 124 125 126 0 0 0 0 0
# 
# NCSU_INFO:Time           1106099000:ncsu_component::nb_put():  of test2.env.scoreboard called
# 
# NCSU_INFO:Time           1106101000:wb_monitor::run():  of test2.env.wb_agent.monitor called.
#  wb_register/slave_Addr: 0x1,
#  OP: 0,
#  data: 126
# 
# NCSU_INFO:Time           1106101000:ncsu_component::nb_transport():  of test2.env.scoreboard called
# 
# NCSU_INFO:Time           1106101000:ncsu_component::nb_put():  of test2.env.predictor called
# 
# command unsuccessful. CMDR Val: 10000010 | time: 1124149000 
# 
# 
# NCSU_INFO:Time           1124155000:i2c_monitor::run():  of test2.env.i2c_agent.monitor called.
#  Slave address:0x22;
#  RW:1;
#  Data:100 101 102 103 104 105 106 107 108 109 110 111 112 113 114 115 116 117 118 119 120 121 122 123 124 125 126 127 0 0 0 0
# 
# NCSU_INFO:Time           1124155000:ncsu_component::nb_put():  of test2.env.scoreboard called
# 
# NCSU_INFO:Time           1124157000:wb_monitor::run():  of test2.env.wb_agent.monitor called.
#  wb_register/slave_Addr: 0x1,
#  OP: 0,
#  data: 127
# 
# NCSU_INFO:Time           1124157000:ncsu_component::nb_transport():  of test2.env.scoreboard called
# 
# NCSU_INFO:Time           1124157000:ncsu_component::nb_put():  of test2.env.predictor called
# 
# command unsuccessful. CMDR Val: 10000010 | time: 1142205000 
# 
# 
# NCSU_INFO:Time           1142211000:i2c_monitor::run():  of test2.env.i2c_agent.monitor called.
#  Slave address:0x22;
#  RW:1;
#  Data:100 101 102 103 104 105 106 107 108 109 110 111 112 113 114 115 116 117 118 119 120 121 122 123 124 125 126 127 -128 0 0 0
# 
# NCSU_INFO:Time           1142211000:ncsu_component::nb_put():  of test2.env.scoreboard called
# 
# NCSU_INFO:Time           1142213000:wb_monitor::run():  of test2.env.wb_agent.monitor called.
#  wb_register/slave_Addr: 0x1,
#  OP: 0,
#  data: 128
# 
# NCSU_INFO:Time           1142213000:ncsu_component::nb_transport():  of test2.env.scoreboard called
# 
# NCSU_INFO:Time           1142213000:ncsu_component::nb_put():  of test2.env.predictor called
# 
# command unsuccessful. CMDR Val: 10000010 | time: 1160261000 
# 
# 
# NCSU_INFO:Time           1160267000:i2c_monitor::run():  of test2.env.i2c_agent.monitor called.
#  Slave address:0x22;
#  RW:1;
#  Data:100 101 102 103 104 105 106 107 108 109 110 111 112 113 114 115 116 117 118 119 120 121 122 123 124 125 126 127 -128 -127 0 0
# 
# NCSU_INFO:Time           1160267000:ncsu_component::nb_put():  of test2.env.scoreboard called
# 
# NCSU_INFO:Time           1160269000:wb_monitor::run():  of test2.env.wb_agent.monitor called.
#  wb_register/slave_Addr: 0x1,
#  OP: 0,
#  data: 129
# 
# NCSU_INFO:Time           1160269000:ncsu_component::nb_transport():  of test2.env.scoreboard called
# 
# NCSU_INFO:Time           1160269000:ncsu_component::nb_put():  of test2.env.predictor called
# 
# command unsuccessful. CMDR Val: 10000010 | time: 1178317000 
# 
# 
# NCSU_INFO:Time           1178323000:i2c_monitor::run():  of test2.env.i2c_agent.monitor called.
#  Slave address:0x22;
#  RW:1;
#  Data:100 101 102 103 104 105 106 107 108 109 110 111 112 113 114 115 116 117 118 119 120 121 122 123 124 125 126 127 -128 -127 -126 0
# 
# NCSU_INFO:Time           1178323000:ncsu_component::nb_put():  of test2.env.scoreboard called
# 
# NCSU_INFO:Time           1178325000:wb_monitor::run():  of test2.env.wb_agent.monitor called.
#  wb_register/slave_Addr: 0x1,
#  OP: 0,
#  data: 130
# 
# NCSU_INFO:Time           1178325000:ncsu_component::nb_transport():  of test2.env.scoreboard called
# 
# NCSU_INFO:Time           1178325000:ncsu_component::nb_put():  of test2.env.predictor called
# 
# command unsuccessful. CMDR Val: 10000011 | time: 1196373000 
# 
# 
# NCSU_INFO:Time           1196379000:i2c_monitor::run():  of test2.env.i2c_agent.monitor called.
#  Slave address:0x22;
#  RW:1;
#  Data:100 101 102 103 104 105 106 107 108 109 110 111 112 113 114 115 116 117 118 119 120 121 122 123 124 125 126 127 -128 -127 -126 -125
# 
# NCSU_INFO:Time           1196379000:ncsu_component::nb_put():  of test2.env.scoreboard called
# 
# NCSU_INFO:Time           1196381000:wb_monitor::run():  of test2.env.wb_agent.monitor called.
#  wb_register/slave_Addr: 0x1,
#  OP: 0,
#  data: 131
# 
# NCSU_INFO:Time           1196381000:ncsu_component::nb_transport():  of test2.env.scoreboard called
# 
# NCSU_INFO:Time           1196381000:ncsu_component::nb_put():  of test2.env.predictor called
# 
# ------------------- stop condition received by I2C: Read op -----------------------
# 
# name: i2c_trans transaction_count: 67 obj name:i2c_trans,
#  op type:1,
#  slave_addr_captured:00000000,
#  bus_no:          0,
#  Data:100 101 102 103 104 105 106 107 108 109 110 111 112 113 114 115 116 117 118 119 120 121 122 123 124 125 126 127 -128 -127 -126 -125,
#  transfer_stat: 1
# 
# command unsuccessful. CMDR Val: 10000101 | time: 1198077000 
# 
# 
# NCSU_INFO:Time           1198077000:FINISH: wb_driver::run():  of test2.env.wb_agent.driver is called.
# 
################### TEST 2 FINISH ##########################
# 
# Read 32 values from I2C Bus
# 
############################################################
# 
# ** Warning: (vsim-3635) ../../../verification_ip/interface_packages/i2c_pkg/src/i2c_configuration.svh(14): The name of the covergroup instance declared at file '../../../verification_ip/interface_packages/i2c_pkg/src/i2c_configuration.svh' line 14 has been changed from 'i2c_agent_config' to 'i2c_agent_config#2' in order to avoid the name conflict with the existing covergroup instance declared at file '../../../verification_ip/interface_packages/i2c_pkg/src/i2c_configuration.svh' line 14.
# 
#    Time: 11980770 ns  Iteration: 1  Instance: .top
# NCSU_INFO:Time           1198077000:env_config::new(): ID: name: configuration 
# 
# name: wb_agent_config 
# name: i2c_agent_config 
# ** Error (suppressible): (vsim-12030) Covergroup Builtin function call 'sample' is ignored as the covergroup object of type '.wb_pkg::wb_configuration::#wb_configuration_cg#' is not constructed.
#    Time: 11980770 ns  Iteration: 1  Instance: .top
# ** Error (suppressible): (vsim-12030) Covergroup Builtin function call 'sample' is ignored as the covergroup object of type '.i2cmb_env_pkg::env_configuration::#env_configuration_cg#' is not constructed.
#    Time: 11980770 ns  Iteration: 1  Instance: .top
# NCSU_INFO:Time           1198077000:ncsu_component::build():  of test3.env called
# 
# NCSU_INFO:Time           1198077000:ncsu_component::build():  of test3.env.wb_agent called
# 
# NCSU_INFO:Time           1198077000:ncsu_component::build():  of test3.env.wb_agent.driver called
# 
# NCSU_INFO:Time           1198077000:ncsu_component::build():  of test3.env.wb_agent.monitor called
# 
# ** Warning: (vsim-3635) ../../../verification_ip/interface_packages/wb_pkg/src/wb_coverage.svh(6): The name of the covergroup instance declared at file '../../../verification_ip/interface_packages/wb_pkg/src/wb_coverage.svh' line 6 has been changed from 'wb_coverage' to 'wb_coverage#2' in order to avoid the name conflict with the existing covergroup instance declared at file '../../../verification_ip/interface_packages/wb_pkg/src/wb_coverage.svh' line 6.
# 
#    Time: 11980770 ns  Iteration: 1  Instance: .top
# NCSU_INFO:Time           1198077000:ncsu_component::build():  of test3.env.wb_agent.wb_coverage called
# 
# NCSU_INFO:Time           1198077000:ncsu_component::build():  of test3.env.i2c_agent called
# 
# NCSU_INFO:Time           1198077000:ncsu_component::build():  of test3.env.i2c_agent.driver called
# 
# NCSU_INFO:Time           1198077000:ncsu_component::build():  of test3.env.i2c_agent.monitor called
# 
# ** Warning: (vsim-3635) ../../../verification_ip/interface_packages/i2c_pkg/src/i2c_coverage.svh(5): The name of the covergroup instance declared at file '../../../verification_ip/interface_packages/i2c_pkg/src/i2c_coverage.svh' line 5 has been changed from 'i2c_coverage' to 'i2c_coverage#2' in order to avoid the name conflict with the existing covergroup instance declared at file '../../../verification_ip/interface_packages/i2c_pkg/src/i2c_coverage.svh' line 5.
# 
#    Time: 11980770 ns  Iteration: 1  Instance: .top
# NCSU_INFO:Time           1198077000:ncsu_component::build():  of test3.env.i2c_agent.i2c_coverage called
# 
# NCSU_INFO:Time           1198077000:ncsu_component::build():  of test3.env.predictor called
# 
# NCSU_INFO:Time           1198077000:ncsu_component::build():  of test3.env.scoreboard called
# 
# ** Warning: (vsim-3635) ../../../verification_ip/environment_packages/i2cmb_env_pkg/src/i2cmb_coverage.svh(5): The name of the covergroup instance declared at file '../../../verification_ip/environment_packages/i2cmb_env_pkg/src/i2cmb_coverage.svh' line 5 has been changed from 'coverage' to 'coverage#2' in order to avoid the name conflict with the existing covergroup instance declared at file '../../../verification_ip/environment_packages/i2cmb_env_pkg/src/i2cmb_coverage.svh' line 5.
# 
#    Time: 11980770 ns  Iteration: 1  Instance: .top
# NCSU_INFO:Time           1198077000:connected subscriber: test3.env.predictor. Predictor to WB Agent
# 
# NCSU_INFO:Time           1198077000:connected subscriber: test3.env.scoreboard. Scoreboard to Predictor
# 
# NCSU_INFO:Time           1198077000:connected subscriber: test3.env.coverage. Coverage to WB Agent
# 
# NCSU_INFO:Time           1198077000:connected subscriber: test3.env.scoreboard. Scoreboard to I2C Agent
# 
# NCSU_INFO:Time           1198077000:generator::new(): ID: test3.gen
# 
# NCSU_INFO:Time           1198077000:ncsu_component::build():  of test3 called
# 
############################# TEST 3 ################################
# 
# Alternate READ and WRITES | Write data: 64 to 127 | read data:63 to 0
# 
#####################################################################
# 
# NCSU_INFO:Time           1198077000:START: wb_driver::run():  of test3.env.wb_agent.driver is called.
# 
# name: wb_trans transaction_count: 132 obj name:wb_trans,
#  op type:0,
#  wb_register/slave_addr:00000002,
#  bus_no:0,
#  Data:0
#  
# NCSU_INFO:Time           1198077000:i2c_driver::bl_put():  of test3.env.i2c_agent.driver called
# 
# ------------------- start condition received by I2C -----------------------
# 
# command unsuccessful. CMDR Val: 10000110 | time: 1198107000 
# 
# 
# command unsuccessful. CMDR Val: 10000100 | time: 1199995000 
# 
# 
# command unsuccessful. CMDR Val: 10000001 | time: 1218053000 
# 
# 
# command unsuccessful. CMDR Val: 10000001 | time: 1236111000 
# 
# 
# NCSU_INFO:Time           1236111000:i2c_monitor::run():  of test3.env.i2c_agent.monitor called.
#  Slave address:0x22;
#  RW:0;
#  Data:64 0 0 0 0 0 0 0 0 0 0 0 0 0 0 0 0 0 0 0 0 0 0 0 0 0 0 0 0 0 0 0 0 0 0 0 0 0 0 0 0 0 0 0 0 0 0 0 0 0 0 0 0 0 0 0 0 0 0 0 0 0 0 0
# 
# NCSU_INFO:Time           1236111000:ncsu_component::nb_put():  of test3.env.scoreboard called
# 
# NCSU_INFO:Time           1236113000:wb_monitor::run():  of test3.env.wb_agent.monitor called.
#  wb_register/slave_Addr: 0x2,
#  OP: 0,
#  data: 129
# 
# NCSU_INFO:Time           1236113000:ncsu_component::nb_transport():  of test3.env.scoreboard called
# 
# NCSU_INFO:Time           1236113000:ncsu_component::nb_put():  of test3.env.predictor called
# 
# ------------------- stop condition received by I2C: Write op -----------------------
# 
# name: i2c_trans transaction_count: 133 obj name:i2c_trans,
#  op type:0,
#  slave_addr_captured:00000000,
#  bus_no:          0,
#  Data:64 0 0 0 0 0 0 0 0 0 0 0 0 0 0 0 0 0 0 0 0 0 0 0 0 0 0 0 0 0 0 0 0 0 0 0 0 0 0 0 0 0 0 0 0 0 0 0 0 0 0 0 0 0 0 0 0 0 0 0 0 0 0 0,
#  transfer_stat: 0
# 
# command unsuccessful. CMDR Val: 10000101 | time: 1237809000 
# 
# 
# NCSU_INFO:Time           1237809000:FINISH: wb_driver::run():  of test3.env.wb_agent.driver is called.
# 
# NCSU_INFO:Time           1237809000:START: wb_driver::run():  of test3.env.wb_agent.driver is called.
# 
# name: wb_trans transaction_count: 136 obj name:wb_trans,
#  op type:1,
#  wb_register/slave_addr:00000002,
#  bus_no:0,
#  Data:0
#  
# NCSU_INFO:Time           1237809000:i2c_driver::bl_put():  of test3.env.i2c_agent.driver called
# 
# command unsuccessful. CMDR Val: 10000110 | time: 1237839000 
# 
# 
# ------------------- start condition received by I2C -----------------------
# 
# command unsuccessful. CMDR Val: 10000100 | time: 1239727000 
# 
# 
# command unsuccessful. CMDR Val: 10000001 | time: 1257785000 
# 
# 
# command unsuccessful. CMDR Val: 10000011 | time: 1275835000 
# 
# 
# NCSU_INFO:Time           1275841000:i2c_monitor::run():  of test3.env.i2c_agent.monitor called.
#  Slave address:0x22;
#  RW:1;
#  Data:63
# 
# NCSU_INFO:Time           1275841000:ncsu_component::nb_put():  of test3.env.scoreboard called
# 
# NCSU_INFO:Time           1275843000:wb_monitor::run():  of test3.env.wb_agent.monitor called.
#  wb_register/slave_Addr: 0x1,
#  OP: 0,
#  data: 63
# 
# NCSU_INFO:Time           1275843000:ncsu_component::nb_transport():  of test3.env.scoreboard called
# 
# NCSU_INFO:Time           1275843000:ncsu_component::nb_put():  of test3.env.predictor called
# 
# ------------------- stop condition received by I2C: Read op -----------------------
# 
# name: i2c_trans transaction_count: 137 obj name:i2c_trans,
#  op type:1,
#  slave_addr_captured:00000000,
#  bus_no:          0,
#  Data:63,
#  transfer_stat: 1
# 
# command unsuccessful. CMDR Val: 10000101 | time: 1277539000 
# 
# 
# NCSU_INFO:Time           1277539000:FINISH: wb_driver::run():  of test3.env.wb_agent.driver is called.
# 
# NCSU_INFO:Time           1277539000:START: wb_driver::run():  of test3.env.wb_agent.driver is called.
# 
# name: wb_trans transaction_count: 140 obj name:wb_trans,
#  op type:0,
#  wb_register/slave_addr:00000002,
#  bus_no:0,
#  Data:0
#  
# NCSU_INFO:Time           1277539000:i2c_driver::bl_put():  of test3.env.i2c_agent.driver called
# 
# ------------------- start condition received by I2C -----------------------
# 
# command unsuccessful. CMDR Val: 10000110 | time: 1277569000 
# 
# 
# command unsuccessful. CMDR Val: 10000100 | time: 1279457000 
# 
# 
# command unsuccessful. CMDR Val: 10000001 | time: 1297515000 
# 
# 
# command unsuccessful. CMDR Val: 10000001 | time: 1315573000 
# 
# 
# NCSU_INFO:Time           1315573000:i2c_monitor::run():  of test3.env.i2c_agent.monitor called.
#  Slave address:0x22;
#  RW:0;
#  Data:65 0 0 0 0 0 0 0 0 0 0 0 0 0 0 0 0 0 0 0 0 0 0 0 0 0 0 0 0 0 0 0 0 0 0 0 0 0 0 0 0 0 0 0 0 0 0 0 0 0 0 0 0 0 0 0 0 0 0 0 0 0 0 0
# 
# NCSU_INFO:Time           1315573000:ncsu_component::nb_put():  of test3.env.scoreboard called
# 
# NCSU_INFO:Time           1315575000:wb_monitor::run():  of test3.env.wb_agent.monitor called.
#  wb_register/slave_Addr: 0x2,
#  OP: 0,
#  data: 129
# 
# NCSU_INFO:Time           1315575000:ncsu_component::nb_transport():  of test3.env.scoreboard called
# 
# NCSU_INFO:Time           1315575000:ncsu_component::nb_put():  of test3.env.predictor called
# 
# ------------------- stop condition received by I2C: Write op -----------------------
# 
# name: i2c_trans transaction_count: 141 obj name:i2c_trans,
#  op type:0,
#  slave_addr_captured:00000000,
#  bus_no:          0,
#  Data:65 0 0 0 0 0 0 0 0 0 0 0 0 0 0 0 0 0 0 0 0 0 0 0 0 0 0 0 0 0 0 0 0 0 0 0 0 0 0 0 0 0 0 0 0 0 0 0 0 0 0 0 0 0 0 0 0 0 0 0 0 0 0 0,
#  transfer_stat: 0
# 
# command unsuccessful. CMDR Val: 10000101 | time: 1317271000 
# 
# 
# NCSU_INFO:Time           1317271000:FINISH: wb_driver::run():  of test3.env.wb_agent.driver is called.
# 
# NCSU_INFO:Time           1317271000:START: wb_driver::run():  of test3.env.wb_agent.driver is called.
# 
# name: wb_trans transaction_count: 144 obj name:wb_trans,
#  op type:1,
#  wb_register/slave_addr:00000002,
#  bus_no:0,
#  Data:0
#  
# NCSU_INFO:Time           1317271000:i2c_driver::bl_put():  of test3.env.i2c_agent.driver called
# 
# command unsuccessful. CMDR Val: 10000110 | time: 1317301000 
# 
# 
# ------------------- start condition received by I2C -----------------------
# 
# command unsuccessful. CMDR Val: 10000100 | time: 1319189000 
# 
# 
# command unsuccessful. CMDR Val: 10000001 | time: 1337247000 
# 
# 
# command unsuccessful. CMDR Val: 10000011 | time: 1355297000 
# 
# 
# NCSU_INFO:Time           1355303000:i2c_monitor::run():  of test3.env.i2c_agent.monitor called.
#  Slave address:0x22;
#  RW:1;
#  Data:62
# 
# NCSU_INFO:Time           1355303000:ncsu_component::nb_put():  of test3.env.scoreboard called
# 
# NCSU_INFO:Time           1355305000:wb_monitor::run():  of test3.env.wb_agent.monitor called.
#  wb_register/slave_Addr: 0x1,
#  OP: 0,
#  data: 62
# 
# NCSU_INFO:Time           1355305000:ncsu_component::nb_transport():  of test3.env.scoreboard called
# 
# NCSU_INFO:Time           1355305000:ncsu_component::nb_put():  of test3.env.predictor called
# 
# ------------------- stop condition received by I2C: Read op -----------------------
# 
# name: i2c_trans transaction_count: 145 obj name:i2c_trans,
#  op type:1,
#  slave_addr_captured:00000000,
#  bus_no:          0,
#  Data:62,
#  transfer_stat: 1
# 
# command unsuccessful. CMDR Val: 10000101 | time: 1357001000 
# 
# 
# NCSU_INFO:Time           1357001000:FINISH: wb_driver::run():  of test3.env.wb_agent.driver is called.
# 
# NCSU_INFO:Time           1357001000:START: wb_driver::run():  of test3.env.wb_agent.driver is called.
# 
# name: wb_trans transaction_count: 148 obj name:wb_trans,
#  op type:0,
#  wb_register/slave_addr:00000002,
#  bus_no:0,
#  Data:0
#  
# NCSU_INFO:Time           1357001000:i2c_driver::bl_put():  of test3.env.i2c_agent.driver called
# 
# ------------------- start condition received by I2C -----------------------
# 
# command unsuccessful. CMDR Val: 10000110 | time: 1357031000 
# 
# 
# command unsuccessful. CMDR Val: 10000100 | time: 1358919000 
# 
# 
# command unsuccessful. CMDR Val: 10000001 | time: 1376977000 
# 
# 
# command unsuccessful. CMDR Val: 10000001 | time: 1395035000 
# 
# 
# NCSU_INFO:Time           1395035000:i2c_monitor::run():  of test3.env.i2c_agent.monitor called.
#  Slave address:0x22;
#  RW:0;
#  Data:66 0 0 0 0 0 0 0 0 0 0 0 0 0 0 0 0 0 0 0 0 0 0 0 0 0 0 0 0 0 0 0 0 0 0 0 0 0 0 0 0 0 0 0 0 0 0 0 0 0 0 0 0 0 0 0 0 0 0 0 0 0 0 0
# 
# NCSU_INFO:Time           1395035000:ncsu_component::nb_put():  of test3.env.scoreboard called
# 
# NCSU_INFO:Time           1395037000:wb_monitor::run():  of test3.env.wb_agent.monitor called.
#  wb_register/slave_Addr: 0x2,
#  OP: 0,
#  data: 129
# 
# NCSU_INFO:Time           1395037000:ncsu_component::nb_transport():  of test3.env.scoreboard called
# 
# NCSU_INFO:Time           1395037000:ncsu_component::nb_put():  of test3.env.predictor called
# 
# ------------------- stop condition received by I2C: Write op -----------------------
# 
# name: i2c_trans transaction_count: 149 obj name:i2c_trans,
#  op type:0,
#  slave_addr_captured:00000000,
#  bus_no:          0,
#  Data:66 0 0 0 0 0 0 0 0 0 0 0 0 0 0 0 0 0 0 0 0 0 0 0 0 0 0 0 0 0 0 0 0 0 0 0 0 0 0 0 0 0 0 0 0 0 0 0 0 0 0 0 0 0 0 0 0 0 0 0 0 0 0 0,
#  transfer_stat: 0
# 
# command unsuccessful. CMDR Val: 10000101 | time: 1396733000 
# 
# 
# NCSU_INFO:Time           1396733000:FINISH: wb_driver::run():  of test3.env.wb_agent.driver is called.
# 
# NCSU_INFO:Time           1396733000:START: wb_driver::run():  of test3.env.wb_agent.driver is called.
# 
# name: wb_trans transaction_count: 152 obj name:wb_trans,
#  op type:1,
#  wb_register/slave_addr:00000002,
#  bus_no:0,
#  Data:0
#  
# NCSU_INFO:Time           1396733000:i2c_driver::bl_put():  of test3.env.i2c_agent.driver called
# 
# command unsuccessful. CMDR Val: 10000110 | time: 1396763000 
# 
# 
# ------------------- start condition received by I2C -----------------------
# 
# command unsuccessful. CMDR Val: 10000100 | time: 1398651000 
# 
# 
# command unsuccessful. CMDR Val: 10000001 | time: 1416709000 
# 
# 
# command unsuccessful. CMDR Val: 10000011 | time: 1434759000 
# 
# 
# NCSU_INFO:Time           1434765000:i2c_monitor::run():  of test3.env.i2c_agent.monitor called.
#  Slave address:0x22;
#  RW:1;
#  Data:61
# 
# NCSU_INFO:Time           1434765000:ncsu_component::nb_put():  of test3.env.scoreboard called
# 
# NCSU_INFO:Time           1434767000:wb_monitor::run():  of test3.env.wb_agent.monitor called.
#  wb_register/slave_Addr: 0x1,
#  OP: 0,
#  data: 61
# 
# NCSU_INFO:Time           1434767000:ncsu_component::nb_transport():  of test3.env.scoreboard called
# 
# NCSU_INFO:Time           1434767000:ncsu_component::nb_put():  of test3.env.predictor called
# 
# ------------------- stop condition received by I2C: Read op -----------------------
# 
# name: i2c_trans transaction_count: 153 obj name:i2c_trans,
#  op type:1,
#  slave_addr_captured:00000000,
#  bus_no:          0,
#  Data:61,
#  transfer_stat: 1
# 
# command unsuccessful. CMDR Val: 10000101 | time: 1436463000 
# 
# 
# NCSU_INFO:Time           1436463000:FINISH: wb_driver::run():  of test3.env.wb_agent.driver is called.
# 
# NCSU_INFO:Time           1436463000:START: wb_driver::run():  of test3.env.wb_agent.driver is called.
# 
# name: wb_trans transaction_count: 156 obj name:wb_trans,
#  op type:0,
#  wb_register/slave_addr:00000002,
#  bus_no:0,
#  Data:0
#  
# NCSU_INFO:Time           1436463000:i2c_driver::bl_put():  of test3.env.i2c_agent.driver called
# 
# ------------------- start condition received by I2C -----------------------
# 
# command unsuccessful. CMDR Val: 10000110 | time: 1436493000 
# 
# 
# command unsuccessful. CMDR Val: 10000100 | time: 1438381000 
# 
# 
# command unsuccessful. CMDR Val: 10000001 | time: 1456439000 
# 
# 
# command unsuccessful. CMDR Val: 10000001 | time: 1474497000 
# 
# 
# NCSU_INFO:Time           1474497000:i2c_monitor::run():  of test3.env.i2c_agent.monitor called.
#  Slave address:0x22;
#  RW:0;
#  Data:67 0 0 0 0 0 0 0 0 0 0 0 0 0 0 0 0 0 0 0 0 0 0 0 0 0 0 0 0 0 0 0 0 0 0 0 0 0 0 0 0 0 0 0 0 0 0 0 0 0 0 0 0 0 0 0 0 0 0 0 0 0 0 0
# 
# NCSU_INFO:Time           1474497000:ncsu_component::nb_put():  of test3.env.scoreboard called
# 
# NCSU_INFO:Time           1474499000:wb_monitor::run():  of test3.env.wb_agent.monitor called.
#  wb_register/slave_Addr: 0x2,
#  OP: 0,
#  data: 129
# 
# NCSU_INFO:Time           1474499000:ncsu_component::nb_transport():  of test3.env.scoreboard called
# 
# NCSU_INFO:Time           1474499000:ncsu_component::nb_put():  of test3.env.predictor called
# 
# ------------------- stop condition received by I2C: Write op -----------------------
# 
# name: i2c_trans transaction_count: 157 obj name:i2c_trans,
#  op type:0,
#  slave_addr_captured:00000000,
#  bus_no:          0,
#  Data:67 0 0 0 0 0 0 0 0 0 0 0 0 0 0 0 0 0 0 0 0 0 0 0 0 0 0 0 0 0 0 0 0 0 0 0 0 0 0 0 0 0 0 0 0 0 0 0 0 0 0 0 0 0 0 0 0 0 0 0 0 0 0 0,
#  transfer_stat: 0
# 
# command unsuccessful. CMDR Val: 10000101 | time: 1476195000 
# 
# 
# NCSU_INFO:Time           1476195000:FINISH: wb_driver::run():  of test3.env.wb_agent.driver is called.
# 
# NCSU_INFO:Time           1476195000:START: wb_driver::run():  of test3.env.wb_agent.driver is called.
# 
# name: wb_trans transaction_count: 160 obj name:wb_trans,
#  op type:1,
#  wb_register/slave_addr:00000002,
#  bus_no:0,
#  Data:0
#  
# NCSU_INFO:Time           1476195000:i2c_driver::bl_put():  of test3.env.i2c_agent.driver called
# 
# command unsuccessful. CMDR Val: 10000110 | time: 1476225000 
# 
# 
# ------------------- start condition received by I2C -----------------------
# 
# command unsuccessful. CMDR Val: 10000100 | time: 1478113000 
# 
# 
# command unsuccessful. CMDR Val: 10000001 | time: 1496171000 
# 
# 
# command unsuccessful. CMDR Val: 10000011 | time: 1514221000 
# 
# 
# NCSU_INFO:Time           1514227000:i2c_monitor::run():  of test3.env.i2c_agent.monitor called.
#  Slave address:0x22;
#  RW:1;
#  Data:60
# 
# NCSU_INFO:Time           1514227000:ncsu_component::nb_put():  of test3.env.scoreboard called
# 
# NCSU_INFO:Time           1514229000:wb_monitor::run():  of test3.env.wb_agent.monitor called.
#  wb_register/slave_Addr: 0x1,
#  OP: 0,
#  data: 60
# 
# NCSU_INFO:Time           1514229000:ncsu_component::nb_transport():  of test3.env.scoreboard called
# 
# NCSU_INFO:Time           1514229000:ncsu_component::nb_put():  of test3.env.predictor called
# 
# ------------------- stop condition received by I2C: Read op -----------------------
# 
# name: i2c_trans transaction_count: 161 obj name:i2c_trans,
#  op type:1,
#  slave_addr_captured:00000000,
#  bus_no:          0,
#  Data:60,
#  transfer_stat: 1
# 
# command unsuccessful. CMDR Val: 10000101 | time: 1515925000 
# 
# 
# NCSU_INFO:Time           1515925000:FINISH: wb_driver::run():  of test3.env.wb_agent.driver is called.
# 
# NCSU_INFO:Time           1515925000:START: wb_driver::run():  of test3.env.wb_agent.driver is called.
# 
# name: wb_trans transaction_count: 164 obj name:wb_trans,
#  op type:0,
#  wb_register/slave_addr:00000002,
#  bus_no:0,
#  Data:0
#  
# NCSU_INFO:Time           1515925000:i2c_driver::bl_put():  of test3.env.i2c_agent.driver called
# 
# ------------------- start condition received by I2C -----------------------
# 
# command unsuccessful. CMDR Val: 10000110 | time: 1515955000 
# 
# 
# command unsuccessful. CMDR Val: 10000100 | time: 1517843000 
# 
# 
# command unsuccessful. CMDR Val: 10000001 | time: 1535901000 
# 
# 
# command unsuccessful. CMDR Val: 10000001 | time: 1553959000 
# 
# 
# NCSU_INFO:Time           1553959000:i2c_monitor::run():  of test3.env.i2c_agent.monitor called.
#  Slave address:0x22;
#  RW:0;
#  Data:68 0 0 0 0 0 0 0 0 0 0 0 0 0 0 0 0 0 0 0 0 0 0 0 0 0 0 0 0 0 0 0 0 0 0 0 0 0 0 0 0 0 0 0 0 0 0 0 0 0 0 0 0 0 0 0 0 0 0 0 0 0 0 0
# 
# NCSU_INFO:Time           1553959000:ncsu_component::nb_put():  of test3.env.scoreboard called
# 
# NCSU_INFO:Time           1553961000:wb_monitor::run():  of test3.env.wb_agent.monitor called.
#  wb_register/slave_Addr: 0x2,
#  OP: 0,
#  data: 129
# 
# NCSU_INFO:Time           1553961000:ncsu_component::nb_transport():  of test3.env.scoreboard called
# 
# NCSU_INFO:Time           1553961000:ncsu_component::nb_put():  of test3.env.predictor called
# 
# ------------------- stop condition received by I2C: Write op -----------------------
# 
# name: i2c_trans transaction_count: 165 obj name:i2c_trans,
#  op type:0,
#  slave_addr_captured:00000000,
#  bus_no:          0,
#  Data:68 0 0 0 0 0 0 0 0 0 0 0 0 0 0 0 0 0 0 0 0 0 0 0 0 0 0 0 0 0 0 0 0 0 0 0 0 0 0 0 0 0 0 0 0 0 0 0 0 0 0 0 0 0 0 0 0 0 0 0 0 0 0 0,
#  transfer_stat: 0
# 
# command unsuccessful. CMDR Val: 10000101 | time: 1555657000 
# 
# 
# NCSU_INFO:Time           1555657000:FINISH: wb_driver::run():  of test3.env.wb_agent.driver is called.
# 
# NCSU_INFO:Time           1555657000:START: wb_driver::run():  of test3.env.wb_agent.driver is called.
# 
# name: wb_trans transaction_count: 168 obj name:wb_trans,
#  op type:1,
#  wb_register/slave_addr:00000002,
#  bus_no:0,
#  Data:0
#  
# NCSU_INFO:Time           1555657000:i2c_driver::bl_put():  of test3.env.i2c_agent.driver called
# 
# command unsuccessful. CMDR Val: 10000110 | time: 1555687000 
# 
# 
# ------------------- start condition received by I2C -----------------------
# 
# command unsuccessful. CMDR Val: 10000100 | time: 1557575000 
# 
# 
# command unsuccessful. CMDR Val: 10000001 | time: 1575633000 
# 
# 
# command unsuccessful. CMDR Val: 10000011 | time: 1593683000 
# 
# 
# NCSU_INFO:Time           1593689000:i2c_monitor::run():  of test3.env.i2c_agent.monitor called.
#  Slave address:0x22;
#  RW:1;
#  Data:59
# 
# NCSU_INFO:Time           1593689000:ncsu_component::nb_put():  of test3.env.scoreboard called
# 
# NCSU_INFO:Time           1593691000:wb_monitor::run():  of test3.env.wb_agent.monitor called.
#  wb_register/slave_Addr: 0x1,
#  OP: 0,
#  data: 59
# 
# NCSU_INFO:Time           1593691000:ncsu_component::nb_transport():  of test3.env.scoreboard called
# 
# NCSU_INFO:Time           1593691000:ncsu_component::nb_put():  of test3.env.predictor called
# 
# ------------------- stop condition received by I2C: Read op -----------------------
# 
# name: i2c_trans transaction_count: 169 obj name:i2c_trans,
#  op type:1,
#  slave_addr_captured:00000000,
#  bus_no:          0,
#  Data:59,
#  transfer_stat: 1
# 
# command unsuccessful. CMDR Val: 10000101 | time: 1595387000 
# 
# 
# NCSU_INFO:Time           1595387000:FINISH: wb_driver::run():  of test3.env.wb_agent.driver is called.
# 
# NCSU_INFO:Time           1595387000:START: wb_driver::run():  of test3.env.wb_agent.driver is called.
# 
# name: wb_trans transaction_count: 172 obj name:wb_trans,
#  op type:0,
#  wb_register/slave_addr:00000002,
#  bus_no:0,
#  Data:0
#  
# NCSU_INFO:Time           1595387000:i2c_driver::bl_put():  of test3.env.i2c_agent.driver called
# 
# ------------------- start condition received by I2C -----------------------
# 
# command unsuccessful. CMDR Val: 10000110 | time: 1595417000 
# 
# 
# command unsuccessful. CMDR Val: 10000100 | time: 1597305000 
# 
# 
# command unsuccessful. CMDR Val: 10000001 | time: 1615363000 
# 
# 
# command unsuccessful. CMDR Val: 10000001 | time: 1633421000 
# 
# 
# NCSU_INFO:Time           1633421000:i2c_monitor::run():  of test3.env.i2c_agent.monitor called.
#  Slave address:0x22;
#  RW:0;
#  Data:69 0 0 0 0 0 0 0 0 0 0 0 0 0 0 0 0 0 0 0 0 0 0 0 0 0 0 0 0 0 0 0 0 0 0 0 0 0 0 0 0 0 0 0 0 0 0 0 0 0 0 0 0 0 0 0 0 0 0 0 0 0 0 0
# 
# NCSU_INFO:Time           1633421000:ncsu_component::nb_put():  of test3.env.scoreboard called
# 
# NCSU_INFO:Time           1633423000:wb_monitor::run():  of test3.env.wb_agent.monitor called.
#  wb_register/slave_Addr: 0x2,
#  OP: 0,
#  data: 129
# 
# NCSU_INFO:Time           1633423000:ncsu_component::nb_transport():  of test3.env.scoreboard called
# 
# NCSU_INFO:Time           1633423000:ncsu_component::nb_put():  of test3.env.predictor called
# 
# ------------------- stop condition received by I2C: Write op -----------------------
# 
# name: i2c_trans transaction_count: 173 obj name:i2c_trans,
#  op type:0,
#  slave_addr_captured:00000000,
#  bus_no:          0,
#  Data:69 0 0 0 0 0 0 0 0 0 0 0 0 0 0 0 0 0 0 0 0 0 0 0 0 0 0 0 0 0 0 0 0 0 0 0 0 0 0 0 0 0 0 0 0 0 0 0 0 0 0 0 0 0 0 0 0 0 0 0 0 0 0 0,
#  transfer_stat: 0
# 
# command unsuccessful. CMDR Val: 10000101 | time: 1635119000 
# 
# 
# NCSU_INFO:Time           1635119000:FINISH: wb_driver::run():  of test3.env.wb_agent.driver is called.
# 
# NCSU_INFO:Time           1635119000:START: wb_driver::run():  of test3.env.wb_agent.driver is called.
# 
# name: wb_trans transaction_count: 176 obj name:wb_trans,
#  op type:1,
#  wb_register/slave_addr:00000002,
#  bus_no:0,
#  Data:0
#  
# NCSU_INFO:Time           1635119000:i2c_driver::bl_put():  of test3.env.i2c_agent.driver called
# 
# command unsuccessful. CMDR Val: 10000110 | time: 1635149000 
# 
# 
# ------------------- start condition received by I2C -----------------------
# 
# command unsuccessful. CMDR Val: 10000100 | time: 1637037000 
# 
# 
# command unsuccessful. CMDR Val: 10000001 | time: 1655095000 
# 
# 
# command unsuccessful. CMDR Val: 10000011 | time: 1673145000 
# 
# 
# NCSU_INFO:Time           1673151000:i2c_monitor::run():  of test3.env.i2c_agent.monitor called.
#  Slave address:0x22;
#  RW:1;
#  Data:58
# 
# NCSU_INFO:Time           1673151000:ncsu_component::nb_put():  of test3.env.scoreboard called
# 
# NCSU_INFO:Time           1673153000:wb_monitor::run():  of test3.env.wb_agent.monitor called.
#  wb_register/slave_Addr: 0x1,
#  OP: 0,
#  data: 58
# 
# NCSU_INFO:Time           1673153000:ncsu_component::nb_transport():  of test3.env.scoreboard called
# 
# NCSU_INFO:Time           1673153000:ncsu_component::nb_put():  of test3.env.predictor called
# 
# ------------------- stop condition received by I2C: Read op -----------------------
# 
# name: i2c_trans transaction_count: 177 obj name:i2c_trans,
#  op type:1,
#  slave_addr_captured:00000000,
#  bus_no:          0,
#  Data:58,
#  transfer_stat: 1
# 
# command unsuccessful. CMDR Val: 10000101 | time: 1674849000 
# 
# 
# NCSU_INFO:Time           1674849000:FINISH: wb_driver::run():  of test3.env.wb_agent.driver is called.
# 
# NCSU_INFO:Time           1674849000:START: wb_driver::run():  of test3.env.wb_agent.driver is called.
# 
# name: wb_trans transaction_count: 180 obj name:wb_trans,
#  op type:0,
#  wb_register/slave_addr:00000002,
#  bus_no:0,
#  Data:0
#  
# NCSU_INFO:Time           1674849000:i2c_driver::bl_put():  of test3.env.i2c_agent.driver called
# 
# ------------------- start condition received by I2C -----------------------
# 
# command unsuccessful. CMDR Val: 10000110 | time: 1674879000 
# 
# 
# command unsuccessful. CMDR Val: 10000100 | time: 1676767000 
# 
# 
# command unsuccessful. CMDR Val: 10000001 | time: 1694825000 
# 
# 
# command unsuccessful. CMDR Val: 10000001 | time: 1712883000 
# 
# 
# NCSU_INFO:Time           1712883000:i2c_monitor::run():  of test3.env.i2c_agent.monitor called.
#  Slave address:0x22;
#  RW:0;
#  Data:70 0 0 0 0 0 0 0 0 0 0 0 0 0 0 0 0 0 0 0 0 0 0 0 0 0 0 0 0 0 0 0 0 0 0 0 0 0 0 0 0 0 0 0 0 0 0 0 0 0 0 0 0 0 0 0 0 0 0 0 0 0 0 0
# 
# NCSU_INFO:Time           1712883000:ncsu_component::nb_put():  of test3.env.scoreboard called
# 
# NCSU_INFO:Time           1712885000:wb_monitor::run():  of test3.env.wb_agent.monitor called.
#  wb_register/slave_Addr: 0x2,
#  OP: 0,
#  data: 129
# 
# NCSU_INFO:Time           1712885000:ncsu_component::nb_transport():  of test3.env.scoreboard called
# 
# NCSU_INFO:Time           1712885000:ncsu_component::nb_put():  of test3.env.predictor called
# 
# ------------------- stop condition received by I2C: Write op -----------------------
# 
# name: i2c_trans transaction_count: 181 obj name:i2c_trans,
#  op type:0,
#  slave_addr_captured:00000000,
#  bus_no:          0,
#  Data:70 0 0 0 0 0 0 0 0 0 0 0 0 0 0 0 0 0 0 0 0 0 0 0 0 0 0 0 0 0 0 0 0 0 0 0 0 0 0 0 0 0 0 0 0 0 0 0 0 0 0 0 0 0 0 0 0 0 0 0 0 0 0 0,
#  transfer_stat: 0
# 
# command unsuccessful. CMDR Val: 10000101 | time: 1714581000 
# 
# 
# NCSU_INFO:Time           1714581000:FINISH: wb_driver::run():  of test3.env.wb_agent.driver is called.
# 
# NCSU_INFO:Time           1714581000:START: wb_driver::run():  of test3.env.wb_agent.driver is called.
# 
# name: wb_trans transaction_count: 184 obj name:wb_trans,
#  op type:1,
#  wb_register/slave_addr:00000002,
#  bus_no:0,
#  Data:0
#  
# NCSU_INFO:Time           1714581000:i2c_driver::bl_put():  of test3.env.i2c_agent.driver called
# 
# command unsuccessful. CMDR Val: 10000110 | time: 1714611000 
# 
# 
# ------------------- start condition received by I2C -----------------------
# 
# command unsuccessful. CMDR Val: 10000100 | time: 1716499000 
# 
# 
# command unsuccessful. CMDR Val: 10000001 | time: 1734557000 
# 
# 
# command unsuccessful. CMDR Val: 10000011 | time: 1752607000 
# 
# 
# NCSU_INFO:Time           1752613000:i2c_monitor::run():  of test3.env.i2c_agent.monitor called.
#  Slave address:0x22;
#  RW:1;
#  Data:57
# 
# NCSU_INFO:Time           1752613000:ncsu_component::nb_put():  of test3.env.scoreboard called
# 
# NCSU_INFO:Time           1752615000:wb_monitor::run():  of test3.env.wb_agent.monitor called.
#  wb_register/slave_Addr: 0x1,
#  OP: 0,
#  data: 57
# 
# NCSU_INFO:Time           1752615000:ncsu_component::nb_transport():  of test3.env.scoreboard called
# 
# NCSU_INFO:Time           1752615000:ncsu_component::nb_put():  of test3.env.predictor called
# 
# ------------------- stop condition received by I2C: Read op -----------------------
# 
# name: i2c_trans transaction_count: 185 obj name:i2c_trans,
#  op type:1,
#  slave_addr_captured:00000000,
#  bus_no:          0,
#  Data:57,
#  transfer_stat: 1
# 
# command unsuccessful. CMDR Val: 10000101 | time: 1754311000 
# 
# 
# NCSU_INFO:Time           1754311000:FINISH: wb_driver::run():  of test3.env.wb_agent.driver is called.
# 
# NCSU_INFO:Time           1754311000:START: wb_driver::run():  of test3.env.wb_agent.driver is called.
# 
# name: wb_trans transaction_count: 188 obj name:wb_trans,
#  op type:0,
#  wb_register/slave_addr:00000002,
#  bus_no:0,
#  Data:0
#  
# NCSU_INFO:Time           1754311000:i2c_driver::bl_put():  of test3.env.i2c_agent.driver called
# 
# ------------------- start condition received by I2C -----------------------
# 
# command unsuccessful. CMDR Val: 10000110 | time: 1754341000 
# 
# 
# command unsuccessful. CMDR Val: 10000100 | time: 1756229000 
# 
# 
# command unsuccessful. CMDR Val: 10000001 | time: 1774287000 
# 
# 
# command unsuccessful. CMDR Val: 10000001 | time: 1792345000 
# 
# 
# NCSU_INFO:Time           1792345000:i2c_monitor::run():  of test3.env.i2c_agent.monitor called.
#  Slave address:0x22;
#  RW:0;
#  Data:71 0 0 0 0 0 0 0 0 0 0 0 0 0 0 0 0 0 0 0 0 0 0 0 0 0 0 0 0 0 0 0 0 0 0 0 0 0 0 0 0 0 0 0 0 0 0 0 0 0 0 0 0 0 0 0 0 0 0 0 0 0 0 0
# 
# NCSU_INFO:Time           1792345000:ncsu_component::nb_put():  of test3.env.scoreboard called
# 
# NCSU_INFO:Time           1792347000:wb_monitor::run():  of test3.env.wb_agent.monitor called.
#  wb_register/slave_Addr: 0x2,
#  OP: 0,
#  data: 129
# 
# NCSU_INFO:Time           1792347000:ncsu_component::nb_transport():  of test3.env.scoreboard called
# 
# NCSU_INFO:Time           1792347000:ncsu_component::nb_put():  of test3.env.predictor called
# 
# ------------------- stop condition received by I2C: Write op -----------------------
# 
# name: i2c_trans transaction_count: 189 obj name:i2c_trans,
#  op type:0,
#  slave_addr_captured:00000000,
#  bus_no:          0,
#  Data:71 0 0 0 0 0 0 0 0 0 0 0 0 0 0 0 0 0 0 0 0 0 0 0 0 0 0 0 0 0 0 0 0 0 0 0 0 0 0 0 0 0 0 0 0 0 0 0 0 0 0 0 0 0 0 0 0 0 0 0 0 0 0 0,
#  transfer_stat: 0
# 
# command unsuccessful. CMDR Val: 10000101 | time: 1794043000 
# 
# 
# NCSU_INFO:Time           1794043000:FINISH: wb_driver::run():  of test3.env.wb_agent.driver is called.
# 
# NCSU_INFO:Time           1794043000:START: wb_driver::run():  of test3.env.wb_agent.driver is called.
# 
# name: wb_trans transaction_count: 192 obj name:wb_trans,
#  op type:1,
#  wb_register/slave_addr:00000002,
#  bus_no:0,
#  Data:0
#  
# NCSU_INFO:Time           1794043000:i2c_driver::bl_put():  of test3.env.i2c_agent.driver called
# 
# command unsuccessful. CMDR Val: 10000110 | time: 1794073000 
# 
# 
# ------------------- start condition received by I2C -----------------------
# 
# command unsuccessful. CMDR Val: 10000100 | time: 1795961000 
# 
# 
# command unsuccessful. CMDR Val: 10000001 | time: 1814019000 
# 
# 
# command unsuccessful. CMDR Val: 10000011 | time: 1832069000 
# 
# 
# NCSU_INFO:Time           1832075000:i2c_monitor::run():  of test3.env.i2c_agent.monitor called.
#  Slave address:0x22;
#  RW:1;
#  Data:56
# 
# NCSU_INFO:Time           1832075000:ncsu_component::nb_put():  of test3.env.scoreboard called
# 
# NCSU_INFO:Time           1832077000:wb_monitor::run():  of test3.env.wb_agent.monitor called.
#  wb_register/slave_Addr: 0x1,
#  OP: 0,
#  data: 56
# 
# NCSU_INFO:Time           1832077000:ncsu_component::nb_transport():  of test3.env.scoreboard called
# 
# NCSU_INFO:Time           1832077000:ncsu_component::nb_put():  of test3.env.predictor called
# 
# ------------------- stop condition received by I2C: Read op -----------------------
# 
# name: i2c_trans transaction_count: 193 obj name:i2c_trans,
#  op type:1,
#  slave_addr_captured:00000000,
#  bus_no:          0,
#  Data:56,
#  transfer_stat: 1
# 
# command unsuccessful. CMDR Val: 10000101 | time: 1833773000 
# 
# 
# NCSU_INFO:Time           1833773000:FINISH: wb_driver::run():  of test3.env.wb_agent.driver is called.
# 
# NCSU_INFO:Time           1833773000:START: wb_driver::run():  of test3.env.wb_agent.driver is called.
# 
# name: wb_trans transaction_count: 196 obj name:wb_trans,
#  op type:0,
#  wb_register/slave_addr:00000002,
#  bus_no:0,
#  Data:0
#  
# NCSU_INFO:Time           1833773000:i2c_driver::bl_put():  of test3.env.i2c_agent.driver called
# 
# ------------------- start condition received by I2C -----------------------
# 
# command unsuccessful. CMDR Val: 10000110 | time: 1833803000 
# 
# 
# command unsuccessful. CMDR Val: 10000100 | time: 1835691000 
# 
# 
# command unsuccessful. CMDR Val: 10000001 | time: 1853749000 
# 
# 
# command unsuccessful. CMDR Val: 10000001 | time: 1871807000 
# 
# 
# NCSU_INFO:Time           1871807000:i2c_monitor::run():  of test3.env.i2c_agent.monitor called.
#  Slave address:0x22;
#  RW:0;
#  Data:72 0 0 0 0 0 0 0 0 0 0 0 0 0 0 0 0 0 0 0 0 0 0 0 0 0 0 0 0 0 0 0 0 0 0 0 0 0 0 0 0 0 0 0 0 0 0 0 0 0 0 0 0 0 0 0 0 0 0 0 0 0 0 0
# 
# NCSU_INFO:Time           1871807000:ncsu_component::nb_put():  of test3.env.scoreboard called
# 
# NCSU_INFO:Time           1871809000:wb_monitor::run():  of test3.env.wb_agent.monitor called.
#  wb_register/slave_Addr: 0x2,
#  OP: 0,
#  data: 129
# 
# NCSU_INFO:Time           1871809000:ncsu_component::nb_transport():  of test3.env.scoreboard called
# 
# NCSU_INFO:Time           1871809000:ncsu_component::nb_put():  of test3.env.predictor called
# 
# ------------------- stop condition received by I2C: Write op -----------------------
# 
# name: i2c_trans transaction_count: 197 obj name:i2c_trans,
#  op type:0,
#  slave_addr_captured:00000000,
#  bus_no:          0,
#  Data:72 0 0 0 0 0 0 0 0 0 0 0 0 0 0 0 0 0 0 0 0 0 0 0 0 0 0 0 0 0 0 0 0 0 0 0 0 0 0 0 0 0 0 0 0 0 0 0 0 0 0 0 0 0 0 0 0 0 0 0 0 0 0 0,
#  transfer_stat: 0
# 
# command unsuccessful. CMDR Val: 10000101 | time: 1873505000 
# 
# 
# NCSU_INFO:Time           1873505000:FINISH: wb_driver::run():  of test3.env.wb_agent.driver is called.
# 
# NCSU_INFO:Time           1873505000:START: wb_driver::run():  of test3.env.wb_agent.driver is called.
# 
# name: wb_trans transaction_count: 200 obj name:wb_trans,
#  op type:1,
#  wb_register/slave_addr:00000002,
#  bus_no:0,
#  Data:0
#  
# NCSU_INFO:Time           1873505000:i2c_driver::bl_put():  of test3.env.i2c_agent.driver called
# 
# command unsuccessful. CMDR Val: 10000110 | time: 1873535000 
# 
# 
# ------------------- start condition received by I2C -----------------------
# 
# command unsuccessful. CMDR Val: 10000100 | time: 1875423000 
# 
# 
# command unsuccessful. CMDR Val: 10000001 | time: 1893481000 
# 
# 
# command unsuccessful. CMDR Val: 10000011 | time: 1911531000 
# 
# 
# NCSU_INFO:Time           1911537000:i2c_monitor::run():  of test3.env.i2c_agent.monitor called.
#  Slave address:0x22;
#  RW:1;
#  Data:55
# 
# NCSU_INFO:Time           1911537000:ncsu_component::nb_put():  of test3.env.scoreboard called
# 
# NCSU_INFO:Time           1911539000:wb_monitor::run():  of test3.env.wb_agent.monitor called.
#  wb_register/slave_Addr: 0x1,
#  OP: 0,
#  data: 55
# 
# NCSU_INFO:Time           1911539000:ncsu_component::nb_transport():  of test3.env.scoreboard called
# 
# NCSU_INFO:Time           1911539000:ncsu_component::nb_put():  of test3.env.predictor called
# 
# ------------------- stop condition received by I2C: Read op -----------------------
# 
# name: i2c_trans transaction_count: 201 obj name:i2c_trans,
#  op type:1,
#  slave_addr_captured:00000000,
#  bus_no:          0,
#  Data:55,
#  transfer_stat: 1
# 
# command unsuccessful. CMDR Val: 10000101 | time: 1913235000 
# 
# 
# NCSU_INFO:Time           1913235000:FINISH: wb_driver::run():  of test3.env.wb_agent.driver is called.
# 
# NCSU_INFO:Time           1913235000:START: wb_driver::run():  of test3.env.wb_agent.driver is called.
# 
# name: wb_trans transaction_count: 204 obj name:wb_trans,
#  op type:0,
#  wb_register/slave_addr:00000002,
#  bus_no:0,
#  Data:0
#  
# NCSU_INFO:Time           1913235000:i2c_driver::bl_put():  of test3.env.i2c_agent.driver called
# 
# ------------------- start condition received by I2C -----------------------
# 
# command unsuccessful. CMDR Val: 10000110 | time: 1913265000 
# 
# 
# command unsuccessful. CMDR Val: 10000100 | time: 1915153000 
# 
# 
# command unsuccessful. CMDR Val: 10000001 | time: 1933211000 
# 
# 
# command unsuccessful. CMDR Val: 10000001 | time: 1951269000 
# 
# 
# NCSU_INFO:Time           1951269000:i2c_monitor::run():  of test3.env.i2c_agent.monitor called.
#  Slave address:0x22;
#  RW:0;
#  Data:73 0 0 0 0 0 0 0 0 0 0 0 0 0 0 0 0 0 0 0 0 0 0 0 0 0 0 0 0 0 0 0 0 0 0 0 0 0 0 0 0 0 0 0 0 0 0 0 0 0 0 0 0 0 0 0 0 0 0 0 0 0 0 0
# 
# NCSU_INFO:Time           1951269000:ncsu_component::nb_put():  of test3.env.scoreboard called
# 
# NCSU_INFO:Time           1951271000:wb_monitor::run():  of test3.env.wb_agent.monitor called.
#  wb_register/slave_Addr: 0x2,
#  OP: 0,
#  data: 129
# 
# NCSU_INFO:Time           1951271000:ncsu_component::nb_transport():  of test3.env.scoreboard called
# 
# NCSU_INFO:Time           1951271000:ncsu_component::nb_put():  of test3.env.predictor called
# 
# ------------------- stop condition received by I2C: Write op -----------------------
# 
# name: i2c_trans transaction_count: 205 obj name:i2c_trans,
#  op type:0,
#  slave_addr_captured:00000000,
#  bus_no:          0,
#  Data:73 0 0 0 0 0 0 0 0 0 0 0 0 0 0 0 0 0 0 0 0 0 0 0 0 0 0 0 0 0 0 0 0 0 0 0 0 0 0 0 0 0 0 0 0 0 0 0 0 0 0 0 0 0 0 0 0 0 0 0 0 0 0 0,
#  transfer_stat: 0
# 
# command unsuccessful. CMDR Val: 10000101 | time: 1952967000 
# 
# 
# NCSU_INFO:Time           1952967000:FINISH: wb_driver::run():  of test3.env.wb_agent.driver is called.
# 
# NCSU_INFO:Time           1952967000:START: wb_driver::run():  of test3.env.wb_agent.driver is called.
# 
# name: wb_trans transaction_count: 208 obj name:wb_trans,
#  op type:1,
#  wb_register/slave_addr:00000002,
#  bus_no:0,
#  Data:0
#  
# NCSU_INFO:Time           1952967000:i2c_driver::bl_put():  of test3.env.i2c_agent.driver called
# 
# command unsuccessful. CMDR Val: 10000110 | time: 1952997000 
# 
# 
# ------------------- start condition received by I2C -----------------------
# 
# command unsuccessful. CMDR Val: 10000100 | time: 1954885000 
# 
# 
# command unsuccessful. CMDR Val: 10000001 | time: 1972943000 
# 
# 
# command unsuccessful. CMDR Val: 10000011 | time: 1990993000 
# 
# 
# NCSU_INFO:Time           1990999000:i2c_monitor::run():  of test3.env.i2c_agent.monitor called.
#  Slave address:0x22;
#  RW:1;
#  Data:54
# 
# NCSU_INFO:Time           1990999000:ncsu_component::nb_put():  of test3.env.scoreboard called
# 
# NCSU_INFO:Time           1991001000:wb_monitor::run():  of test3.env.wb_agent.monitor called.
#  wb_register/slave_Addr: 0x1,
#  OP: 0,
#  data: 54
# 
# NCSU_INFO:Time           1991001000:ncsu_component::nb_transport():  of test3.env.scoreboard called
# 
# NCSU_INFO:Time           1991001000:ncsu_component::nb_put():  of test3.env.predictor called
# 
# ------------------- stop condition received by I2C: Read op -----------------------
# 
# name: i2c_trans transaction_count: 209 obj name:i2c_trans,
#  op type:1,
#  slave_addr_captured:00000000,
#  bus_no:          0,
#  Data:54,
#  transfer_stat: 1
# 
# command unsuccessful. CMDR Val: 10000101 | time: 1992697000 
# 
# 
# NCSU_INFO:Time           1992697000:FINISH: wb_driver::run():  of test3.env.wb_agent.driver is called.
# 
# NCSU_INFO:Time           1992697000:START: wb_driver::run():  of test3.env.wb_agent.driver is called.
# 
# name: wb_trans transaction_count: 212 obj name:wb_trans,
#  op type:0,
#  wb_register/slave_addr:00000002,
#  bus_no:0,
#  Data:0
#  
# NCSU_INFO:Time           1992697000:i2c_driver::bl_put():  of test3.env.i2c_agent.driver called
# 
# ------------------- start condition received by I2C -----------------------
# 
# command unsuccessful. CMDR Val: 10000110 | time: 1992727000 
# 
# 
# command unsuccessful. CMDR Val: 10000100 | time: 1994615000 
# 
# 
# command unsuccessful. CMDR Val: 10000001 | time: 2012673000 
# 
# 
# command unsuccessful. CMDR Val: 10000001 | time: 2030731000 
# 
# 
# NCSU_INFO:Time           2030731000:i2c_monitor::run():  of test3.env.i2c_agent.monitor called.
#  Slave address:0x22;
#  RW:0;
#  Data:74 0 0 0 0 0 0 0 0 0 0 0 0 0 0 0 0 0 0 0 0 0 0 0 0 0 0 0 0 0 0 0 0 0 0 0 0 0 0 0 0 0 0 0 0 0 0 0 0 0 0 0 0 0 0 0 0 0 0 0 0 0 0 0
# 
# NCSU_INFO:Time           2030731000:ncsu_component::nb_put():  of test3.env.scoreboard called
# 
# NCSU_INFO:Time           2030733000:wb_monitor::run():  of test3.env.wb_agent.monitor called.
#  wb_register/slave_Addr: 0x2,
#  OP: 0,
#  data: 129
# 
# NCSU_INFO:Time           2030733000:ncsu_component::nb_transport():  of test3.env.scoreboard called
# 
# NCSU_INFO:Time           2030733000:ncsu_component::nb_put():  of test3.env.predictor called
# 
# ------------------- stop condition received by I2C: Write op -----------------------
# 
# name: i2c_trans transaction_count: 213 obj name:i2c_trans,
#  op type:0,
#  slave_addr_captured:00000000,
#  bus_no:          0,
#  Data:74 0 0 0 0 0 0 0 0 0 0 0 0 0 0 0 0 0 0 0 0 0 0 0 0 0 0 0 0 0 0 0 0 0 0 0 0 0 0 0 0 0 0 0 0 0 0 0 0 0 0 0 0 0 0 0 0 0 0 0 0 0 0 0,
#  transfer_stat: 0
# 
# command unsuccessful. CMDR Val: 10000101 | time: 2032429000 
# 
# 
# NCSU_INFO:Time           2032429000:FINISH: wb_driver::run():  of test3.env.wb_agent.driver is called.
# 
# NCSU_INFO:Time           2032429000:START: wb_driver::run():  of test3.env.wb_agent.driver is called.
# 
# name: wb_trans transaction_count: 216 obj name:wb_trans,
#  op type:1,
#  wb_register/slave_addr:00000002,
#  bus_no:0,
#  Data:0
#  
# NCSU_INFO:Time           2032429000:i2c_driver::bl_put():  of test3.env.i2c_agent.driver called
# 
# command unsuccessful. CMDR Val: 10000110 | time: 2032459000 
# 
# 
# ------------------- start condition received by I2C -----------------------
# 
# command unsuccessful. CMDR Val: 10000100 | time: 2034347000 
# 
# 
# command unsuccessful. CMDR Val: 10000001 | time: 2052405000 
# 
# 
# command unsuccessful. CMDR Val: 10000011 | time: 2070455000 
# 
# 
# NCSU_INFO:Time           2070461000:i2c_monitor::run():  of test3.env.i2c_agent.monitor called.
#  Slave address:0x22;
#  RW:1;
#  Data:53
# 
# NCSU_INFO:Time           2070461000:ncsu_component::nb_put():  of test3.env.scoreboard called
# 
# NCSU_INFO:Time           2070463000:wb_monitor::run():  of test3.env.wb_agent.monitor called.
#  wb_register/slave_Addr: 0x1,
#  OP: 0,
#  data: 53
# 
# NCSU_INFO:Time           2070463000:ncsu_component::nb_transport():  of test3.env.scoreboard called
# 
# NCSU_INFO:Time           2070463000:ncsu_component::nb_put():  of test3.env.predictor called
# 
# ------------------- stop condition received by I2C: Read op -----------------------
# 
# name: i2c_trans transaction_count: 217 obj name:i2c_trans,
#  op type:1,
#  slave_addr_captured:00000000,
#  bus_no:          0,
#  Data:53,
#  transfer_stat: 1
# 
# command unsuccessful. CMDR Val: 10000101 | time: 2072159000 
# 
# 
# NCSU_INFO:Time           2072159000:FINISH: wb_driver::run():  of test3.env.wb_agent.driver is called.
# 
# NCSU_INFO:Time           2072159000:START: wb_driver::run():  of test3.env.wb_agent.driver is called.
# 
# name: wb_trans transaction_count: 220 obj name:wb_trans,
#  op type:0,
#  wb_register/slave_addr:00000002,
#  bus_no:0,
#  Data:0
#  
# NCSU_INFO:Time           2072159000:i2c_driver::bl_put():  of test3.env.i2c_agent.driver called
# 
# ------------------- start condition received by I2C -----------------------
# 
# command unsuccessful. CMDR Val: 10000110 | time: 2072189000 
# 
# 
# command unsuccessful. CMDR Val: 10000100 | time: 2074077000 
# 
# 
# command unsuccessful. CMDR Val: 10000001 | time: 2092135000 
# 
# 
# command unsuccessful. CMDR Val: 10000001 | time: 2110193000 
# 
# 
# NCSU_INFO:Time           2110193000:i2c_monitor::run():  of test3.env.i2c_agent.monitor called.
#  Slave address:0x22;
#  RW:0;
#  Data:75 0 0 0 0 0 0 0 0 0 0 0 0 0 0 0 0 0 0 0 0 0 0 0 0 0 0 0 0 0 0 0 0 0 0 0 0 0 0 0 0 0 0 0 0 0 0 0 0 0 0 0 0 0 0 0 0 0 0 0 0 0 0 0
# 
# NCSU_INFO:Time           2110193000:ncsu_component::nb_put():  of test3.env.scoreboard called
# 
# NCSU_INFO:Time           2110195000:wb_monitor::run():  of test3.env.wb_agent.monitor called.
#  wb_register/slave_Addr: 0x2,
#  OP: 0,
#  data: 129
# 
# NCSU_INFO:Time           2110195000:ncsu_component::nb_transport():  of test3.env.scoreboard called
# 
# NCSU_INFO:Time           2110195000:ncsu_component::nb_put():  of test3.env.predictor called
# 
# ------------------- stop condition received by I2C: Write op -----------------------
# 
# name: i2c_trans transaction_count: 221 obj name:i2c_trans,
#  op type:0,
#  slave_addr_captured:00000000,
#  bus_no:          0,
#  Data:75 0 0 0 0 0 0 0 0 0 0 0 0 0 0 0 0 0 0 0 0 0 0 0 0 0 0 0 0 0 0 0 0 0 0 0 0 0 0 0 0 0 0 0 0 0 0 0 0 0 0 0 0 0 0 0 0 0 0 0 0 0 0 0,
#  transfer_stat: 0
# 
# command unsuccessful. CMDR Val: 10000101 | time: 2111891000 
# 
# 
# NCSU_INFO:Time           2111891000:FINISH: wb_driver::run():  of test3.env.wb_agent.driver is called.
# 
# NCSU_INFO:Time           2111891000:START: wb_driver::run():  of test3.env.wb_agent.driver is called.
# 
# name: wb_trans transaction_count: 224 obj name:wb_trans,
#  op type:1,
#  wb_register/slave_addr:00000002,
#  bus_no:0,
#  Data:0
#  
# NCSU_INFO:Time           2111891000:i2c_driver::bl_put():  of test3.env.i2c_agent.driver called
# 
# command unsuccessful. CMDR Val: 10000110 | time: 2111921000 
# 
# 
# ------------------- start condition received by I2C -----------------------
# 
# command unsuccessful. CMDR Val: 10000100 | time: 2113809000 
# 
# 
# command unsuccessful. CMDR Val: 10000001 | time: 2131867000 
# 
# 
# command unsuccessful. CMDR Val: 10000011 | time: 2149917000 
# 
# 
# NCSU_INFO:Time           2149923000:i2c_monitor::run():  of test3.env.i2c_agent.monitor called.
#  Slave address:0x22;
#  RW:1;
#  Data:52
# 
# NCSU_INFO:Time           2149923000:ncsu_component::nb_put():  of test3.env.scoreboard called
# 
# NCSU_INFO:Time           2149925000:wb_monitor::run():  of test3.env.wb_agent.monitor called.
#  wb_register/slave_Addr: 0x1,
#  OP: 0,
#  data: 52
# 
# NCSU_INFO:Time           2149925000:ncsu_component::nb_transport():  of test3.env.scoreboard called
# 
# NCSU_INFO:Time           2149925000:ncsu_component::nb_put():  of test3.env.predictor called
# 
# ------------------- stop condition received by I2C: Read op -----------------------
# 
# name: i2c_trans transaction_count: 225 obj name:i2c_trans,
#  op type:1,
#  slave_addr_captured:00000000,
#  bus_no:          0,
#  Data:52,
#  transfer_stat: 1
# 
# command unsuccessful. CMDR Val: 10000101 | time: 2151621000 
# 
# 
# NCSU_INFO:Time           2151621000:FINISH: wb_driver::run():  of test3.env.wb_agent.driver is called.
# 
# NCSU_INFO:Time           2151621000:START: wb_driver::run():  of test3.env.wb_agent.driver is called.
# 
# name: wb_trans transaction_count: 228 obj name:wb_trans,
#  op type:0,
#  wb_register/slave_addr:00000002,
#  bus_no:0,
#  Data:0
#  
# NCSU_INFO:Time           2151621000:i2c_driver::bl_put():  of test3.env.i2c_agent.driver called
# 
# ------------------- start condition received by I2C -----------------------
# 
# command unsuccessful. CMDR Val: 10000110 | time: 2151651000 
# 
# 
# command unsuccessful. CMDR Val: 10000100 | time: 2153539000 
# 
# 
# command unsuccessful. CMDR Val: 10000001 | time: 2171597000 
# 
# 
# command unsuccessful. CMDR Val: 10000001 | time: 2189655000 
# 
# 
# NCSU_INFO:Time           2189655000:i2c_monitor::run():  of test3.env.i2c_agent.monitor called.
#  Slave address:0x22;
#  RW:0;
#  Data:76 0 0 0 0 0 0 0 0 0 0 0 0 0 0 0 0 0 0 0 0 0 0 0 0 0 0 0 0 0 0 0 0 0 0 0 0 0 0 0 0 0 0 0 0 0 0 0 0 0 0 0 0 0 0 0 0 0 0 0 0 0 0 0
# 
# NCSU_INFO:Time           2189655000:ncsu_component::nb_put():  of test3.env.scoreboard called
# 
# NCSU_INFO:Time           2189657000:wb_monitor::run():  of test3.env.wb_agent.monitor called.
#  wb_register/slave_Addr: 0x2,
#  OP: 0,
#  data: 129
# 
# NCSU_INFO:Time           2189657000:ncsu_component::nb_transport():  of test3.env.scoreboard called
# 
# NCSU_INFO:Time           2189657000:ncsu_component::nb_put():  of test3.env.predictor called
# 
# ------------------- stop condition received by I2C: Write op -----------------------
# 
# name: i2c_trans transaction_count: 229 obj name:i2c_trans,
#  op type:0,
#  slave_addr_captured:00000000,
#  bus_no:          0,
#  Data:76 0 0 0 0 0 0 0 0 0 0 0 0 0 0 0 0 0 0 0 0 0 0 0 0 0 0 0 0 0 0 0 0 0 0 0 0 0 0 0 0 0 0 0 0 0 0 0 0 0 0 0 0 0 0 0 0 0 0 0 0 0 0 0,
#  transfer_stat: 0
# 
# command unsuccessful. CMDR Val: 10000101 | time: 2191353000 
# 
# 
# NCSU_INFO:Time           2191353000:FINISH: wb_driver::run():  of test3.env.wb_agent.driver is called.
# 
# NCSU_INFO:Time           2191353000:START: wb_driver::run():  of test3.env.wb_agent.driver is called.
# 
# name: wb_trans transaction_count: 232 obj name:wb_trans,
#  op type:1,
#  wb_register/slave_addr:00000002,
#  bus_no:0,
#  Data:0
#  
# NCSU_INFO:Time           2191353000:i2c_driver::bl_put():  of test3.env.i2c_agent.driver called
# 
# command unsuccessful. CMDR Val: 10000110 | time: 2191383000 
# 
# 
# ------------------- start condition received by I2C -----------------------
# 
# command unsuccessful. CMDR Val: 10000100 | time: 2193271000 
# 
# 
# command unsuccessful. CMDR Val: 10000001 | time: 2211329000 
# 
# 
# command unsuccessful. CMDR Val: 10000011 | time: 2229379000 
# 
# 
# NCSU_INFO:Time           2229385000:i2c_monitor::run():  of test3.env.i2c_agent.monitor called.
#  Slave address:0x22;
#  RW:1;
#  Data:51
# 
# NCSU_INFO:Time           2229385000:ncsu_component::nb_put():  of test3.env.scoreboard called
# 
# NCSU_INFO:Time           2229387000:wb_monitor::run():  of test3.env.wb_agent.monitor called.
#  wb_register/slave_Addr: 0x1,
#  OP: 0,
#  data: 51
# 
# NCSU_INFO:Time           2229387000:ncsu_component::nb_transport():  of test3.env.scoreboard called
# 
# NCSU_INFO:Time           2229387000:ncsu_component::nb_put():  of test3.env.predictor called
# 
# ------------------- stop condition received by I2C: Read op -----------------------
# 
# name: i2c_trans transaction_count: 233 obj name:i2c_trans,
#  op type:1,
#  slave_addr_captured:00000000,
#  bus_no:          0,
#  Data:51,
#  transfer_stat: 1
# 
# command unsuccessful. CMDR Val: 10000101 | time: 2231083000 
# 
# 
# NCSU_INFO:Time           2231083000:FINISH: wb_driver::run():  of test3.env.wb_agent.driver is called.
# 
# NCSU_INFO:Time           2231083000:START: wb_driver::run():  of test3.env.wb_agent.driver is called.
# 
# name: wb_trans transaction_count: 236 obj name:wb_trans,
#  op type:0,
#  wb_register/slave_addr:00000002,
#  bus_no:0,
#  Data:0
#  
# NCSU_INFO:Time           2231083000:i2c_driver::bl_put():  of test3.env.i2c_agent.driver called
# 
# ------------------- start condition received by I2C -----------------------
# 
# command unsuccessful. CMDR Val: 10000110 | time: 2231113000 
# 
# 
# command unsuccessful. CMDR Val: 10000100 | time: 2233001000 
# 
# 
# command unsuccessful. CMDR Val: 10000001 | time: 2251059000 
# 
# 
# command unsuccessful. CMDR Val: 10000001 | time: 2269117000 
# 
# 
# NCSU_INFO:Time           2269117000:i2c_monitor::run():  of test3.env.i2c_agent.monitor called.
#  Slave address:0x22;
#  RW:0;
#  Data:77 0 0 0 0 0 0 0 0 0 0 0 0 0 0 0 0 0 0 0 0 0 0 0 0 0 0 0 0 0 0 0 0 0 0 0 0 0 0 0 0 0 0 0 0 0 0 0 0 0 0 0 0 0 0 0 0 0 0 0 0 0 0 0
# 
# NCSU_INFO:Time           2269117000:ncsu_component::nb_put():  of test3.env.scoreboard called
# 
# NCSU_INFO:Time           2269119000:wb_monitor::run():  of test3.env.wb_agent.monitor called.
#  wb_register/slave_Addr: 0x2,
#  OP: 0,
#  data: 129
# 
# NCSU_INFO:Time           2269119000:ncsu_component::nb_transport():  of test3.env.scoreboard called
# 
# NCSU_INFO:Time           2269119000:ncsu_component::nb_put():  of test3.env.predictor called
# 
# ------------------- stop condition received by I2C: Write op -----------------------
# 
# name: i2c_trans transaction_count: 237 obj name:i2c_trans,
#  op type:0,
#  slave_addr_captured:00000000,
#  bus_no:          0,
#  Data:77 0 0 0 0 0 0 0 0 0 0 0 0 0 0 0 0 0 0 0 0 0 0 0 0 0 0 0 0 0 0 0 0 0 0 0 0 0 0 0 0 0 0 0 0 0 0 0 0 0 0 0 0 0 0 0 0 0 0 0 0 0 0 0,
#  transfer_stat: 0
# 
# command unsuccessful. CMDR Val: 10000101 | time: 2270815000 
# 
# 
# NCSU_INFO:Time           2270815000:FINISH: wb_driver::run():  of test3.env.wb_agent.driver is called.
# 
# NCSU_INFO:Time           2270815000:START: wb_driver::run():  of test3.env.wb_agent.driver is called.
# 
# name: wb_trans transaction_count: 240 obj name:wb_trans,
#  op type:1,
#  wb_register/slave_addr:00000002,
#  bus_no:0,
#  Data:0
#  
# NCSU_INFO:Time           2270815000:i2c_driver::bl_put():  of test3.env.i2c_agent.driver called
# 
# command unsuccessful. CMDR Val: 10000110 | time: 2270845000 
# 
# 
# ------------------- start condition received by I2C -----------------------
# 
# command unsuccessful. CMDR Val: 10000100 | time: 2272733000 
# 
# 
# command unsuccessful. CMDR Val: 10000001 | time: 2290791000 
# 
# 
# command unsuccessful. CMDR Val: 10000011 | time: 2308841000 
# 
# 
# NCSU_INFO:Time           2308847000:i2c_monitor::run():  of test3.env.i2c_agent.monitor called.
#  Slave address:0x22;
#  RW:1;
#  Data:50
# 
# NCSU_INFO:Time           2308847000:ncsu_component::nb_put():  of test3.env.scoreboard called
# 
# NCSU_INFO:Time           2308849000:wb_monitor::run():  of test3.env.wb_agent.monitor called.
#  wb_register/slave_Addr: 0x1,
#  OP: 0,
#  data: 50
# 
# NCSU_INFO:Time           2308849000:ncsu_component::nb_transport():  of test3.env.scoreboard called
# 
# NCSU_INFO:Time           2308849000:ncsu_component::nb_put():  of test3.env.predictor called
# 
# ------------------- stop condition received by I2C: Read op -----------------------
# 
# name: i2c_trans transaction_count: 241 obj name:i2c_trans,
#  op type:1,
#  slave_addr_captured:00000000,
#  bus_no:          0,
#  Data:50,
#  transfer_stat: 1
# 
# command unsuccessful. CMDR Val: 10000101 | time: 2310545000 
# 
# 
# NCSU_INFO:Time           2310545000:FINISH: wb_driver::run():  of test3.env.wb_agent.driver is called.
# 
# NCSU_INFO:Time           2310545000:START: wb_driver::run():  of test3.env.wb_agent.driver is called.
# 
# name: wb_trans transaction_count: 244 obj name:wb_trans,
#  op type:0,
#  wb_register/slave_addr:00000002,
#  bus_no:0,
#  Data:0
#  
# NCSU_INFO:Time           2310545000:i2c_driver::bl_put():  of test3.env.i2c_agent.driver called
# 
# ------------------- start condition received by I2C -----------------------
# 
# command unsuccessful. CMDR Val: 10000110 | time: 2310575000 
# 
# 
# command unsuccessful. CMDR Val: 10000100 | time: 2312463000 
# 
# 
# command unsuccessful. CMDR Val: 10000001 | time: 2330521000 
# 
# 
# command unsuccessful. CMDR Val: 10000001 | time: 2348579000 
# 
# 
# NCSU_INFO:Time           2348579000:i2c_monitor::run():  of test3.env.i2c_agent.monitor called.
#  Slave address:0x22;
#  RW:0;
#  Data:78 0 0 0 0 0 0 0 0 0 0 0 0 0 0 0 0 0 0 0 0 0 0 0 0 0 0 0 0 0 0 0 0 0 0 0 0 0 0 0 0 0 0 0 0 0 0 0 0 0 0 0 0 0 0 0 0 0 0 0 0 0 0 0
# 
# NCSU_INFO:Time           2348579000:ncsu_component::nb_put():  of test3.env.scoreboard called
# 
# NCSU_INFO:Time           2348581000:wb_monitor::run():  of test3.env.wb_agent.monitor called.
#  wb_register/slave_Addr: 0x2,
#  OP: 0,
#  data: 129
# 
# NCSU_INFO:Time           2348581000:ncsu_component::nb_transport():  of test3.env.scoreboard called
# 
# NCSU_INFO:Time           2348581000:ncsu_component::nb_put():  of test3.env.predictor called
# 
# ------------------- stop condition received by I2C: Write op -----------------------
# 
# name: i2c_trans transaction_count: 245 obj name:i2c_trans,
#  op type:0,
#  slave_addr_captured:00000000,
#  bus_no:          0,
#  Data:78 0 0 0 0 0 0 0 0 0 0 0 0 0 0 0 0 0 0 0 0 0 0 0 0 0 0 0 0 0 0 0 0 0 0 0 0 0 0 0 0 0 0 0 0 0 0 0 0 0 0 0 0 0 0 0 0 0 0 0 0 0 0 0,
#  transfer_stat: 0
# 
# command unsuccessful. CMDR Val: 10000101 | time: 2350277000 
# 
# 
# NCSU_INFO:Time           2350277000:FINISH: wb_driver::run():  of test3.env.wb_agent.driver is called.
# 
# NCSU_INFO:Time           2350277000:START: wb_driver::run():  of test3.env.wb_agent.driver is called.
# 
# name: wb_trans transaction_count: 248 obj name:wb_trans,
#  op type:1,
#  wb_register/slave_addr:00000002,
#  bus_no:0,
#  Data:0
#  
# NCSU_INFO:Time           2350277000:i2c_driver::bl_put():  of test3.env.i2c_agent.driver called
# 
# command unsuccessful. CMDR Val: 10000110 | time: 2350307000 
# 
# 
# ------------------- start condition received by I2C -----------------------
# 
# command unsuccessful. CMDR Val: 10000100 | time: 2352195000 
# 
# 
# command unsuccessful. CMDR Val: 10000001 | time: 2370253000 
# 
# 
# command unsuccessful. CMDR Val: 10000011 | time: 2388303000 
# 
# 
# NCSU_INFO:Time           2388309000:i2c_monitor::run():  of test3.env.i2c_agent.monitor called.
#  Slave address:0x22;
#  RW:1;
#  Data:49
# 
# NCSU_INFO:Time           2388309000:ncsu_component::nb_put():  of test3.env.scoreboard called
# 
# NCSU_INFO:Time           2388311000:wb_monitor::run():  of test3.env.wb_agent.monitor called.
#  wb_register/slave_Addr: 0x1,
#  OP: 0,
#  data: 49
# 
# NCSU_INFO:Time           2388311000:ncsu_component::nb_transport():  of test3.env.scoreboard called
# 
# NCSU_INFO:Time           2388311000:ncsu_component::nb_put():  of test3.env.predictor called
# 
# ------------------- stop condition received by I2C: Read op -----------------------
# 
# name: i2c_trans transaction_count: 249 obj name:i2c_trans,
#  op type:1,
#  slave_addr_captured:00000000,
#  bus_no:          0,
#  Data:49,
#  transfer_stat: 1
# 
# command unsuccessful. CMDR Val: 10000101 | time: 2390007000 
# 
# 
# NCSU_INFO:Time           2390007000:FINISH: wb_driver::run():  of test3.env.wb_agent.driver is called.
# 
# NCSU_INFO:Time           2390007000:START: wb_driver::run():  of test3.env.wb_agent.driver is called.
# 
# name: wb_trans transaction_count: 252 obj name:wb_trans,
#  op type:0,
#  wb_register/slave_addr:00000002,
#  bus_no:0,
#  Data:0
#  
# NCSU_INFO:Time           2390007000:i2c_driver::bl_put():  of test3.env.i2c_agent.driver called
# 
# ------------------- start condition received by I2C -----------------------
# 
# command unsuccessful. CMDR Val: 10000110 | time: 2390037000 
# 
# 
# command unsuccessful. CMDR Val: 10000100 | time: 2391925000 
# 
# 
# command unsuccessful. CMDR Val: 10000001 | time: 2409983000 
# 
# 
# command unsuccessful. CMDR Val: 10000001 | time: 2428041000 
# 
# 
# NCSU_INFO:Time           2428041000:i2c_monitor::run():  of test3.env.i2c_agent.monitor called.
#  Slave address:0x22;
#  RW:0;
#  Data:79 0 0 0 0 0 0 0 0 0 0 0 0 0 0 0 0 0 0 0 0 0 0 0 0 0 0 0 0 0 0 0 0 0 0 0 0 0 0 0 0 0 0 0 0 0 0 0 0 0 0 0 0 0 0 0 0 0 0 0 0 0 0 0
# 
# NCSU_INFO:Time           2428041000:ncsu_component::nb_put():  of test3.env.scoreboard called
# 
# NCSU_INFO:Time           2428043000:wb_monitor::run():  of test3.env.wb_agent.monitor called.
#  wb_register/slave_Addr: 0x2,
#  OP: 0,
#  data: 129
# 
# NCSU_INFO:Time           2428043000:ncsu_component::nb_transport():  of test3.env.scoreboard called
# 
# NCSU_INFO:Time           2428043000:ncsu_component::nb_put():  of test3.env.predictor called
# 
# ------------------- stop condition received by I2C: Write op -----------------------
# 
# name: i2c_trans transaction_count: 253 obj name:i2c_trans,
#  op type:0,
#  slave_addr_captured:00000000,
#  bus_no:          0,
#  Data:79 0 0 0 0 0 0 0 0 0 0 0 0 0 0 0 0 0 0 0 0 0 0 0 0 0 0 0 0 0 0 0 0 0 0 0 0 0 0 0 0 0 0 0 0 0 0 0 0 0 0 0 0 0 0 0 0 0 0 0 0 0 0 0,
#  transfer_stat: 0
# 
# command unsuccessful. CMDR Val: 10000101 | time: 2429739000 
# 
# 
# NCSU_INFO:Time           2429739000:FINISH: wb_driver::run():  of test3.env.wb_agent.driver is called.
# 
# NCSU_INFO:Time           2429739000:START: wb_driver::run():  of test3.env.wb_agent.driver is called.
# 
# name: wb_trans transaction_count: 256 obj name:wb_trans,
#  op type:1,
#  wb_register/slave_addr:00000002,
#  bus_no:0,
#  Data:0
#  
# NCSU_INFO:Time           2429739000:i2c_driver::bl_put():  of test3.env.i2c_agent.driver called
# 
# command unsuccessful. CMDR Val: 10000110 | time: 2429769000 
# 
# 
# ------------------- start condition received by I2C -----------------------
# 
# command unsuccessful. CMDR Val: 10000100 | time: 2431657000 
# 
# 
# command unsuccessful. CMDR Val: 10000001 | time: 2449715000 
# 
# 
# command unsuccessful. CMDR Val: 10000011 | time: 2467765000 
# 
# 
# NCSU_INFO:Time           2467771000:i2c_monitor::run():  of test3.env.i2c_agent.monitor called.
#  Slave address:0x22;
#  RW:1;
#  Data:48
# 
# NCSU_INFO:Time           2467771000:ncsu_component::nb_put():  of test3.env.scoreboard called
# 
# NCSU_INFO:Time           2467773000:wb_monitor::run():  of test3.env.wb_agent.monitor called.
#  wb_register/slave_Addr: 0x1,
#  OP: 0,
#  data: 48
# 
# NCSU_INFO:Time           2467773000:ncsu_component::nb_transport():  of test3.env.scoreboard called
# 
# NCSU_INFO:Time           2467773000:ncsu_component::nb_put():  of test3.env.predictor called
# 
# ------------------- stop condition received by I2C: Read op -----------------------
# 
# name: i2c_trans transaction_count: 257 obj name:i2c_trans,
#  op type:1,
#  slave_addr_captured:00000000,
#  bus_no:          0,
#  Data:48,
#  transfer_stat: 1
# 
# command unsuccessful. CMDR Val: 10000101 | time: 2469469000 
# 
# 
# NCSU_INFO:Time           2469469000:FINISH: wb_driver::run():  of test3.env.wb_agent.driver is called.
# 
# NCSU_INFO:Time           2469469000:START: wb_driver::run():  of test3.env.wb_agent.driver is called.
# 
# name: wb_trans transaction_count: 260 obj name:wb_trans,
#  op type:0,
#  wb_register/slave_addr:00000002,
#  bus_no:0,
#  Data:0
#  
# NCSU_INFO:Time           2469469000:i2c_driver::bl_put():  of test3.env.i2c_agent.driver called
# 
# ------------------- start condition received by I2C -----------------------
# 
# command unsuccessful. CMDR Val: 10000110 | time: 2469499000 
# 
# 
# command unsuccessful. CMDR Val: 10000100 | time: 2471387000 
# 
# 
# command unsuccessful. CMDR Val: 10000001 | time: 2489445000 
# 
# 
# command unsuccessful. CMDR Val: 10000001 | time: 2507503000 
# 
# 
# NCSU_INFO:Time           2507503000:i2c_monitor::run():  of test3.env.i2c_agent.monitor called.
#  Slave address:0x22;
#  RW:0;
#  Data:80 0 0 0 0 0 0 0 0 0 0 0 0 0 0 0 0 0 0 0 0 0 0 0 0 0 0 0 0 0 0 0 0 0 0 0 0 0 0 0 0 0 0 0 0 0 0 0 0 0 0 0 0 0 0 0 0 0 0 0 0 0 0 0
# 
# NCSU_INFO:Time           2507503000:ncsu_component::nb_put():  of test3.env.scoreboard called
# 
# NCSU_INFO:Time           2507505000:wb_monitor::run():  of test3.env.wb_agent.monitor called.
#  wb_register/slave_Addr: 0x2,
#  OP: 0,
#  data: 129
# 
# NCSU_INFO:Time           2507505000:ncsu_component::nb_transport():  of test3.env.scoreboard called
# 
# NCSU_INFO:Time           2507505000:ncsu_component::nb_put():  of test3.env.predictor called
# 
# ------------------- stop condition received by I2C: Write op -----------------------
# 
# name: i2c_trans transaction_count: 261 obj name:i2c_trans,
#  op type:0,
#  slave_addr_captured:00000000,
#  bus_no:          0,
#  Data:80 0 0 0 0 0 0 0 0 0 0 0 0 0 0 0 0 0 0 0 0 0 0 0 0 0 0 0 0 0 0 0 0 0 0 0 0 0 0 0 0 0 0 0 0 0 0 0 0 0 0 0 0 0 0 0 0 0 0 0 0 0 0 0,
#  transfer_stat: 0
# 
# command unsuccessful. CMDR Val: 10000101 | time: 2509201000 
# 
# 
# NCSU_INFO:Time           2509201000:FINISH: wb_driver::run():  of test3.env.wb_agent.driver is called.
# 
# NCSU_INFO:Time           2509201000:START: wb_driver::run():  of test3.env.wb_agent.driver is called.
# 
# name: wb_trans transaction_count: 264 obj name:wb_trans,
#  op type:1,
#  wb_register/slave_addr:00000002,
#  bus_no:0,
#  Data:0
#  
# NCSU_INFO:Time           2509201000:i2c_driver::bl_put():  of test3.env.i2c_agent.driver called
# 
# command unsuccessful. CMDR Val: 10000110 | time: 2509231000 
# 
# 
# ------------------- start condition received by I2C -----------------------
# 
# command unsuccessful. CMDR Val: 10000100 | time: 2511119000 
# 
# 
# command unsuccessful. CMDR Val: 10000001 | time: 2529177000 
# 
# 
# command unsuccessful. CMDR Val: 10000011 | time: 2547227000 
# 
# 
# NCSU_INFO:Time           2547233000:i2c_monitor::run():  of test3.env.i2c_agent.monitor called.
#  Slave address:0x22;
#  RW:1;
#  Data:47
# 
# NCSU_INFO:Time           2547233000:ncsu_component::nb_put():  of test3.env.scoreboard called
# 
# NCSU_INFO:Time           2547235000:wb_monitor::run():  of test3.env.wb_agent.monitor called.
#  wb_register/slave_Addr: 0x1,
#  OP: 0,
#  data: 47
# 
# NCSU_INFO:Time           2547235000:ncsu_component::nb_transport():  of test3.env.scoreboard called
# 
# NCSU_INFO:Time           2547235000:ncsu_component::nb_put():  of test3.env.predictor called
# 
# ------------------- stop condition received by I2C: Read op -----------------------
# 
# name: i2c_trans transaction_count: 265 obj name:i2c_trans,
#  op type:1,
#  slave_addr_captured:00000000,
#  bus_no:          0,
#  Data:47,
#  transfer_stat: 1
# 
# command unsuccessful. CMDR Val: 10000101 | time: 2548931000 
# 
# 
# NCSU_INFO:Time           2548931000:FINISH: wb_driver::run():  of test3.env.wb_agent.driver is called.
# 
# NCSU_INFO:Time           2548931000:START: wb_driver::run():  of test3.env.wb_agent.driver is called.
# 
# name: wb_trans transaction_count: 268 obj name:wb_trans,
#  op type:0,
#  wb_register/slave_addr:00000002,
#  bus_no:0,
#  Data:0
#  
# NCSU_INFO:Time           2548931000:i2c_driver::bl_put():  of test3.env.i2c_agent.driver called
# 
# ------------------- start condition received by I2C -----------------------
# 
# command unsuccessful. CMDR Val: 10000110 | time: 2548961000 
# 
# 
# command unsuccessful. CMDR Val: 10000100 | time: 2550849000 
# 
# 
# command unsuccessful. CMDR Val: 10000001 | time: 2568907000 
# 
# 
# command unsuccessful. CMDR Val: 10000001 | time: 2586965000 
# 
# 
# NCSU_INFO:Time           2586965000:i2c_monitor::run():  of test3.env.i2c_agent.monitor called.
#  Slave address:0x22;
#  RW:0;
#  Data:81 0 0 0 0 0 0 0 0 0 0 0 0 0 0 0 0 0 0 0 0 0 0 0 0 0 0 0 0 0 0 0 0 0 0 0 0 0 0 0 0 0 0 0 0 0 0 0 0 0 0 0 0 0 0 0 0 0 0 0 0 0 0 0
# 
# NCSU_INFO:Time           2586965000:ncsu_component::nb_put():  of test3.env.scoreboard called
# 
# NCSU_INFO:Time           2586967000:wb_monitor::run():  of test3.env.wb_agent.monitor called.
#  wb_register/slave_Addr: 0x2,
#  OP: 0,
#  data: 129
# 
# NCSU_INFO:Time           2586967000:ncsu_component::nb_transport():  of test3.env.scoreboard called
# 
# NCSU_INFO:Time           2586967000:ncsu_component::nb_put():  of test3.env.predictor called
# 
# ------------------- stop condition received by I2C: Write op -----------------------
# 
# name: i2c_trans transaction_count: 269 obj name:i2c_trans,
#  op type:0,
#  slave_addr_captured:00000000,
#  bus_no:          0,
#  Data:81 0 0 0 0 0 0 0 0 0 0 0 0 0 0 0 0 0 0 0 0 0 0 0 0 0 0 0 0 0 0 0 0 0 0 0 0 0 0 0 0 0 0 0 0 0 0 0 0 0 0 0 0 0 0 0 0 0 0 0 0 0 0 0,
#  transfer_stat: 0
# 
# command unsuccessful. CMDR Val: 10000101 | time: 2588663000 
# 
# 
# NCSU_INFO:Time           2588663000:FINISH: wb_driver::run():  of test3.env.wb_agent.driver is called.
# 
# NCSU_INFO:Time           2588663000:START: wb_driver::run():  of test3.env.wb_agent.driver is called.
# 
# name: wb_trans transaction_count: 272 obj name:wb_trans,
#  op type:1,
#  wb_register/slave_addr:00000002,
#  bus_no:0,
#  Data:0
#  
# NCSU_INFO:Time           2588663000:i2c_driver::bl_put():  of test3.env.i2c_agent.driver called
# 
# command unsuccessful. CMDR Val: 10000110 | time: 2588693000 
# 
# 
# ------------------- start condition received by I2C -----------------------
# 
# command unsuccessful. CMDR Val: 10000100 | time: 2590581000 
# 
# 
# command unsuccessful. CMDR Val: 10000001 | time: 2608639000 
# 
# 
# command unsuccessful. CMDR Val: 10000011 | time: 2626689000 
# 
# 
# NCSU_INFO:Time           2626695000:i2c_monitor::run():  of test3.env.i2c_agent.monitor called.
#  Slave address:0x22;
#  RW:1;
#  Data:46
# 
# NCSU_INFO:Time           2626695000:ncsu_component::nb_put():  of test3.env.scoreboard called
# 
# NCSU_INFO:Time           2626697000:wb_monitor::run():  of test3.env.wb_agent.monitor called.
#  wb_register/slave_Addr: 0x1,
#  OP: 0,
#  data: 46
# 
# NCSU_INFO:Time           2626697000:ncsu_component::nb_transport():  of test3.env.scoreboard called
# 
# NCSU_INFO:Time           2626697000:ncsu_component::nb_put():  of test3.env.predictor called
# 
# ------------------- stop condition received by I2C: Read op -----------------------
# 
# name: i2c_trans transaction_count: 273 obj name:i2c_trans,
#  op type:1,
#  slave_addr_captured:00000000,
#  bus_no:          0,
#  Data:46,
#  transfer_stat: 1
# 
# command unsuccessful. CMDR Val: 10000101 | time: 2628393000 
# 
# 
# NCSU_INFO:Time           2628393000:FINISH: wb_driver::run():  of test3.env.wb_agent.driver is called.
# 
# NCSU_INFO:Time           2628393000:START: wb_driver::run():  of test3.env.wb_agent.driver is called.
# 
# name: wb_trans transaction_count: 276 obj name:wb_trans,
#  op type:0,
#  wb_register/slave_addr:00000002,
#  bus_no:0,
#  Data:0
#  
# NCSU_INFO:Time           2628393000:i2c_driver::bl_put():  of test3.env.i2c_agent.driver called
# 
# ------------------- start condition received by I2C -----------------------
# 
# command unsuccessful. CMDR Val: 10000110 | time: 2628423000 
# 
# 
# command unsuccessful. CMDR Val: 10000100 | time: 2630311000 
# 
# 
# command unsuccessful. CMDR Val: 10000001 | time: 2648369000 
# 
# 
# command unsuccessful. CMDR Val: 10000001 | time: 2666427000 
# 
# 
# NCSU_INFO:Time           2666427000:i2c_monitor::run():  of test3.env.i2c_agent.monitor called.
#  Slave address:0x22;
#  RW:0;
#  Data:82 0 0 0 0 0 0 0 0 0 0 0 0 0 0 0 0 0 0 0 0 0 0 0 0 0 0 0 0 0 0 0 0 0 0 0 0 0 0 0 0 0 0 0 0 0 0 0 0 0 0 0 0 0 0 0 0 0 0 0 0 0 0 0
# 
# NCSU_INFO:Time           2666427000:ncsu_component::nb_put():  of test3.env.scoreboard called
# 
# NCSU_INFO:Time           2666429000:wb_monitor::run():  of test3.env.wb_agent.monitor called.
#  wb_register/slave_Addr: 0x2,
#  OP: 0,
#  data: 129
# 
# NCSU_INFO:Time           2666429000:ncsu_component::nb_transport():  of test3.env.scoreboard called
# 
# NCSU_INFO:Time           2666429000:ncsu_component::nb_put():  of test3.env.predictor called
# 
# ------------------- stop condition received by I2C: Write op -----------------------
# 
# name: i2c_trans transaction_count: 277 obj name:i2c_trans,
#  op type:0,
#  slave_addr_captured:00000000,
#  bus_no:          0,
#  Data:82 0 0 0 0 0 0 0 0 0 0 0 0 0 0 0 0 0 0 0 0 0 0 0 0 0 0 0 0 0 0 0 0 0 0 0 0 0 0 0 0 0 0 0 0 0 0 0 0 0 0 0 0 0 0 0 0 0 0 0 0 0 0 0,
#  transfer_stat: 0
# 
# command unsuccessful. CMDR Val: 10000101 | time: 2668125000 
# 
# 
# NCSU_INFO:Time           2668125000:FINISH: wb_driver::run():  of test3.env.wb_agent.driver is called.
# 
# NCSU_INFO:Time           2668125000:START: wb_driver::run():  of test3.env.wb_agent.driver is called.
# 
# name: wb_trans transaction_count: 280 obj name:wb_trans,
#  op type:1,
#  wb_register/slave_addr:00000002,
#  bus_no:0,
#  Data:0
#  
# NCSU_INFO:Time           2668125000:i2c_driver::bl_put():  of test3.env.i2c_agent.driver called
# 
# command unsuccessful. CMDR Val: 10000110 | time: 2668155000 
# 
# 
# ------------------- start condition received by I2C -----------------------
# 
# command unsuccessful. CMDR Val: 10000100 | time: 2670043000 
# 
# 
# command unsuccessful. CMDR Val: 10000001 | time: 2688101000 
# 
# 
# command unsuccessful. CMDR Val: 10000011 | time: 2706151000 
# 
# 
# NCSU_INFO:Time           2706157000:i2c_monitor::run():  of test3.env.i2c_agent.monitor called.
#  Slave address:0x22;
#  RW:1;
#  Data:45
# 
# NCSU_INFO:Time           2706157000:ncsu_component::nb_put():  of test3.env.scoreboard called
# 
# NCSU_INFO:Time           2706159000:wb_monitor::run():  of test3.env.wb_agent.monitor called.
#  wb_register/slave_Addr: 0x1,
#  OP: 0,
#  data: 45
# 
# NCSU_INFO:Time           2706159000:ncsu_component::nb_transport():  of test3.env.scoreboard called
# 
# NCSU_INFO:Time           2706159000:ncsu_component::nb_put():  of test3.env.predictor called
# 
# ------------------- stop condition received by I2C: Read op -----------------------
# 
# name: i2c_trans transaction_count: 281 obj name:i2c_trans,
#  op type:1,
#  slave_addr_captured:00000000,
#  bus_no:          0,
#  Data:45,
#  transfer_stat: 1
# 
# command unsuccessful. CMDR Val: 10000101 | time: 2707855000 
# 
# 
# NCSU_INFO:Time           2707855000:FINISH: wb_driver::run():  of test3.env.wb_agent.driver is called.
# 
# NCSU_INFO:Time           2707855000:START: wb_driver::run():  of test3.env.wb_agent.driver is called.
# 
# name: wb_trans transaction_count: 284 obj name:wb_trans,
#  op type:0,
#  wb_register/slave_addr:00000002,
#  bus_no:0,
#  Data:0
#  
# NCSU_INFO:Time           2707855000:i2c_driver::bl_put():  of test3.env.i2c_agent.driver called
# 
# ------------------- start condition received by I2C -----------------------
# 
# command unsuccessful. CMDR Val: 10000110 | time: 2707885000 
# 
# 
# command unsuccessful. CMDR Val: 10000100 | time: 2709773000 
# 
# 
# command unsuccessful. CMDR Val: 10000001 | time: 2727831000 
# 
# 
# command unsuccessful. CMDR Val: 10000001 | time: 2745889000 
# 
# 
# NCSU_INFO:Time           2745889000:i2c_monitor::run():  of test3.env.i2c_agent.monitor called.
#  Slave address:0x22;
#  RW:0;
#  Data:83 0 0 0 0 0 0 0 0 0 0 0 0 0 0 0 0 0 0 0 0 0 0 0 0 0 0 0 0 0 0 0 0 0 0 0 0 0 0 0 0 0 0 0 0 0 0 0 0 0 0 0 0 0 0 0 0 0 0 0 0 0 0 0
# 
# NCSU_INFO:Time           2745889000:ncsu_component::nb_put():  of test3.env.scoreboard called
# 
# NCSU_INFO:Time           2745891000:wb_monitor::run():  of test3.env.wb_agent.monitor called.
#  wb_register/slave_Addr: 0x2,
#  OP: 0,
#  data: 129
# 
# NCSU_INFO:Time           2745891000:ncsu_component::nb_transport():  of test3.env.scoreboard called
# 
# NCSU_INFO:Time           2745891000:ncsu_component::nb_put():  of test3.env.predictor called
# 
# ------------------- stop condition received by I2C: Write op -----------------------
# 
# name: i2c_trans transaction_count: 285 obj name:i2c_trans,
#  op type:0,
#  slave_addr_captured:00000000,
#  bus_no:          0,
#  Data:83 0 0 0 0 0 0 0 0 0 0 0 0 0 0 0 0 0 0 0 0 0 0 0 0 0 0 0 0 0 0 0 0 0 0 0 0 0 0 0 0 0 0 0 0 0 0 0 0 0 0 0 0 0 0 0 0 0 0 0 0 0 0 0,
#  transfer_stat: 0
# 
# command unsuccessful. CMDR Val: 10000101 | time: 2747587000 
# 
# 
# NCSU_INFO:Time           2747587000:FINISH: wb_driver::run():  of test3.env.wb_agent.driver is called.
# 
# NCSU_INFO:Time           2747587000:START: wb_driver::run():  of test3.env.wb_agent.driver is called.
# 
# name: wb_trans transaction_count: 288 obj name:wb_trans,
#  op type:1,
#  wb_register/slave_addr:00000002,
#  bus_no:0,
#  Data:0
#  
# NCSU_INFO:Time           2747587000:i2c_driver::bl_put():  of test3.env.i2c_agent.driver called
# 
# command unsuccessful. CMDR Val: 10000110 | time: 2747617000 
# 
# 
# ------------------- start condition received by I2C -----------------------
# 
# command unsuccessful. CMDR Val: 10000100 | time: 2749505000 
# 
# 
# command unsuccessful. CMDR Val: 10000001 | time: 2767563000 
# 
# 
# command unsuccessful. CMDR Val: 10000011 | time: 2785613000 
# 
# 
# NCSU_INFO:Time           2785619000:i2c_monitor::run():  of test3.env.i2c_agent.monitor called.
#  Slave address:0x22;
#  RW:1;
#  Data:44
# 
# NCSU_INFO:Time           2785619000:ncsu_component::nb_put():  of test3.env.scoreboard called
# 
# NCSU_INFO:Time           2785621000:wb_monitor::run():  of test3.env.wb_agent.monitor called.
#  wb_register/slave_Addr: 0x1,
#  OP: 0,
#  data: 44
# 
# NCSU_INFO:Time           2785621000:ncsu_component::nb_transport():  of test3.env.scoreboard called
# 
# NCSU_INFO:Time           2785621000:ncsu_component::nb_put():  of test3.env.predictor called
# 
# ------------------- stop condition received by I2C: Read op -----------------------
# 
# name: i2c_trans transaction_count: 289 obj name:i2c_trans,
#  op type:1,
#  slave_addr_captured:00000000,
#  bus_no:          0,
#  Data:44,
#  transfer_stat: 1
# 
# command unsuccessful. CMDR Val: 10000101 | time: 2787317000 
# 
# 
# NCSU_INFO:Time           2787317000:FINISH: wb_driver::run():  of test3.env.wb_agent.driver is called.
# 
# NCSU_INFO:Time           2787317000:START: wb_driver::run():  of test3.env.wb_agent.driver is called.
# 
# name: wb_trans transaction_count: 292 obj name:wb_trans,
#  op type:0,
#  wb_register/slave_addr:00000002,
#  bus_no:0,
#  Data:0
#  
# NCSU_INFO:Time           2787317000:i2c_driver::bl_put():  of test3.env.i2c_agent.driver called
# 
# ------------------- start condition received by I2C -----------------------
# 
# command unsuccessful. CMDR Val: 10000110 | time: 2787347000 
# 
# 
# command unsuccessful. CMDR Val: 10000100 | time: 2789235000 
# 
# 
# command unsuccessful. CMDR Val: 10000001 | time: 2807293000 
# 
# 
# command unsuccessful. CMDR Val: 10000001 | time: 2825351000 
# 
# 
# NCSU_INFO:Time           2825351000:i2c_monitor::run():  of test3.env.i2c_agent.monitor called.
#  Slave address:0x22;
#  RW:0;
#  Data:84 0 0 0 0 0 0 0 0 0 0 0 0 0 0 0 0 0 0 0 0 0 0 0 0 0 0 0 0 0 0 0 0 0 0 0 0 0 0 0 0 0 0 0 0 0 0 0 0 0 0 0 0 0 0 0 0 0 0 0 0 0 0 0
# 
# NCSU_INFO:Time           2825351000:ncsu_component::nb_put():  of test3.env.scoreboard called
# 
# NCSU_INFO:Time           2825353000:wb_monitor::run():  of test3.env.wb_agent.monitor called.
#  wb_register/slave_Addr: 0x2,
#  OP: 0,
#  data: 129
# 
# NCSU_INFO:Time           2825353000:ncsu_component::nb_transport():  of test3.env.scoreboard called
# 
# NCSU_INFO:Time           2825353000:ncsu_component::nb_put():  of test3.env.predictor called
# 
# ------------------- stop condition received by I2C: Write op -----------------------
# 
# name: i2c_trans transaction_count: 293 obj name:i2c_trans,
#  op type:0,
#  slave_addr_captured:00000000,
#  bus_no:          0,
#  Data:84 0 0 0 0 0 0 0 0 0 0 0 0 0 0 0 0 0 0 0 0 0 0 0 0 0 0 0 0 0 0 0 0 0 0 0 0 0 0 0 0 0 0 0 0 0 0 0 0 0 0 0 0 0 0 0 0 0 0 0 0 0 0 0,
#  transfer_stat: 0
# 
# command unsuccessful. CMDR Val: 10000101 | time: 2827049000 
# 
# 
# NCSU_INFO:Time           2827049000:FINISH: wb_driver::run():  of test3.env.wb_agent.driver is called.
# 
# NCSU_INFO:Time           2827049000:START: wb_driver::run():  of test3.env.wb_agent.driver is called.
# 
# name: wb_trans transaction_count: 296 obj name:wb_trans,
#  op type:1,
#  wb_register/slave_addr:00000002,
#  bus_no:0,
#  Data:0
#  
# NCSU_INFO:Time           2827049000:i2c_driver::bl_put():  of test3.env.i2c_agent.driver called
# 
# command unsuccessful. CMDR Val: 10000110 | time: 2827079000 
# 
# 
# ------------------- start condition received by I2C -----------------------
# 
# command unsuccessful. CMDR Val: 10000100 | time: 2828967000 
# 
# 
# command unsuccessful. CMDR Val: 10000001 | time: 2847025000 
# 
# 
# command unsuccessful. CMDR Val: 10000011 | time: 2865075000 
# 
# 
# NCSU_INFO:Time           2865081000:i2c_monitor::run():  of test3.env.i2c_agent.monitor called.
#  Slave address:0x22;
#  RW:1;
#  Data:43
# 
# NCSU_INFO:Time           2865081000:ncsu_component::nb_put():  of test3.env.scoreboard called
# 
# NCSU_INFO:Time           2865083000:wb_monitor::run():  of test3.env.wb_agent.monitor called.
#  wb_register/slave_Addr: 0x1,
#  OP: 0,
#  data: 43
# 
# NCSU_INFO:Time           2865083000:ncsu_component::nb_transport():  of test3.env.scoreboard called
# 
# NCSU_INFO:Time           2865083000:ncsu_component::nb_put():  of test3.env.predictor called
# 
# ------------------- stop condition received by I2C: Read op -----------------------
# 
# name: i2c_trans transaction_count: 297 obj name:i2c_trans,
#  op type:1,
#  slave_addr_captured:00000000,
#  bus_no:          0,
#  Data:43,
#  transfer_stat: 1
# 
# command unsuccessful. CMDR Val: 10000101 | time: 2866779000 
# 
# 
# NCSU_INFO:Time           2866779000:FINISH: wb_driver::run():  of test3.env.wb_agent.driver is called.
# 
# NCSU_INFO:Time           2866779000:START: wb_driver::run():  of test3.env.wb_agent.driver is called.
# 
# name: wb_trans transaction_count: 300 obj name:wb_trans,
#  op type:0,
#  wb_register/slave_addr:00000002,
#  bus_no:0,
#  Data:0
#  
# NCSU_INFO:Time           2866779000:i2c_driver::bl_put():  of test3.env.i2c_agent.driver called
# 
# ------------------- start condition received by I2C -----------------------
# 
# command unsuccessful. CMDR Val: 10000110 | time: 2866809000 
# 
# 
# command unsuccessful. CMDR Val: 10000100 | time: 2868697000 
# 
# 
# command unsuccessful. CMDR Val: 10000001 | time: 2886755000 
# 
# 
# command unsuccessful. CMDR Val: 10000001 | time: 2904813000 
# 
# 
# NCSU_INFO:Time           2904813000:i2c_monitor::run():  of test3.env.i2c_agent.monitor called.
#  Slave address:0x22;
#  RW:0;
#  Data:85 0 0 0 0 0 0 0 0 0 0 0 0 0 0 0 0 0 0 0 0 0 0 0 0 0 0 0 0 0 0 0 0 0 0 0 0 0 0 0 0 0 0 0 0 0 0 0 0 0 0 0 0 0 0 0 0 0 0 0 0 0 0 0
# 
# NCSU_INFO:Time           2904813000:ncsu_component::nb_put():  of test3.env.scoreboard called
# 
# NCSU_INFO:Time           2904815000:wb_monitor::run():  of test3.env.wb_agent.monitor called.
#  wb_register/slave_Addr: 0x2,
#  OP: 0,
#  data: 129
# 
# NCSU_INFO:Time           2904815000:ncsu_component::nb_transport():  of test3.env.scoreboard called
# 
# NCSU_INFO:Time           2904815000:ncsu_component::nb_put():  of test3.env.predictor called
# 
# ------------------- stop condition received by I2C: Write op -----------------------
# 
# name: i2c_trans transaction_count: 301 obj name:i2c_trans,
#  op type:0,
#  slave_addr_captured:00000000,
#  bus_no:          0,
#  Data:85 0 0 0 0 0 0 0 0 0 0 0 0 0 0 0 0 0 0 0 0 0 0 0 0 0 0 0 0 0 0 0 0 0 0 0 0 0 0 0 0 0 0 0 0 0 0 0 0 0 0 0 0 0 0 0 0 0 0 0 0 0 0 0,
#  transfer_stat: 0
# 
# command unsuccessful. CMDR Val: 10000101 | time: 2906511000 
# 
# 
# NCSU_INFO:Time           2906511000:FINISH: wb_driver::run():  of test3.env.wb_agent.driver is called.
# 
# NCSU_INFO:Time           2906511000:START: wb_driver::run():  of test3.env.wb_agent.driver is called.
# 
# name: wb_trans transaction_count: 304 obj name:wb_trans,
#  op type:1,
#  wb_register/slave_addr:00000002,
#  bus_no:0,
#  Data:0
#  
# NCSU_INFO:Time           2906511000:i2c_driver::bl_put():  of test3.env.i2c_agent.driver called
# 
# command unsuccessful. CMDR Val: 10000110 | time: 2906541000 
# 
# 
# ------------------- start condition received by I2C -----------------------
# 
# command unsuccessful. CMDR Val: 10000100 | time: 2908429000 
# 
# 
# command unsuccessful. CMDR Val: 10000001 | time: 2926487000 
# 
# 
# command unsuccessful. CMDR Val: 10000011 | time: 2944537000 
# 
# 
# NCSU_INFO:Time           2944543000:i2c_monitor::run():  of test3.env.i2c_agent.monitor called.
#  Slave address:0x22;
#  RW:1;
#  Data:42
# 
# NCSU_INFO:Time           2944543000:ncsu_component::nb_put():  of test3.env.scoreboard called
# 
# NCSU_INFO:Time           2944545000:wb_monitor::run():  of test3.env.wb_agent.monitor called.
#  wb_register/slave_Addr: 0x1,
#  OP: 0,
#  data: 42
# 
# NCSU_INFO:Time           2944545000:ncsu_component::nb_transport():  of test3.env.scoreboard called
# 
# NCSU_INFO:Time           2944545000:ncsu_component::nb_put():  of test3.env.predictor called
# 
# ------------------- stop condition received by I2C: Read op -----------------------
# 
# name: i2c_trans transaction_count: 305 obj name:i2c_trans,
#  op type:1,
#  slave_addr_captured:00000000,
#  bus_no:          0,
#  Data:42,
#  transfer_stat: 1
# 
# command unsuccessful. CMDR Val: 10000101 | time: 2946241000 
# 
# 
# NCSU_INFO:Time           2946241000:FINISH: wb_driver::run():  of test3.env.wb_agent.driver is called.
# 
# NCSU_INFO:Time           2946241000:START: wb_driver::run():  of test3.env.wb_agent.driver is called.
# 
# name: wb_trans transaction_count: 308 obj name:wb_trans,
#  op type:0,
#  wb_register/slave_addr:00000002,
#  bus_no:0,
#  Data:0
#  
# NCSU_INFO:Time           2946241000:i2c_driver::bl_put():  of test3.env.i2c_agent.driver called
# 
# ------------------- start condition received by I2C -----------------------
# 
# command unsuccessful. CMDR Val: 10000110 | time: 2946271000 
# 
# 
# command unsuccessful. CMDR Val: 10000100 | time: 2948159000 
# 
# 
# command unsuccessful. CMDR Val: 10000001 | time: 2966217000 
# 
# 
# command unsuccessful. CMDR Val: 10000001 | time: 2984275000 
# 
# 
# NCSU_INFO:Time           2984275000:i2c_monitor::run():  of test3.env.i2c_agent.monitor called.
#  Slave address:0x22;
#  RW:0;
#  Data:86 0 0 0 0 0 0 0 0 0 0 0 0 0 0 0 0 0 0 0 0 0 0 0 0 0 0 0 0 0 0 0 0 0 0 0 0 0 0 0 0 0 0 0 0 0 0 0 0 0 0 0 0 0 0 0 0 0 0 0 0 0 0 0
# 
# NCSU_INFO:Time           2984275000:ncsu_component::nb_put():  of test3.env.scoreboard called
# 
# NCSU_INFO:Time           2984277000:wb_monitor::run():  of test3.env.wb_agent.monitor called.
#  wb_register/slave_Addr: 0x2,
#  OP: 0,
#  data: 129
# 
# NCSU_INFO:Time           2984277000:ncsu_component::nb_transport():  of test3.env.scoreboard called
# 
# NCSU_INFO:Time           2984277000:ncsu_component::nb_put():  of test3.env.predictor called
# 
# ------------------- stop condition received by I2C: Write op -----------------------
# 
# name: i2c_trans transaction_count: 309 obj name:i2c_trans,
#  op type:0,
#  slave_addr_captured:00000000,
#  bus_no:          0,
#  Data:86 0 0 0 0 0 0 0 0 0 0 0 0 0 0 0 0 0 0 0 0 0 0 0 0 0 0 0 0 0 0 0 0 0 0 0 0 0 0 0 0 0 0 0 0 0 0 0 0 0 0 0 0 0 0 0 0 0 0 0 0 0 0 0,
#  transfer_stat: 0
# 
# command unsuccessful. CMDR Val: 10000101 | time: 2985973000 
# 
# 
# NCSU_INFO:Time           2985973000:FINISH: wb_driver::run():  of test3.env.wb_agent.driver is called.
# 
# NCSU_INFO:Time           2985973000:START: wb_driver::run():  of test3.env.wb_agent.driver is called.
# 
# name: wb_trans transaction_count: 312 obj name:wb_trans,
#  op type:1,
#  wb_register/slave_addr:00000002,
#  bus_no:0,
#  Data:0
#  
# NCSU_INFO:Time           2985973000:i2c_driver::bl_put():  of test3.env.i2c_agent.driver called
# 
# command unsuccessful. CMDR Val: 10000110 | time: 2986003000 
# 
# 
# ------------------- start condition received by I2C -----------------------
# 
# command unsuccessful. CMDR Val: 10000100 | time: 2987891000 
# 
# 
# command unsuccessful. CMDR Val: 10000001 | time: 3005949000 
# 
# 
# command unsuccessful. CMDR Val: 10000011 | time: 3023999000 
# 
# 
# NCSU_INFO:Time           3024005000:i2c_monitor::run():  of test3.env.i2c_agent.monitor called.
#  Slave address:0x22;
#  RW:1;
#  Data:41
# 
# NCSU_INFO:Time           3024005000:ncsu_component::nb_put():  of test3.env.scoreboard called
# 
# NCSU_INFO:Time           3024007000:wb_monitor::run():  of test3.env.wb_agent.monitor called.
#  wb_register/slave_Addr: 0x1,
#  OP: 0,
#  data: 41
# 
# NCSU_INFO:Time           3024007000:ncsu_component::nb_transport():  of test3.env.scoreboard called
# 
# NCSU_INFO:Time           3024007000:ncsu_component::nb_put():  of test3.env.predictor called
# 
# ------------------- stop condition received by I2C: Read op -----------------------
# 
# name: i2c_trans transaction_count: 313 obj name:i2c_trans,
#  op type:1,
#  slave_addr_captured:00000000,
#  bus_no:          0,
#  Data:41,
#  transfer_stat: 1
# 
# command unsuccessful. CMDR Val: 10000101 | time: 3025703000 
# 
# 
# NCSU_INFO:Time           3025703000:FINISH: wb_driver::run():  of test3.env.wb_agent.driver is called.
# 
# NCSU_INFO:Time           3025703000:START: wb_driver::run():  of test3.env.wb_agent.driver is called.
# 
# name: wb_trans transaction_count: 316 obj name:wb_trans,
#  op type:0,
#  wb_register/slave_addr:00000002,
#  bus_no:0,
#  Data:0
#  
# NCSU_INFO:Time           3025703000:i2c_driver::bl_put():  of test3.env.i2c_agent.driver called
# 
# ------------------- start condition received by I2C -----------------------
# 
# command unsuccessful. CMDR Val: 10000110 | time: 3025733000 
# 
# 
# command unsuccessful. CMDR Val: 10000100 | time: 3027621000 
# 
# 
# command unsuccessful. CMDR Val: 10000001 | time: 3045679000 
# 
# 
# command unsuccessful. CMDR Val: 10000001 | time: 3063737000 
# 
# 
# NCSU_INFO:Time           3063737000:i2c_monitor::run():  of test3.env.i2c_agent.monitor called.
#  Slave address:0x22;
#  RW:0;
#  Data:87 0 0 0 0 0 0 0 0 0 0 0 0 0 0 0 0 0 0 0 0 0 0 0 0 0 0 0 0 0 0 0 0 0 0 0 0 0 0 0 0 0 0 0 0 0 0 0 0 0 0 0 0 0 0 0 0 0 0 0 0 0 0 0
# 
# NCSU_INFO:Time           3063737000:ncsu_component::nb_put():  of test3.env.scoreboard called
# 
# NCSU_INFO:Time           3063739000:wb_monitor::run():  of test3.env.wb_agent.monitor called.
#  wb_register/slave_Addr: 0x2,
#  OP: 0,
#  data: 129
# 
# NCSU_INFO:Time           3063739000:ncsu_component::nb_transport():  of test3.env.scoreboard called
# 
# NCSU_INFO:Time           3063739000:ncsu_component::nb_put():  of test3.env.predictor called
# 
# ------------------- stop condition received by I2C: Write op -----------------------
# 
# name: i2c_trans transaction_count: 317 obj name:i2c_trans,
#  op type:0,
#  slave_addr_captured:00000000,
#  bus_no:          0,
#  Data:87 0 0 0 0 0 0 0 0 0 0 0 0 0 0 0 0 0 0 0 0 0 0 0 0 0 0 0 0 0 0 0 0 0 0 0 0 0 0 0 0 0 0 0 0 0 0 0 0 0 0 0 0 0 0 0 0 0 0 0 0 0 0 0,
#  transfer_stat: 0
# 
# command unsuccessful. CMDR Val: 10000101 | time: 3065435000 
# 
# 
# NCSU_INFO:Time           3065435000:FINISH: wb_driver::run():  of test3.env.wb_agent.driver is called.
# 
# NCSU_INFO:Time           3065435000:START: wb_driver::run():  of test3.env.wb_agent.driver is called.
# 
# name: wb_trans transaction_count: 320 obj name:wb_trans,
#  op type:1,
#  wb_register/slave_addr:00000002,
#  bus_no:0,
#  Data:0
#  
# NCSU_INFO:Time           3065435000:i2c_driver::bl_put():  of test3.env.i2c_agent.driver called
# 
# command unsuccessful. CMDR Val: 10000110 | time: 3065465000 
# 
# 
# ------------------- start condition received by I2C -----------------------
# 
# command unsuccessful. CMDR Val: 10000100 | time: 3067353000 
# 
# 
# command unsuccessful. CMDR Val: 10000001 | time: 3085411000 
# 
# 
# command unsuccessful. CMDR Val: 10000011 | time: 3103461000 
# 
# 
# NCSU_INFO:Time           3103467000:i2c_monitor::run():  of test3.env.i2c_agent.monitor called.
#  Slave address:0x22;
#  RW:1;
#  Data:40
# 
# NCSU_INFO:Time           3103467000:ncsu_component::nb_put():  of test3.env.scoreboard called
# 
# NCSU_INFO:Time           3103469000:wb_monitor::run():  of test3.env.wb_agent.monitor called.
#  wb_register/slave_Addr: 0x1,
#  OP: 0,
#  data: 40
# 
# NCSU_INFO:Time           3103469000:ncsu_component::nb_transport():  of test3.env.scoreboard called
# 
# NCSU_INFO:Time           3103469000:ncsu_component::nb_put():  of test3.env.predictor called
# 
# ------------------- stop condition received by I2C: Read op -----------------------
# 
# name: i2c_trans transaction_count: 321 obj name:i2c_trans,
#  op type:1,
#  slave_addr_captured:00000000,
#  bus_no:          0,
#  Data:40,
#  transfer_stat: 1
# 
# command unsuccessful. CMDR Val: 10000101 | time: 3105165000 
# 
# 
# NCSU_INFO:Time           3105165000:FINISH: wb_driver::run():  of test3.env.wb_agent.driver is called.
# 
# NCSU_INFO:Time           3105165000:START: wb_driver::run():  of test3.env.wb_agent.driver is called.
# 
# name: wb_trans transaction_count: 324 obj name:wb_trans,
#  op type:0,
#  wb_register/slave_addr:00000002,
#  bus_no:0,
#  Data:0
#  
# NCSU_INFO:Time           3105165000:i2c_driver::bl_put():  of test3.env.i2c_agent.driver called
# 
# ------------------- start condition received by I2C -----------------------
# 
# command unsuccessful. CMDR Val: 10000110 | time: 3105195000 
# 
# 
# command unsuccessful. CMDR Val: 10000100 | time: 3107083000 
# 
# 
# command unsuccessful. CMDR Val: 10000001 | time: 3125141000 
# 
# 
# command unsuccessful. CMDR Val: 10000001 | time: 3143199000 
# 
# 
# NCSU_INFO:Time           3143199000:i2c_monitor::run():  of test3.env.i2c_agent.monitor called.
#  Slave address:0x22;
#  RW:0;
#  Data:88 0 0 0 0 0 0 0 0 0 0 0 0 0 0 0 0 0 0 0 0 0 0 0 0 0 0 0 0 0 0 0 0 0 0 0 0 0 0 0 0 0 0 0 0 0 0 0 0 0 0 0 0 0 0 0 0 0 0 0 0 0 0 0
# 
# NCSU_INFO:Time           3143199000:ncsu_component::nb_put():  of test3.env.scoreboard called
# 
# NCSU_INFO:Time           3143201000:wb_monitor::run():  of test3.env.wb_agent.monitor called.
#  wb_register/slave_Addr: 0x2,
#  OP: 0,
#  data: 129
# 
# NCSU_INFO:Time           3143201000:ncsu_component::nb_transport():  of test3.env.scoreboard called
# 
# NCSU_INFO:Time           3143201000:ncsu_component::nb_put():  of test3.env.predictor called
# 
# ------------------- stop condition received by I2C: Write op -----------------------
# 
# name: i2c_trans transaction_count: 325 obj name:i2c_trans,
#  op type:0,
#  slave_addr_captured:00000000,
#  bus_no:          0,
#  Data:88 0 0 0 0 0 0 0 0 0 0 0 0 0 0 0 0 0 0 0 0 0 0 0 0 0 0 0 0 0 0 0 0 0 0 0 0 0 0 0 0 0 0 0 0 0 0 0 0 0 0 0 0 0 0 0 0 0 0 0 0 0 0 0,
#  transfer_stat: 0
# 
# command unsuccessful. CMDR Val: 10000101 | time: 3144897000 
# 
# 
# NCSU_INFO:Time           3144897000:FINISH: wb_driver::run():  of test3.env.wb_agent.driver is called.
# 
# NCSU_INFO:Time           3144897000:START: wb_driver::run():  of test3.env.wb_agent.driver is called.
# 
# name: wb_trans transaction_count: 328 obj name:wb_trans,
#  op type:1,
#  wb_register/slave_addr:00000002,
#  bus_no:0,
#  Data:0
#  
# NCSU_INFO:Time           3144897000:i2c_driver::bl_put():  of test3.env.i2c_agent.driver called
# 
# command unsuccessful. CMDR Val: 10000110 | time: 3144927000 
# 
# 
# ------------------- start condition received by I2C -----------------------
# 
# command unsuccessful. CMDR Val: 10000100 | time: 3146815000 
# 
# 
# command unsuccessful. CMDR Val: 10000001 | time: 3164873000 
# 
# 
# command unsuccessful. CMDR Val: 10000011 | time: 3182923000 
# 
# 
# NCSU_INFO:Time           3182929000:i2c_monitor::run():  of test3.env.i2c_agent.monitor called.
#  Slave address:0x22;
#  RW:1;
#  Data:39
# 
# NCSU_INFO:Time           3182929000:ncsu_component::nb_put():  of test3.env.scoreboard called
# 
# NCSU_INFO:Time           3182931000:wb_monitor::run():  of test3.env.wb_agent.monitor called.
#  wb_register/slave_Addr: 0x1,
#  OP: 0,
#  data: 39
# 
# NCSU_INFO:Time           3182931000:ncsu_component::nb_transport():  of test3.env.scoreboard called
# 
# NCSU_INFO:Time           3182931000:ncsu_component::nb_put():  of test3.env.predictor called
# 
# ------------------- stop condition received by I2C: Read op -----------------------
# 
# name: i2c_trans transaction_count: 329 obj name:i2c_trans,
#  op type:1,
#  slave_addr_captured:00000000,
#  bus_no:          0,
#  Data:39,
#  transfer_stat: 1
# 
# command unsuccessful. CMDR Val: 10000101 | time: 3184627000 
# 
# 
# NCSU_INFO:Time           3184627000:FINISH: wb_driver::run():  of test3.env.wb_agent.driver is called.
# 
# NCSU_INFO:Time           3184627000:START: wb_driver::run():  of test3.env.wb_agent.driver is called.
# 
# name: wb_trans transaction_count: 332 obj name:wb_trans,
#  op type:0,
#  wb_register/slave_addr:00000002,
#  bus_no:0,
#  Data:0
#  
# NCSU_INFO:Time           3184627000:i2c_driver::bl_put():  of test3.env.i2c_agent.driver called
# 
# ------------------- start condition received by I2C -----------------------
# 
# command unsuccessful. CMDR Val: 10000110 | time: 3184657000 
# 
# 
# command unsuccessful. CMDR Val: 10000100 | time: 3186545000 
# 
# 
# command unsuccessful. CMDR Val: 10000001 | time: 3204603000 
# 
# 
# command unsuccessful. CMDR Val: 10000001 | time: 3222661000 
# 
# 
# NCSU_INFO:Time           3222661000:i2c_monitor::run():  of test3.env.i2c_agent.monitor called.
#  Slave address:0x22;
#  RW:0;
#  Data:89 0 0 0 0 0 0 0 0 0 0 0 0 0 0 0 0 0 0 0 0 0 0 0 0 0 0 0 0 0 0 0 0 0 0 0 0 0 0 0 0 0 0 0 0 0 0 0 0 0 0 0 0 0 0 0 0 0 0 0 0 0 0 0
# 
# NCSU_INFO:Time           3222661000:ncsu_component::nb_put():  of test3.env.scoreboard called
# 
# NCSU_INFO:Time           3222663000:wb_monitor::run():  of test3.env.wb_agent.monitor called.
#  wb_register/slave_Addr: 0x2,
#  OP: 0,
#  data: 129
# 
# NCSU_INFO:Time           3222663000:ncsu_component::nb_transport():  of test3.env.scoreboard called
# 
# NCSU_INFO:Time           3222663000:ncsu_component::nb_put():  of test3.env.predictor called
# 
# ------------------- stop condition received by I2C: Write op -----------------------
# 
# name: i2c_trans transaction_count: 333 obj name:i2c_trans,
#  op type:0,
#  slave_addr_captured:00000000,
#  bus_no:          0,
#  Data:89 0 0 0 0 0 0 0 0 0 0 0 0 0 0 0 0 0 0 0 0 0 0 0 0 0 0 0 0 0 0 0 0 0 0 0 0 0 0 0 0 0 0 0 0 0 0 0 0 0 0 0 0 0 0 0 0 0 0 0 0 0 0 0,
#  transfer_stat: 0
# 
# command unsuccessful. CMDR Val: 10000101 | time: 3224359000 
# 
# 
# NCSU_INFO:Time           3224359000:FINISH: wb_driver::run():  of test3.env.wb_agent.driver is called.
# 
# NCSU_INFO:Time           3224359000:START: wb_driver::run():  of test3.env.wb_agent.driver is called.
# 
# name: wb_trans transaction_count: 336 obj name:wb_trans,
#  op type:1,
#  wb_register/slave_addr:00000002,
#  bus_no:0,
#  Data:0
#  
# NCSU_INFO:Time           3224359000:i2c_driver::bl_put():  of test3.env.i2c_agent.driver called
# 
# command unsuccessful. CMDR Val: 10000110 | time: 3224389000 
# 
# 
# ------------------- start condition received by I2C -----------------------
# 
# command unsuccessful. CMDR Val: 10000100 | time: 3226277000 
# 
# 
# command unsuccessful. CMDR Val: 10000001 | time: 3244335000 
# 
# 
# command unsuccessful. CMDR Val: 10000011 | time: 3262385000 
# 
# 
# NCSU_INFO:Time           3262391000:i2c_monitor::run():  of test3.env.i2c_agent.monitor called.
#  Slave address:0x22;
#  RW:1;
#  Data:38
# 
# NCSU_INFO:Time           3262391000:ncsu_component::nb_put():  of test3.env.scoreboard called
# 
# NCSU_INFO:Time           3262393000:wb_monitor::run():  of test3.env.wb_agent.monitor called.
#  wb_register/slave_Addr: 0x1,
#  OP: 0,
#  data: 38
# 
# NCSU_INFO:Time           3262393000:ncsu_component::nb_transport():  of test3.env.scoreboard called
# 
# NCSU_INFO:Time           3262393000:ncsu_component::nb_put():  of test3.env.predictor called
# 
# ------------------- stop condition received by I2C: Read op -----------------------
# 
# name: i2c_trans transaction_count: 337 obj name:i2c_trans,
#  op type:1,
#  slave_addr_captured:00000000,
#  bus_no:          0,
#  Data:38,
#  transfer_stat: 1
# 
# command unsuccessful. CMDR Val: 10000101 | time: 3264089000 
# 
# 
# NCSU_INFO:Time           3264089000:FINISH: wb_driver::run():  of test3.env.wb_agent.driver is called.
# 
# NCSU_INFO:Time           3264089000:START: wb_driver::run():  of test3.env.wb_agent.driver is called.
# 
# name: wb_trans transaction_count: 340 obj name:wb_trans,
#  op type:0,
#  wb_register/slave_addr:00000002,
#  bus_no:0,
#  Data:0
#  
# NCSU_INFO:Time           3264089000:i2c_driver::bl_put():  of test3.env.i2c_agent.driver called
# 
# ------------------- start condition received by I2C -----------------------
# 
# command unsuccessful. CMDR Val: 10000110 | time: 3264119000 
# 
# 
# command unsuccessful. CMDR Val: 10000100 | time: 3266007000 
# 
# 
# command unsuccessful. CMDR Val: 10000001 | time: 3284065000 
# 
# 
# command unsuccessful. CMDR Val: 10000001 | time: 3302123000 
# 
# 
# NCSU_INFO:Time           3302123000:i2c_monitor::run():  of test3.env.i2c_agent.monitor called.
#  Slave address:0x22;
#  RW:0;
#  Data:90 0 0 0 0 0 0 0 0 0 0 0 0 0 0 0 0 0 0 0 0 0 0 0 0 0 0 0 0 0 0 0 0 0 0 0 0 0 0 0 0 0 0 0 0 0 0 0 0 0 0 0 0 0 0 0 0 0 0 0 0 0 0 0
# 
# NCSU_INFO:Time           3302123000:ncsu_component::nb_put():  of test3.env.scoreboard called
# 
# NCSU_INFO:Time           3302125000:wb_monitor::run():  of test3.env.wb_agent.monitor called.
#  wb_register/slave_Addr: 0x2,
#  OP: 0,
#  data: 129
# 
# NCSU_INFO:Time           3302125000:ncsu_component::nb_transport():  of test3.env.scoreboard called
# 
# NCSU_INFO:Time           3302125000:ncsu_component::nb_put():  of test3.env.predictor called
# 
# ------------------- stop condition received by I2C: Write op -----------------------
# 
# name: i2c_trans transaction_count: 341 obj name:i2c_trans,
#  op type:0,
#  slave_addr_captured:00000000,
#  bus_no:          0,
#  Data:90 0 0 0 0 0 0 0 0 0 0 0 0 0 0 0 0 0 0 0 0 0 0 0 0 0 0 0 0 0 0 0 0 0 0 0 0 0 0 0 0 0 0 0 0 0 0 0 0 0 0 0 0 0 0 0 0 0 0 0 0 0 0 0,
#  transfer_stat: 0
# 
# command unsuccessful. CMDR Val: 10000101 | time: 3303821000 
# 
# 
# NCSU_INFO:Time           3303821000:FINISH: wb_driver::run():  of test3.env.wb_agent.driver is called.
# 
# NCSU_INFO:Time           3303821000:START: wb_driver::run():  of test3.env.wb_agent.driver is called.
# 
# name: wb_trans transaction_count: 344 obj name:wb_trans,
#  op type:1,
#  wb_register/slave_addr:00000002,
#  bus_no:0,
#  Data:0
#  
# NCSU_INFO:Time           3303821000:i2c_driver::bl_put():  of test3.env.i2c_agent.driver called
# 
# command unsuccessful. CMDR Val: 10000110 | time: 3303851000 
# 
# 
# ------------------- start condition received by I2C -----------------------
# 
# command unsuccessful. CMDR Val: 10000100 | time: 3305739000 
# 
# 
# command unsuccessful. CMDR Val: 10000001 | time: 3323797000 
# 
# 
# command unsuccessful. CMDR Val: 10000011 | time: 3341847000 
# 
# 
# NCSU_INFO:Time           3341853000:i2c_monitor::run():  of test3.env.i2c_agent.monitor called.
#  Slave address:0x22;
#  RW:1;
#  Data:37
# 
# NCSU_INFO:Time           3341853000:ncsu_component::nb_put():  of test3.env.scoreboard called
# 
# NCSU_INFO:Time           3341855000:wb_monitor::run():  of test3.env.wb_agent.monitor called.
#  wb_register/slave_Addr: 0x1,
#  OP: 0,
#  data: 37
# 
# NCSU_INFO:Time           3341855000:ncsu_component::nb_transport():  of test3.env.scoreboard called
# 
# NCSU_INFO:Time           3341855000:ncsu_component::nb_put():  of test3.env.predictor called
# 
# ------------------- stop condition received by I2C: Read op -----------------------
# 
# name: i2c_trans transaction_count: 345 obj name:i2c_trans,
#  op type:1,
#  slave_addr_captured:00000000,
#  bus_no:          0,
#  Data:37,
#  transfer_stat: 1
# 
# command unsuccessful. CMDR Val: 10000101 | time: 3343551000 
# 
# 
# NCSU_INFO:Time           3343551000:FINISH: wb_driver::run():  of test3.env.wb_agent.driver is called.
# 
# NCSU_INFO:Time           3343551000:START: wb_driver::run():  of test3.env.wb_agent.driver is called.
# 
# name: wb_trans transaction_count: 348 obj name:wb_trans,
#  op type:0,
#  wb_register/slave_addr:00000002,
#  bus_no:0,
#  Data:0
#  
# NCSU_INFO:Time           3343551000:i2c_driver::bl_put():  of test3.env.i2c_agent.driver called
# 
# ------------------- start condition received by I2C -----------------------
# 
# command unsuccessful. CMDR Val: 10000110 | time: 3343581000 
# 
# 
# command unsuccessful. CMDR Val: 10000100 | time: 3345469000 
# 
# 
# command unsuccessful. CMDR Val: 10000001 | time: 3363527000 
# 
# 
# command unsuccessful. CMDR Val: 10000001 | time: 3381585000 
# 
# 
# NCSU_INFO:Time           3381585000:i2c_monitor::run():  of test3.env.i2c_agent.monitor called.
#  Slave address:0x22;
#  RW:0;
#  Data:91 0 0 0 0 0 0 0 0 0 0 0 0 0 0 0 0 0 0 0 0 0 0 0 0 0 0 0 0 0 0 0 0 0 0 0 0 0 0 0 0 0 0 0 0 0 0 0 0 0 0 0 0 0 0 0 0 0 0 0 0 0 0 0
# 
# NCSU_INFO:Time           3381585000:ncsu_component::nb_put():  of test3.env.scoreboard called
# 
# NCSU_INFO:Time           3381587000:wb_monitor::run():  of test3.env.wb_agent.monitor called.
#  wb_register/slave_Addr: 0x2,
#  OP: 0,
#  data: 129
# 
# NCSU_INFO:Time           3381587000:ncsu_component::nb_transport():  of test3.env.scoreboard called
# 
# NCSU_INFO:Time           3381587000:ncsu_component::nb_put():  of test3.env.predictor called
# 
# ------------------- stop condition received by I2C: Write op -----------------------
# 
# name: i2c_trans transaction_count: 349 obj name:i2c_trans,
#  op type:0,
#  slave_addr_captured:00000000,
#  bus_no:          0,
#  Data:91 0 0 0 0 0 0 0 0 0 0 0 0 0 0 0 0 0 0 0 0 0 0 0 0 0 0 0 0 0 0 0 0 0 0 0 0 0 0 0 0 0 0 0 0 0 0 0 0 0 0 0 0 0 0 0 0 0 0 0 0 0 0 0,
#  transfer_stat: 0
# 
# command unsuccessful. CMDR Val: 10000101 | time: 3383283000 
# 
# 
# NCSU_INFO:Time           3383283000:FINISH: wb_driver::run():  of test3.env.wb_agent.driver is called.
# 
# NCSU_INFO:Time           3383283000:START: wb_driver::run():  of test3.env.wb_agent.driver is called.
# 
# name: wb_trans transaction_count: 352 obj name:wb_trans,
#  op type:1,
#  wb_register/slave_addr:00000002,
#  bus_no:0,
#  Data:0
#  
# NCSU_INFO:Time           3383283000:i2c_driver::bl_put():  of test3.env.i2c_agent.driver called
# 
# command unsuccessful. CMDR Val: 10000110 | time: 3383313000 
# 
# 
# ------------------- start condition received by I2C -----------------------
# 
# command unsuccessful. CMDR Val: 10000100 | time: 3385201000 
# 
# 
# command unsuccessful. CMDR Val: 10000001 | time: 3403259000 
# 
# 
# command unsuccessful. CMDR Val: 10000011 | time: 3421309000 
# 
# 
# NCSU_INFO:Time           3421315000:i2c_monitor::run():  of test3.env.i2c_agent.monitor called.
#  Slave address:0x22;
#  RW:1;
#  Data:36
# 
# NCSU_INFO:Time           3421315000:ncsu_component::nb_put():  of test3.env.scoreboard called
# 
# NCSU_INFO:Time           3421317000:wb_monitor::run():  of test3.env.wb_agent.monitor called.
#  wb_register/slave_Addr: 0x1,
#  OP: 0,
#  data: 36
# 
# NCSU_INFO:Time           3421317000:ncsu_component::nb_transport():  of test3.env.scoreboard called
# 
# NCSU_INFO:Time           3421317000:ncsu_component::nb_put():  of test3.env.predictor called
# 
# ------------------- stop condition received by I2C: Read op -----------------------
# 
# name: i2c_trans transaction_count: 353 obj name:i2c_trans,
#  op type:1,
#  slave_addr_captured:00000000,
#  bus_no:          0,
#  Data:36,
#  transfer_stat: 1
# 
# command unsuccessful. CMDR Val: 10000101 | time: 3423013000 
# 
# 
# NCSU_INFO:Time           3423013000:FINISH: wb_driver::run():  of test3.env.wb_agent.driver is called.
# 
# NCSU_INFO:Time           3423013000:START: wb_driver::run():  of test3.env.wb_agent.driver is called.
# 
# name: wb_trans transaction_count: 356 obj name:wb_trans,
#  op type:0,
#  wb_register/slave_addr:00000002,
#  bus_no:0,
#  Data:0
#  
# NCSU_INFO:Time           3423013000:i2c_driver::bl_put():  of test3.env.i2c_agent.driver called
# 
# ------------------- start condition received by I2C -----------------------
# 
# command unsuccessful. CMDR Val: 10000110 | time: 3423043000 
# 
# 
# command unsuccessful. CMDR Val: 10000100 | time: 3424931000 
# 
# 
# command unsuccessful. CMDR Val: 10000001 | time: 3442989000 
# 
# 
# command unsuccessful. CMDR Val: 10000001 | time: 3461047000 
# 
# 
# NCSU_INFO:Time           3461047000:i2c_monitor::run():  of test3.env.i2c_agent.monitor called.
#  Slave address:0x22;
#  RW:0;
#  Data:92 0 0 0 0 0 0 0 0 0 0 0 0 0 0 0 0 0 0 0 0 0 0 0 0 0 0 0 0 0 0 0 0 0 0 0 0 0 0 0 0 0 0 0 0 0 0 0 0 0 0 0 0 0 0 0 0 0 0 0 0 0 0 0
# 
# NCSU_INFO:Time           3461047000:ncsu_component::nb_put():  of test3.env.scoreboard called
# 
# NCSU_INFO:Time           3461049000:wb_monitor::run():  of test3.env.wb_agent.monitor called.
#  wb_register/slave_Addr: 0x2,
#  OP: 0,
#  data: 129
# 
# NCSU_INFO:Time           3461049000:ncsu_component::nb_transport():  of test3.env.scoreboard called
# 
# NCSU_INFO:Time           3461049000:ncsu_component::nb_put():  of test3.env.predictor called
# 
# ------------------- stop condition received by I2C: Write op -----------------------
# 
# name: i2c_trans transaction_count: 357 obj name:i2c_trans,
#  op type:0,
#  slave_addr_captured:00000000,
#  bus_no:          0,
#  Data:92 0 0 0 0 0 0 0 0 0 0 0 0 0 0 0 0 0 0 0 0 0 0 0 0 0 0 0 0 0 0 0 0 0 0 0 0 0 0 0 0 0 0 0 0 0 0 0 0 0 0 0 0 0 0 0 0 0 0 0 0 0 0 0,
#  transfer_stat: 0
# 
# command unsuccessful. CMDR Val: 10000101 | time: 3462745000 
# 
# 
# NCSU_INFO:Time           3462745000:FINISH: wb_driver::run():  of test3.env.wb_agent.driver is called.
# 
# NCSU_INFO:Time           3462745000:START: wb_driver::run():  of test3.env.wb_agent.driver is called.
# 
# name: wb_trans transaction_count: 360 obj name:wb_trans,
#  op type:1,
#  wb_register/slave_addr:00000002,
#  bus_no:0,
#  Data:0
#  
# NCSU_INFO:Time           3462745000:i2c_driver::bl_put():  of test3.env.i2c_agent.driver called
# 
# command unsuccessful. CMDR Val: 10000110 | time: 3462775000 
# 
# 
# ------------------- start condition received by I2C -----------------------
# 
# command unsuccessful. CMDR Val: 10000100 | time: 3464663000 
# 
# 
# command unsuccessful. CMDR Val: 10000001 | time: 3482721000 
# 
# 
# command unsuccessful. CMDR Val: 10000011 | time: 3500771000 
# 
# 
# NCSU_INFO:Time           3500777000:i2c_monitor::run():  of test3.env.i2c_agent.monitor called.
#  Slave address:0x22;
#  RW:1;
#  Data:35
# 
# NCSU_INFO:Time           3500777000:ncsu_component::nb_put():  of test3.env.scoreboard called
# 
# NCSU_INFO:Time           3500779000:wb_monitor::run():  of test3.env.wb_agent.monitor called.
#  wb_register/slave_Addr: 0x1,
#  OP: 0,
#  data: 35
# 
# NCSU_INFO:Time           3500779000:ncsu_component::nb_transport():  of test3.env.scoreboard called
# 
# NCSU_INFO:Time           3500779000:ncsu_component::nb_put():  of test3.env.predictor called
# 
# ------------------- stop condition received by I2C: Read op -----------------------
# 
# name: i2c_trans transaction_count: 361 obj name:i2c_trans,
#  op type:1,
#  slave_addr_captured:00000000,
#  bus_no:          0,
#  Data:35,
#  transfer_stat: 1
# 
# command unsuccessful. CMDR Val: 10000101 | time: 3502475000 
# 
# 
# NCSU_INFO:Time           3502475000:FINISH: wb_driver::run():  of test3.env.wb_agent.driver is called.
# 
# NCSU_INFO:Time           3502475000:START: wb_driver::run():  of test3.env.wb_agent.driver is called.
# 
# name: wb_trans transaction_count: 364 obj name:wb_trans,
#  op type:0,
#  wb_register/slave_addr:00000002,
#  bus_no:0,
#  Data:0
#  
# NCSU_INFO:Time           3502475000:i2c_driver::bl_put():  of test3.env.i2c_agent.driver called
# 
# ------------------- start condition received by I2C -----------------------
# 
# command unsuccessful. CMDR Val: 10000110 | time: 3502505000 
# 
# 
# command unsuccessful. CMDR Val: 10000100 | time: 3504393000 
# 
# 
# command unsuccessful. CMDR Val: 10000001 | time: 3522451000 
# 
# 
# command unsuccessful. CMDR Val: 10000001 | time: 3540509000 
# 
# 
# NCSU_INFO:Time           3540509000:i2c_monitor::run():  of test3.env.i2c_agent.monitor called.
#  Slave address:0x22;
#  RW:0;
#  Data:93 0 0 0 0 0 0 0 0 0 0 0 0 0 0 0 0 0 0 0 0 0 0 0 0 0 0 0 0 0 0 0 0 0 0 0 0 0 0 0 0 0 0 0 0 0 0 0 0 0 0 0 0 0 0 0 0 0 0 0 0 0 0 0
# 
# NCSU_INFO:Time           3540509000:ncsu_component::nb_put():  of test3.env.scoreboard called
# 
# NCSU_INFO:Time           3540511000:wb_monitor::run():  of test3.env.wb_agent.monitor called.
#  wb_register/slave_Addr: 0x2,
#  OP: 0,
#  data: 129
# 
# NCSU_INFO:Time           3540511000:ncsu_component::nb_transport():  of test3.env.scoreboard called
# 
# NCSU_INFO:Time           3540511000:ncsu_component::nb_put():  of test3.env.predictor called
# 
# ------------------- stop condition received by I2C: Write op -----------------------
# 
# name: i2c_trans transaction_count: 365 obj name:i2c_trans,
#  op type:0,
#  slave_addr_captured:00000000,
#  bus_no:          0,
#  Data:93 0 0 0 0 0 0 0 0 0 0 0 0 0 0 0 0 0 0 0 0 0 0 0 0 0 0 0 0 0 0 0 0 0 0 0 0 0 0 0 0 0 0 0 0 0 0 0 0 0 0 0 0 0 0 0 0 0 0 0 0 0 0 0,
#  transfer_stat: 0
# 
# command unsuccessful. CMDR Val: 10000101 | time: 3542207000 
# 
# 
# NCSU_INFO:Time           3542207000:FINISH: wb_driver::run():  of test3.env.wb_agent.driver is called.
# 
# NCSU_INFO:Time           3542207000:START: wb_driver::run():  of test3.env.wb_agent.driver is called.
# 
# name: wb_trans transaction_count: 368 obj name:wb_trans,
#  op type:1,
#  wb_register/slave_addr:00000002,
#  bus_no:0,
#  Data:0
#  
# NCSU_INFO:Time           3542207000:i2c_driver::bl_put():  of test3.env.i2c_agent.driver called
# 
# command unsuccessful. CMDR Val: 10000110 | time: 3542237000 
# 
# 
# ------------------- start condition received by I2C -----------------------
# 
# command unsuccessful. CMDR Val: 10000100 | time: 3544125000 
# 
# 
# command unsuccessful. CMDR Val: 10000001 | time: 3562183000 
# 
# 
# command unsuccessful. CMDR Val: 10000011 | time: 3580233000 
# 
# 
# NCSU_INFO:Time           3580239000:i2c_monitor::run():  of test3.env.i2c_agent.monitor called.
#  Slave address:0x22;
#  RW:1;
#  Data:34
# 
# NCSU_INFO:Time           3580239000:ncsu_component::nb_put():  of test3.env.scoreboard called
# 
# NCSU_INFO:Time           3580241000:wb_monitor::run():  of test3.env.wb_agent.monitor called.
#  wb_register/slave_Addr: 0x1,
#  OP: 0,
#  data: 34
# 
# NCSU_INFO:Time           3580241000:ncsu_component::nb_transport():  of test3.env.scoreboard called
# 
# NCSU_INFO:Time           3580241000:ncsu_component::nb_put():  of test3.env.predictor called
# 
# ------------------- stop condition received by I2C: Read op -----------------------
# 
# name: i2c_trans transaction_count: 369 obj name:i2c_trans,
#  op type:1,
#  slave_addr_captured:00000000,
#  bus_no:          0,
#  Data:34,
#  transfer_stat: 1
# 
# command unsuccessful. CMDR Val: 10000101 | time: 3581937000 
# 
# 
# NCSU_INFO:Time           3581937000:FINISH: wb_driver::run():  of test3.env.wb_agent.driver is called.
# 
# NCSU_INFO:Time           3581937000:START: wb_driver::run():  of test3.env.wb_agent.driver is called.
# 
# name: wb_trans transaction_count: 372 obj name:wb_trans,
#  op type:0,
#  wb_register/slave_addr:00000002,
#  bus_no:0,
#  Data:0
#  
# NCSU_INFO:Time           3581937000:i2c_driver::bl_put():  of test3.env.i2c_agent.driver called
# 
# ------------------- start condition received by I2C -----------------------
# 
# command unsuccessful. CMDR Val: 10000110 | time: 3581967000 
# 
# 
# command unsuccessful. CMDR Val: 10000100 | time: 3583855000 
# 
# 
# command unsuccessful. CMDR Val: 10000001 | time: 3601913000 
# 
# 
# command unsuccessful. CMDR Val: 10000001 | time: 3619971000 
# 
# 
# NCSU_INFO:Time           3619971000:i2c_monitor::run():  of test3.env.i2c_agent.monitor called.
#  Slave address:0x22;
#  RW:0;
#  Data:94 0 0 0 0 0 0 0 0 0 0 0 0 0 0 0 0 0 0 0 0 0 0 0 0 0 0 0 0 0 0 0 0 0 0 0 0 0 0 0 0 0 0 0 0 0 0 0 0 0 0 0 0 0 0 0 0 0 0 0 0 0 0 0
# 
# NCSU_INFO:Time           3619971000:ncsu_component::nb_put():  of test3.env.scoreboard called
# 
# NCSU_INFO:Time           3619973000:wb_monitor::run():  of test3.env.wb_agent.monitor called.
#  wb_register/slave_Addr: 0x2,
#  OP: 0,
#  data: 129
# 
# NCSU_INFO:Time           3619973000:ncsu_component::nb_transport():  of test3.env.scoreboard called
# 
# NCSU_INFO:Time           3619973000:ncsu_component::nb_put():  of test3.env.predictor called
# 
# ------------------- stop condition received by I2C: Write op -----------------------
# 
# name: i2c_trans transaction_count: 373 obj name:i2c_trans,
#  op type:0,
#  slave_addr_captured:00000000,
#  bus_no:          0,
#  Data:94 0 0 0 0 0 0 0 0 0 0 0 0 0 0 0 0 0 0 0 0 0 0 0 0 0 0 0 0 0 0 0 0 0 0 0 0 0 0 0 0 0 0 0 0 0 0 0 0 0 0 0 0 0 0 0 0 0 0 0 0 0 0 0,
#  transfer_stat: 0
# 
# command unsuccessful. CMDR Val: 10000101 | time: 3621669000 
# 
# 
# NCSU_INFO:Time           3621669000:FINISH: wb_driver::run():  of test3.env.wb_agent.driver is called.
# 
# NCSU_INFO:Time           3621669000:START: wb_driver::run():  of test3.env.wb_agent.driver is called.
# 
# name: wb_trans transaction_count: 376 obj name:wb_trans,
#  op type:1,
#  wb_register/slave_addr:00000002,
#  bus_no:0,
#  Data:0
#  
# NCSU_INFO:Time           3621669000:i2c_driver::bl_put():  of test3.env.i2c_agent.driver called
# 
# command unsuccessful. CMDR Val: 10000110 | time: 3621699000 
# 
# 
# ------------------- start condition received by I2C -----------------------
# 
# command unsuccessful. CMDR Val: 10000100 | time: 3623587000 
# 
# 
# command unsuccessful. CMDR Val: 10000001 | time: 3641645000 
# 
# 
# command unsuccessful. CMDR Val: 10000011 | time: 3659695000 
# 
# 
# NCSU_INFO:Time           3659701000:i2c_monitor::run():  of test3.env.i2c_agent.monitor called.
#  Slave address:0x22;
#  RW:1;
#  Data:33
# 
# NCSU_INFO:Time           3659701000:ncsu_component::nb_put():  of test3.env.scoreboard called
# 
# NCSU_INFO:Time           3659703000:wb_monitor::run():  of test3.env.wb_agent.monitor called.
#  wb_register/slave_Addr: 0x1,
#  OP: 0,
#  data: 33
# 
# NCSU_INFO:Time           3659703000:ncsu_component::nb_transport():  of test3.env.scoreboard called
# 
# NCSU_INFO:Time           3659703000:ncsu_component::nb_put():  of test3.env.predictor called
# 
# ------------------- stop condition received by I2C: Read op -----------------------
# 
# name: i2c_trans transaction_count: 377 obj name:i2c_trans,
#  op type:1,
#  slave_addr_captured:00000000,
#  bus_no:          0,
#  Data:33,
#  transfer_stat: 1
# 
# command unsuccessful. CMDR Val: 10000101 | time: 3661399000 
# 
# 
# NCSU_INFO:Time           3661399000:FINISH: wb_driver::run():  of test3.env.wb_agent.driver is called.
# 
# NCSU_INFO:Time           3661399000:START: wb_driver::run():  of test3.env.wb_agent.driver is called.
# 
# name: wb_trans transaction_count: 380 obj name:wb_trans,
#  op type:0,
#  wb_register/slave_addr:00000002,
#  bus_no:0,
#  Data:0
#  
# NCSU_INFO:Time           3661399000:i2c_driver::bl_put():  of test3.env.i2c_agent.driver called
# 
# ------------------- start condition received by I2C -----------------------
# 
# command unsuccessful. CMDR Val: 10000110 | time: 3661429000 
# 
# 
# command unsuccessful. CMDR Val: 10000100 | time: 3663317000 
# 
# 
# command unsuccessful. CMDR Val: 10000001 | time: 3681375000 
# 
# 
# command unsuccessful. CMDR Val: 10000001 | time: 3699433000 
# 
# 
# NCSU_INFO:Time           3699433000:i2c_monitor::run():  of test3.env.i2c_agent.monitor called.
#  Slave address:0x22;
#  RW:0;
#  Data:95 0 0 0 0 0 0 0 0 0 0 0 0 0 0 0 0 0 0 0 0 0 0 0 0 0 0 0 0 0 0 0 0 0 0 0 0 0 0 0 0 0 0 0 0 0 0 0 0 0 0 0 0 0 0 0 0 0 0 0 0 0 0 0
# 
# NCSU_INFO:Time           3699433000:ncsu_component::nb_put():  of test3.env.scoreboard called
# 
# NCSU_INFO:Time           3699435000:wb_monitor::run():  of test3.env.wb_agent.monitor called.
#  wb_register/slave_Addr: 0x2,
#  OP: 0,
#  data: 129
# 
# NCSU_INFO:Time           3699435000:ncsu_component::nb_transport():  of test3.env.scoreboard called
# 
# NCSU_INFO:Time           3699435000:ncsu_component::nb_put():  of test3.env.predictor called
# 
# ------------------- stop condition received by I2C: Write op -----------------------
# 
# name: i2c_trans transaction_count: 381 obj name:i2c_trans,
#  op type:0,
#  slave_addr_captured:00000000,
#  bus_no:          0,
#  Data:95 0 0 0 0 0 0 0 0 0 0 0 0 0 0 0 0 0 0 0 0 0 0 0 0 0 0 0 0 0 0 0 0 0 0 0 0 0 0 0 0 0 0 0 0 0 0 0 0 0 0 0 0 0 0 0 0 0 0 0 0 0 0 0,
#  transfer_stat: 0
# 
# command unsuccessful. CMDR Val: 10000101 | time: 3701131000 
# 
# 
# NCSU_INFO:Time           3701131000:FINISH: wb_driver::run():  of test3.env.wb_agent.driver is called.
# 
# NCSU_INFO:Time           3701131000:START: wb_driver::run():  of test3.env.wb_agent.driver is called.
# 
# name: wb_trans transaction_count: 384 obj name:wb_trans,
#  op type:1,
#  wb_register/slave_addr:00000002,
#  bus_no:0,
#  Data:0
#  
# NCSU_INFO:Time           3701131000:i2c_driver::bl_put():  of test3.env.i2c_agent.driver called
# 
# command unsuccessful. CMDR Val: 10000110 | time: 3701161000 
# 
# 
# ------------------- start condition received by I2C -----------------------
# 
# command unsuccessful. CMDR Val: 10000100 | time: 3703049000 
# 
# 
# command unsuccessful. CMDR Val: 10000001 | time: 3721107000 
# 
# 
# command unsuccessful. CMDR Val: 10000011 | time: 3739157000 
# 
# 
# NCSU_INFO:Time           3739163000:i2c_monitor::run():  of test3.env.i2c_agent.monitor called.
#  Slave address:0x22;
#  RW:1;
#  Data:32
# 
# NCSU_INFO:Time           3739163000:ncsu_component::nb_put():  of test3.env.scoreboard called
# 
# NCSU_INFO:Time           3739165000:wb_monitor::run():  of test3.env.wb_agent.monitor called.
#  wb_register/slave_Addr: 0x1,
#  OP: 0,
#  data: 32
# 
# NCSU_INFO:Time           3739165000:ncsu_component::nb_transport():  of test3.env.scoreboard called
# 
# NCSU_INFO:Time           3739165000:ncsu_component::nb_put():  of test3.env.predictor called
# 
# ------------------- stop condition received by I2C: Read op -----------------------
# 
# name: i2c_trans transaction_count: 385 obj name:i2c_trans,
#  op type:1,
#  slave_addr_captured:00000000,
#  bus_no:          0,
#  Data:32,
#  transfer_stat: 1
# 
# command unsuccessful. CMDR Val: 10000101 | time: 3740861000 
# 
# 
# NCSU_INFO:Time           3740861000:FINISH: wb_driver::run():  of test3.env.wb_agent.driver is called.
# 
# NCSU_INFO:Time           3740861000:START: wb_driver::run():  of test3.env.wb_agent.driver is called.
# 
# name: wb_trans transaction_count: 388 obj name:wb_trans,
#  op type:0,
#  wb_register/slave_addr:00000002,
#  bus_no:0,
#  Data:0
#  
# NCSU_INFO:Time           3740861000:i2c_driver::bl_put():  of test3.env.i2c_agent.driver called
# 
# ------------------- start condition received by I2C -----------------------
# 
# command unsuccessful. CMDR Val: 10000110 | time: 3740891000 
# 
# 
# command unsuccessful. CMDR Val: 10000100 | time: 3742779000 
# 
# 
# command unsuccessful. CMDR Val: 10000001 | time: 3760837000 
# 
# 
# command unsuccessful. CMDR Val: 10000001 | time: 3778895000 
# 
# 
# NCSU_INFO:Time           3778895000:i2c_monitor::run():  of test3.env.i2c_agent.monitor called.
#  Slave address:0x22;
#  RW:0;
#  Data:96 0 0 0 0 0 0 0 0 0 0 0 0 0 0 0 0 0 0 0 0 0 0 0 0 0 0 0 0 0 0 0 0 0 0 0 0 0 0 0 0 0 0 0 0 0 0 0 0 0 0 0 0 0 0 0 0 0 0 0 0 0 0 0
# 
# NCSU_INFO:Time           3778895000:ncsu_component::nb_put():  of test3.env.scoreboard called
# 
# NCSU_INFO:Time           3778897000:wb_monitor::run():  of test3.env.wb_agent.monitor called.
#  wb_register/slave_Addr: 0x2,
#  OP: 0,
#  data: 129
# 
# NCSU_INFO:Time           3778897000:ncsu_component::nb_transport():  of test3.env.scoreboard called
# 
# NCSU_INFO:Time           3778897000:ncsu_component::nb_put():  of test3.env.predictor called
# 
# ------------------- stop condition received by I2C: Write op -----------------------
# 
# name: i2c_trans transaction_count: 389 obj name:i2c_trans,
#  op type:0,
#  slave_addr_captured:00000000,
#  bus_no:          0,
#  Data:96 0 0 0 0 0 0 0 0 0 0 0 0 0 0 0 0 0 0 0 0 0 0 0 0 0 0 0 0 0 0 0 0 0 0 0 0 0 0 0 0 0 0 0 0 0 0 0 0 0 0 0 0 0 0 0 0 0 0 0 0 0 0 0,
#  transfer_stat: 0
# 
# command unsuccessful. CMDR Val: 10000101 | time: 3780593000 
# 
# 
# NCSU_INFO:Time           3780593000:FINISH: wb_driver::run():  of test3.env.wb_agent.driver is called.
# 
# NCSU_INFO:Time           3780593000:START: wb_driver::run():  of test3.env.wb_agent.driver is called.
# 
# name: wb_trans transaction_count: 392 obj name:wb_trans,
#  op type:1,
#  wb_register/slave_addr:00000002,
#  bus_no:0,
#  Data:0
#  
# NCSU_INFO:Time           3780593000:i2c_driver::bl_put():  of test3.env.i2c_agent.driver called
# 
# command unsuccessful. CMDR Val: 10000110 | time: 3780623000 
# 
# 
# ------------------- start condition received by I2C -----------------------
# 
# command unsuccessful. CMDR Val: 10000100 | time: 3782511000 
# 
# 
# command unsuccessful. CMDR Val: 10000001 | time: 3800569000 
# 
# 
# command unsuccessful. CMDR Val: 10000011 | time: 3818619000 
# 
# 
# NCSU_INFO:Time           3818625000:i2c_monitor::run():  of test3.env.i2c_agent.monitor called.
#  Slave address:0x22;
#  RW:1;
#  Data:31
# 
# NCSU_INFO:Time           3818625000:ncsu_component::nb_put():  of test3.env.scoreboard called
# 
# NCSU_INFO:Time           3818627000:wb_monitor::run():  of test3.env.wb_agent.monitor called.
#  wb_register/slave_Addr: 0x1,
#  OP: 0,
#  data: 31
# 
# NCSU_INFO:Time           3818627000:ncsu_component::nb_transport():  of test3.env.scoreboard called
# 
# NCSU_INFO:Time           3818627000:ncsu_component::nb_put():  of test3.env.predictor called
# 
# ------------------- stop condition received by I2C: Read op -----------------------
# 
# name: i2c_trans transaction_count: 393 obj name:i2c_trans,
#  op type:1,
#  slave_addr_captured:00000000,
#  bus_no:          0,
#  Data:31,
#  transfer_stat: 1
# 
# command unsuccessful. CMDR Val: 10000101 | time: 3820323000 
# 
# 
# NCSU_INFO:Time           3820323000:FINISH: wb_driver::run():  of test3.env.wb_agent.driver is called.
# 
# NCSU_INFO:Time           3820323000:START: wb_driver::run():  of test3.env.wb_agent.driver is called.
# 
# name: wb_trans transaction_count: 396 obj name:wb_trans,
#  op type:0,
#  wb_register/slave_addr:00000002,
#  bus_no:0,
#  Data:0
#  
# NCSU_INFO:Time           3820323000:i2c_driver::bl_put():  of test3.env.i2c_agent.driver called
# 
# ------------------- start condition received by I2C -----------------------
# 
# command unsuccessful. CMDR Val: 10000110 | time: 3820353000 
# 
# 
# command unsuccessful. CMDR Val: 10000100 | time: 3822241000 
# 
# 
# command unsuccessful. CMDR Val: 10000001 | time: 3840299000 
# 
# 
# command unsuccessful. CMDR Val: 10000001 | time: 3858357000 
# 
# 
# NCSU_INFO:Time           3858357000:i2c_monitor::run():  of test3.env.i2c_agent.monitor called.
#  Slave address:0x22;
#  RW:0;
#  Data:97 0 0 0 0 0 0 0 0 0 0 0 0 0 0 0 0 0 0 0 0 0 0 0 0 0 0 0 0 0 0 0 0 0 0 0 0 0 0 0 0 0 0 0 0 0 0 0 0 0 0 0 0 0 0 0 0 0 0 0 0 0 0 0
# 
# NCSU_INFO:Time           3858357000:ncsu_component::nb_put():  of test3.env.scoreboard called
# 
# NCSU_INFO:Time           3858359000:wb_monitor::run():  of test3.env.wb_agent.monitor called.
#  wb_register/slave_Addr: 0x2,
#  OP: 0,
#  data: 129
# 
# NCSU_INFO:Time           3858359000:ncsu_component::nb_transport():  of test3.env.scoreboard called
# 
# NCSU_INFO:Time           3858359000:ncsu_component::nb_put():  of test3.env.predictor called
# 
# ------------------- stop condition received by I2C: Write op -----------------------
# 
# name: i2c_trans transaction_count: 397 obj name:i2c_trans,
#  op type:0,
#  slave_addr_captured:00000000,
#  bus_no:          0,
#  Data:97 0 0 0 0 0 0 0 0 0 0 0 0 0 0 0 0 0 0 0 0 0 0 0 0 0 0 0 0 0 0 0 0 0 0 0 0 0 0 0 0 0 0 0 0 0 0 0 0 0 0 0 0 0 0 0 0 0 0 0 0 0 0 0,
#  transfer_stat: 0
# 
# command unsuccessful. CMDR Val: 10000101 | time: 3860055000 
# 
# 
# NCSU_INFO:Time           3860055000:FINISH: wb_driver::run():  of test3.env.wb_agent.driver is called.
# 
# NCSU_INFO:Time           3860055000:START: wb_driver::run():  of test3.env.wb_agent.driver is called.
# 
# name: wb_trans transaction_count: 400 obj name:wb_trans,
#  op type:1,
#  wb_register/slave_addr:00000002,
#  bus_no:0,
#  Data:0
#  
# NCSU_INFO:Time           3860055000:i2c_driver::bl_put():  of test3.env.i2c_agent.driver called
# 
# command unsuccessful. CMDR Val: 10000110 | time: 3860085000 
# 
# 
# ------------------- start condition received by I2C -----------------------
# 
# command unsuccessful. CMDR Val: 10000100 | time: 3861973000 
# 
# 
# command unsuccessful. CMDR Val: 10000001 | time: 3880031000 
# 
# 
# command unsuccessful. CMDR Val: 10000011 | time: 3898081000 
# 
# 
# NCSU_INFO:Time           3898087000:i2c_monitor::run():  of test3.env.i2c_agent.monitor called.
#  Slave address:0x22;
#  RW:1;
#  Data:30
# 
# NCSU_INFO:Time           3898087000:ncsu_component::nb_put():  of test3.env.scoreboard called
# 
# NCSU_INFO:Time           3898089000:wb_monitor::run():  of test3.env.wb_agent.monitor called.
#  wb_register/slave_Addr: 0x1,
#  OP: 0,
#  data: 30
# 
# NCSU_INFO:Time           3898089000:ncsu_component::nb_transport():  of test3.env.scoreboard called
# 
# NCSU_INFO:Time           3898089000:ncsu_component::nb_put():  of test3.env.predictor called
# 
# ------------------- stop condition received by I2C: Read op -----------------------
# 
# name: i2c_trans transaction_count: 401 obj name:i2c_trans,
#  op type:1,
#  slave_addr_captured:00000000,
#  bus_no:          0,
#  Data:30,
#  transfer_stat: 1
# 
# command unsuccessful. CMDR Val: 10000101 | time: 3899785000 
# 
# 
# NCSU_INFO:Time           3899785000:FINISH: wb_driver::run():  of test3.env.wb_agent.driver is called.
# 
# NCSU_INFO:Time           3899785000:START: wb_driver::run():  of test3.env.wb_agent.driver is called.
# 
# name: wb_trans transaction_count: 404 obj name:wb_trans,
#  op type:0,
#  wb_register/slave_addr:00000002,
#  bus_no:0,
#  Data:0
#  
# NCSU_INFO:Time           3899785000:i2c_driver::bl_put():  of test3.env.i2c_agent.driver called
# 
# ------------------- start condition received by I2C -----------------------
# 
# command unsuccessful. CMDR Val: 10000110 | time: 3899815000 
# 
# 
# command unsuccessful. CMDR Val: 10000100 | time: 3901703000 
# 
# 
# command unsuccessful. CMDR Val: 10000001 | time: 3919761000 
# 
# 
# command unsuccessful. CMDR Val: 10000001 | time: 3937819000 
# 
# 
# NCSU_INFO:Time           3937819000:i2c_monitor::run():  of test3.env.i2c_agent.monitor called.
#  Slave address:0x22;
#  RW:0;
#  Data:98 0 0 0 0 0 0 0 0 0 0 0 0 0 0 0 0 0 0 0 0 0 0 0 0 0 0 0 0 0 0 0 0 0 0 0 0 0 0 0 0 0 0 0 0 0 0 0 0 0 0 0 0 0 0 0 0 0 0 0 0 0 0 0
# 
# NCSU_INFO:Time           3937819000:ncsu_component::nb_put():  of test3.env.scoreboard called
# 
# NCSU_INFO:Time           3937821000:wb_monitor::run():  of test3.env.wb_agent.monitor called.
#  wb_register/slave_Addr: 0x2,
#  OP: 0,
#  data: 129
# 
# NCSU_INFO:Time           3937821000:ncsu_component::nb_transport():  of test3.env.scoreboard called
# 
# NCSU_INFO:Time           3937821000:ncsu_component::nb_put():  of test3.env.predictor called
# 
# ------------------- stop condition received by I2C: Write op -----------------------
# 
# name: i2c_trans transaction_count: 405 obj name:i2c_trans,
#  op type:0,
#  slave_addr_captured:00000000,
#  bus_no:          0,
#  Data:98 0 0 0 0 0 0 0 0 0 0 0 0 0 0 0 0 0 0 0 0 0 0 0 0 0 0 0 0 0 0 0 0 0 0 0 0 0 0 0 0 0 0 0 0 0 0 0 0 0 0 0 0 0 0 0 0 0 0 0 0 0 0 0,
#  transfer_stat: 0
# 
# command unsuccessful. CMDR Val: 10000101 | time: 3939517000 
# 
# 
# NCSU_INFO:Time           3939517000:FINISH: wb_driver::run():  of test3.env.wb_agent.driver is called.
# 
# NCSU_INFO:Time           3939517000:START: wb_driver::run():  of test3.env.wb_agent.driver is called.
# 
# name: wb_trans transaction_count: 408 obj name:wb_trans,
#  op type:1,
#  wb_register/slave_addr:00000002,
#  bus_no:0,
#  Data:0
#  
# NCSU_INFO:Time           3939517000:i2c_driver::bl_put():  of test3.env.i2c_agent.driver called
# 
# command unsuccessful. CMDR Val: 10000110 | time: 3939547000 
# 
# 
# ------------------- start condition received by I2C -----------------------
# 
# command unsuccessful. CMDR Val: 10000100 | time: 3941435000 
# 
# 
# command unsuccessful. CMDR Val: 10000001 | time: 3959493000 
# 
# 
# command unsuccessful. CMDR Val: 10000011 | time: 3977543000 
# 
# 
# NCSU_INFO:Time           3977549000:i2c_monitor::run():  of test3.env.i2c_agent.monitor called.
#  Slave address:0x22;
#  RW:1;
#  Data:29
# 
# NCSU_INFO:Time           3977549000:ncsu_component::nb_put():  of test3.env.scoreboard called
# 
# NCSU_INFO:Time           3977551000:wb_monitor::run():  of test3.env.wb_agent.monitor called.
#  wb_register/slave_Addr: 0x1,
#  OP: 0,
#  data: 29
# 
# NCSU_INFO:Time           3977551000:ncsu_component::nb_transport():  of test3.env.scoreboard called
# 
# NCSU_INFO:Time           3977551000:ncsu_component::nb_put():  of test3.env.predictor called
# 
# ------------------- stop condition received by I2C: Read op -----------------------
# 
# name: i2c_trans transaction_count: 409 obj name:i2c_trans,
#  op type:1,
#  slave_addr_captured:00000000,
#  bus_no:          0,
#  Data:29,
#  transfer_stat: 1
# 
# command unsuccessful. CMDR Val: 10000101 | time: 3979247000 
# 
# 
# NCSU_INFO:Time           3979247000:FINISH: wb_driver::run():  of test3.env.wb_agent.driver is called.
# 
# NCSU_INFO:Time           3979247000:START: wb_driver::run():  of test3.env.wb_agent.driver is called.
# 
# name: wb_trans transaction_count: 412 obj name:wb_trans,
#  op type:0,
#  wb_register/slave_addr:00000002,
#  bus_no:0,
#  Data:0
#  
# NCSU_INFO:Time           3979247000:i2c_driver::bl_put():  of test3.env.i2c_agent.driver called
# 
# ------------------- start condition received by I2C -----------------------
# 
# command unsuccessful. CMDR Val: 10000110 | time: 3979277000 
# 
# 
# command unsuccessful. CMDR Val: 10000100 | time: 3981165000 
# 
# 
# command unsuccessful. CMDR Val: 10000001 | time: 3999223000 
# 
# 
# command unsuccessful. CMDR Val: 10000001 | time: 4017281000 
# 
# 
# NCSU_INFO:Time           4017281000:i2c_monitor::run():  of test3.env.i2c_agent.monitor called.
#  Slave address:0x22;
#  RW:0;
#  Data:99 0 0 0 0 0 0 0 0 0 0 0 0 0 0 0 0 0 0 0 0 0 0 0 0 0 0 0 0 0 0 0 0 0 0 0 0 0 0 0 0 0 0 0 0 0 0 0 0 0 0 0 0 0 0 0 0 0 0 0 0 0 0 0
# 
# NCSU_INFO:Time           4017281000:ncsu_component::nb_put():  of test3.env.scoreboard called
# 
# NCSU_INFO:Time           4017283000:wb_monitor::run():  of test3.env.wb_agent.monitor called.
#  wb_register/slave_Addr: 0x2,
#  OP: 0,
#  data: 129
# 
# NCSU_INFO:Time           4017283000:ncsu_component::nb_transport():  of test3.env.scoreboard called
# 
# NCSU_INFO:Time           4017283000:ncsu_component::nb_put():  of test3.env.predictor called
# 
# ------------------- stop condition received by I2C: Write op -----------------------
# 
# name: i2c_trans transaction_count: 413 obj name:i2c_trans,
#  op type:0,
#  slave_addr_captured:00000000,
#  bus_no:          0,
#  Data:99 0 0 0 0 0 0 0 0 0 0 0 0 0 0 0 0 0 0 0 0 0 0 0 0 0 0 0 0 0 0 0 0 0 0 0 0 0 0 0 0 0 0 0 0 0 0 0 0 0 0 0 0 0 0 0 0 0 0 0 0 0 0 0,
#  transfer_stat: 0
# 
# command unsuccessful. CMDR Val: 10000101 | time: 4018979000 
# 
# 
# NCSU_INFO:Time           4018979000:FINISH: wb_driver::run():  of test3.env.wb_agent.driver is called.
# 
# NCSU_INFO:Time           4018979000:START: wb_driver::run():  of test3.env.wb_agent.driver is called.
# 
# name: wb_trans transaction_count: 416 obj name:wb_trans,
#  op type:1,
#  wb_register/slave_addr:00000002,
#  bus_no:0,
#  Data:0
#  
# NCSU_INFO:Time           4018979000:i2c_driver::bl_put():  of test3.env.i2c_agent.driver called
# 
# command unsuccessful. CMDR Val: 10000110 | time: 4019009000 
# 
# 
# ------------------- start condition received by I2C -----------------------
# 
# command unsuccessful. CMDR Val: 10000100 | time: 4020897000 
# 
# 
# command unsuccessful. CMDR Val: 10000001 | time: 4038955000 
# 
# 
# command unsuccessful. CMDR Val: 10000011 | time: 4057005000 
# 
# 
# NCSU_INFO:Time           4057011000:i2c_monitor::run():  of test3.env.i2c_agent.monitor called.
#  Slave address:0x22;
#  RW:1;
#  Data:28
# 
# NCSU_INFO:Time           4057011000:ncsu_component::nb_put():  of test3.env.scoreboard called
# 
# NCSU_INFO:Time           4057013000:wb_monitor::run():  of test3.env.wb_agent.monitor called.
#  wb_register/slave_Addr: 0x1,
#  OP: 0,
#  data: 28
# 
# NCSU_INFO:Time           4057013000:ncsu_component::nb_transport():  of test3.env.scoreboard called
# 
# NCSU_INFO:Time           4057013000:ncsu_component::nb_put():  of test3.env.predictor called
# 
# ------------------- stop condition received by I2C: Read op -----------------------
# 
# name: i2c_trans transaction_count: 417 obj name:i2c_trans,
#  op type:1,
#  slave_addr_captured:00000000,
#  bus_no:          0,
#  Data:28,
#  transfer_stat: 1
# 
# command unsuccessful. CMDR Val: 10000101 | time: 4058709000 
# 
# 
# NCSU_INFO:Time           4058709000:FINISH: wb_driver::run():  of test3.env.wb_agent.driver is called.
# 
# NCSU_INFO:Time           4058709000:START: wb_driver::run():  of test3.env.wb_agent.driver is called.
# 
# name: wb_trans transaction_count: 420 obj name:wb_trans,
#  op type:0,
#  wb_register/slave_addr:00000002,
#  bus_no:0,
#  Data:0
#  
# NCSU_INFO:Time           4058709000:i2c_driver::bl_put():  of test3.env.i2c_agent.driver called
# 
# ------------------- start condition received by I2C -----------------------
# 
# command unsuccessful. CMDR Val: 10000110 | time: 4058739000 
# 
# 
# command unsuccessful. CMDR Val: 10000100 | time: 4060627000 
# 
# 
# command unsuccessful. CMDR Val: 10000001 | time: 4078685000 
# 
# 
# command unsuccessful. CMDR Val: 10000001 | time: 4096743000 
# 
# 
# NCSU_INFO:Time           4096743000:i2c_monitor::run():  of test3.env.i2c_agent.monitor called.
#  Slave address:0x22;
#  RW:0;
#  Data:100 0 0 0 0 0 0 0 0 0 0 0 0 0 0 0 0 0 0 0 0 0 0 0 0 0 0 0 0 0 0 0 0 0 0 0 0 0 0 0 0 0 0 0 0 0 0 0 0 0 0 0 0 0 0 0 0 0 0 0 0 0 0 0
# 
# NCSU_INFO:Time           4096743000:ncsu_component::nb_put():  of test3.env.scoreboard called
# 
# NCSU_INFO:Time           4096745000:wb_monitor::run():  of test3.env.wb_agent.monitor called.
#  wb_register/slave_Addr: 0x2,
#  OP: 0,
#  data: 129
# 
# NCSU_INFO:Time           4096745000:ncsu_component::nb_transport():  of test3.env.scoreboard called
# 
# NCSU_INFO:Time           4096745000:ncsu_component::nb_put():  of test3.env.predictor called
# 
# ------------------- stop condition received by I2C: Write op -----------------------
# 
# name: i2c_trans transaction_count: 421 obj name:i2c_trans,
#  op type:0,
#  slave_addr_captured:00000000,
#  bus_no:          0,
#  Data:100 0 0 0 0 0 0 0 0 0 0 0 0 0 0 0 0 0 0 0 0 0 0 0 0 0 0 0 0 0 0 0 0 0 0 0 0 0 0 0 0 0 0 0 0 0 0 0 0 0 0 0 0 0 0 0 0 0 0 0 0 0 0 0,
#  transfer_stat: 0
# 
# command unsuccessful. CMDR Val: 10000101 | time: 4098441000 
# 
# 
# NCSU_INFO:Time           4098441000:FINISH: wb_driver::run():  of test3.env.wb_agent.driver is called.
# 
# NCSU_INFO:Time           4098441000:START: wb_driver::run():  of test3.env.wb_agent.driver is called.
# 
# name: wb_trans transaction_count: 424 obj name:wb_trans,
#  op type:1,
#  wb_register/slave_addr:00000002,
#  bus_no:0,
#  Data:0
#  
# NCSU_INFO:Time           4098441000:i2c_driver::bl_put():  of test3.env.i2c_agent.driver called
# 
# command unsuccessful. CMDR Val: 10000110 | time: 4098471000 
# 
# 
# ------------------- start condition received by I2C -----------------------
# 
# command unsuccessful. CMDR Val: 10000100 | time: 4100359000 
# 
# 
# command unsuccessful. CMDR Val: 10000001 | time: 4118417000 
# 
# 
# command unsuccessful. CMDR Val: 10000011 | time: 4136467000 
# 
# 
# NCSU_INFO:Time           4136473000:i2c_monitor::run():  of test3.env.i2c_agent.monitor called.
#  Slave address:0x22;
#  RW:1;
#  Data:27
# 
# NCSU_INFO:Time           4136473000:ncsu_component::nb_put():  of test3.env.scoreboard called
# 
# NCSU_INFO:Time           4136475000:wb_monitor::run():  of test3.env.wb_agent.monitor called.
#  wb_register/slave_Addr: 0x1,
#  OP: 0,
#  data: 27
# 
# NCSU_INFO:Time           4136475000:ncsu_component::nb_transport():  of test3.env.scoreboard called
# 
# NCSU_INFO:Time           4136475000:ncsu_component::nb_put():  of test3.env.predictor called
# 
# ------------------- stop condition received by I2C: Read op -----------------------
# 
# name: i2c_trans transaction_count: 425 obj name:i2c_trans,
#  op type:1,
#  slave_addr_captured:00000000,
#  bus_no:          0,
#  Data:27,
#  transfer_stat: 1
# 
# command unsuccessful. CMDR Val: 10000101 | time: 4138171000 
# 
# 
# NCSU_INFO:Time           4138171000:FINISH: wb_driver::run():  of test3.env.wb_agent.driver is called.
# 
# NCSU_INFO:Time           4138171000:START: wb_driver::run():  of test3.env.wb_agent.driver is called.
# 
# name: wb_trans transaction_count: 428 obj name:wb_trans,
#  op type:0,
#  wb_register/slave_addr:00000002,
#  bus_no:0,
#  Data:0
#  
# NCSU_INFO:Time           4138171000:i2c_driver::bl_put():  of test3.env.i2c_agent.driver called
# 
# ------------------- start condition received by I2C -----------------------
# 
# command unsuccessful. CMDR Val: 10000110 | time: 4138201000 
# 
# 
# command unsuccessful. CMDR Val: 10000100 | time: 4140089000 
# 
# 
# command unsuccessful. CMDR Val: 10000001 | time: 4158147000 
# 
# 
# command unsuccessful. CMDR Val: 10000001 | time: 4176205000 
# 
# 
# NCSU_INFO:Time           4176205000:i2c_monitor::run():  of test3.env.i2c_agent.monitor called.
#  Slave address:0x22;
#  RW:0;
#  Data:101 0 0 0 0 0 0 0 0 0 0 0 0 0 0 0 0 0 0 0 0 0 0 0 0 0 0 0 0 0 0 0 0 0 0 0 0 0 0 0 0 0 0 0 0 0 0 0 0 0 0 0 0 0 0 0 0 0 0 0 0 0 0 0
# 
# NCSU_INFO:Time           4176205000:ncsu_component::nb_put():  of test3.env.scoreboard called
# 
# NCSU_INFO:Time           4176207000:wb_monitor::run():  of test3.env.wb_agent.monitor called.
#  wb_register/slave_Addr: 0x2,
#  OP: 0,
#  data: 129
# 
# NCSU_INFO:Time           4176207000:ncsu_component::nb_transport():  of test3.env.scoreboard called
# 
# NCSU_INFO:Time           4176207000:ncsu_component::nb_put():  of test3.env.predictor called
# 
# ------------------- stop condition received by I2C: Write op -----------------------
# 
# name: i2c_trans transaction_count: 429 obj name:i2c_trans,
#  op type:0,
#  slave_addr_captured:00000000,
#  bus_no:          0,
#  Data:101 0 0 0 0 0 0 0 0 0 0 0 0 0 0 0 0 0 0 0 0 0 0 0 0 0 0 0 0 0 0 0 0 0 0 0 0 0 0 0 0 0 0 0 0 0 0 0 0 0 0 0 0 0 0 0 0 0 0 0 0 0 0 0,
#  transfer_stat: 0
# 
# command unsuccessful. CMDR Val: 10000101 | time: 4177903000 
# 
# 
# NCSU_INFO:Time           4177903000:FINISH: wb_driver::run():  of test3.env.wb_agent.driver is called.
# 
# NCSU_INFO:Time           4177903000:START: wb_driver::run():  of test3.env.wb_agent.driver is called.
# 
# name: wb_trans transaction_count: 432 obj name:wb_trans,
#  op type:1,
#  wb_register/slave_addr:00000002,
#  bus_no:0,
#  Data:0
#  
# NCSU_INFO:Time           4177903000:i2c_driver::bl_put():  of test3.env.i2c_agent.driver called
# 
# command unsuccessful. CMDR Val: 10000110 | time: 4177933000 
# 
# 
# ------------------- start condition received by I2C -----------------------
# 
# command unsuccessful. CMDR Val: 10000100 | time: 4179821000 
# 
# 
# command unsuccessful. CMDR Val: 10000001 | time: 4197879000 
# 
# 
# command unsuccessful. CMDR Val: 10000011 | time: 4215929000 
# 
# 
# NCSU_INFO:Time           4215935000:i2c_monitor::run():  of test3.env.i2c_agent.monitor called.
#  Slave address:0x22;
#  RW:1;
#  Data:26
# 
# NCSU_INFO:Time           4215935000:ncsu_component::nb_put():  of test3.env.scoreboard called
# 
# NCSU_INFO:Time           4215937000:wb_monitor::run():  of test3.env.wb_agent.monitor called.
#  wb_register/slave_Addr: 0x1,
#  OP: 0,
#  data: 26
# 
# NCSU_INFO:Time           4215937000:ncsu_component::nb_transport():  of test3.env.scoreboard called
# 
# NCSU_INFO:Time           4215937000:ncsu_component::nb_put():  of test3.env.predictor called
# 
# ------------------- stop condition received by I2C: Read op -----------------------
# 
# name: i2c_trans transaction_count: 433 obj name:i2c_trans,
#  op type:1,
#  slave_addr_captured:00000000,
#  bus_no:          0,
#  Data:26,
#  transfer_stat: 1
# 
# command unsuccessful. CMDR Val: 10000101 | time: 4217633000 
# 
# 
# NCSU_INFO:Time           4217633000:FINISH: wb_driver::run():  of test3.env.wb_agent.driver is called.
# 
# NCSU_INFO:Time           4217633000:START: wb_driver::run():  of test3.env.wb_agent.driver is called.
# 
# name: wb_trans transaction_count: 436 obj name:wb_trans,
#  op type:0,
#  wb_register/slave_addr:00000002,
#  bus_no:0,
#  Data:0
#  
# NCSU_INFO:Time           4217633000:i2c_driver::bl_put():  of test3.env.i2c_agent.driver called
# 
# ------------------- start condition received by I2C -----------------------
# 
# command unsuccessful. CMDR Val: 10000110 | time: 4217663000 
# 
# 
# command unsuccessful. CMDR Val: 10000100 | time: 4219551000 
# 
# 
# command unsuccessful. CMDR Val: 10000001 | time: 4237609000 
# 
# 
# command unsuccessful. CMDR Val: 10000001 | time: 4255667000 
# 
# 
# NCSU_INFO:Time           4255667000:i2c_monitor::run():  of test3.env.i2c_agent.monitor called.
#  Slave address:0x22;
#  RW:0;
#  Data:102 0 0 0 0 0 0 0 0 0 0 0 0 0 0 0 0 0 0 0 0 0 0 0 0 0 0 0 0 0 0 0 0 0 0 0 0 0 0 0 0 0 0 0 0 0 0 0 0 0 0 0 0 0 0 0 0 0 0 0 0 0 0 0
# 
# NCSU_INFO:Time           4255667000:ncsu_component::nb_put():  of test3.env.scoreboard called
# 
# NCSU_INFO:Time           4255669000:wb_monitor::run():  of test3.env.wb_agent.monitor called.
#  wb_register/slave_Addr: 0x2,
#  OP: 0,
#  data: 129
# 
# NCSU_INFO:Time           4255669000:ncsu_component::nb_transport():  of test3.env.scoreboard called
# 
# NCSU_INFO:Time           4255669000:ncsu_component::nb_put():  of test3.env.predictor called
# 
# ------------------- stop condition received by I2C: Write op -----------------------
# 
# name: i2c_trans transaction_count: 437 obj name:i2c_trans,
#  op type:0,
#  slave_addr_captured:00000000,
#  bus_no:          0,
#  Data:102 0 0 0 0 0 0 0 0 0 0 0 0 0 0 0 0 0 0 0 0 0 0 0 0 0 0 0 0 0 0 0 0 0 0 0 0 0 0 0 0 0 0 0 0 0 0 0 0 0 0 0 0 0 0 0 0 0 0 0 0 0 0 0,
#  transfer_stat: 0
# 
# command unsuccessful. CMDR Val: 10000101 | time: 4257365000 
# 
# 
# NCSU_INFO:Time           4257365000:FINISH: wb_driver::run():  of test3.env.wb_agent.driver is called.
# 
# NCSU_INFO:Time           4257365000:START: wb_driver::run():  of test3.env.wb_agent.driver is called.
# 
# name: wb_trans transaction_count: 440 obj name:wb_trans,
#  op type:1,
#  wb_register/slave_addr:00000002,
#  bus_no:0,
#  Data:0
#  
# NCSU_INFO:Time           4257365000:i2c_driver::bl_put():  of test3.env.i2c_agent.driver called
# 
# command unsuccessful. CMDR Val: 10000110 | time: 4257395000 
# 
# 
# ------------------- start condition received by I2C -----------------------
# 
# command unsuccessful. CMDR Val: 10000100 | time: 4259283000 
# 
# 
# command unsuccessful. CMDR Val: 10000001 | time: 4277341000 
# 
# 
# command unsuccessful. CMDR Val: 10000011 | time: 4295391000 
# 
# 
# NCSU_INFO:Time           4295397000:i2c_monitor::run():  of test3.env.i2c_agent.monitor called.
#  Slave address:0x22;
#  RW:1;
#  Data:25
# 
# NCSU_INFO:Time           4295397000:ncsu_component::nb_put():  of test3.env.scoreboard called
# 
# NCSU_INFO:Time           4295399000:wb_monitor::run():  of test3.env.wb_agent.monitor called.
#  wb_register/slave_Addr: 0x1,
#  OP: 0,
#  data: 25
# 
# NCSU_INFO:Time           4295399000:ncsu_component::nb_transport():  of test3.env.scoreboard called
# 
# NCSU_INFO:Time           4295399000:ncsu_component::nb_put():  of test3.env.predictor called
# 
# ------------------- stop condition received by I2C: Read op -----------------------
# 
# name: i2c_trans transaction_count: 441 obj name:i2c_trans,
#  op type:1,
#  slave_addr_captured:00000000,
#  bus_no:          0,
#  Data:25,
#  transfer_stat: 1
# 
# command unsuccessful. CMDR Val: 10000101 | time: 4297095000 
# 
# 
# NCSU_INFO:Time           4297095000:FINISH: wb_driver::run():  of test3.env.wb_agent.driver is called.
# 
# NCSU_INFO:Time           4297095000:START: wb_driver::run():  of test3.env.wb_agent.driver is called.
# 
# name: wb_trans transaction_count: 444 obj name:wb_trans,
#  op type:0,
#  wb_register/slave_addr:00000002,
#  bus_no:0,
#  Data:0
#  
# NCSU_INFO:Time           4297095000:i2c_driver::bl_put():  of test3.env.i2c_agent.driver called
# 
# ------------------- start condition received by I2C -----------------------
# 
# command unsuccessful. CMDR Val: 10000110 | time: 4297125000 
# 
# 
# command unsuccessful. CMDR Val: 10000100 | time: 4299013000 
# 
# 
# command unsuccessful. CMDR Val: 10000001 | time: 4317071000 
# 
# 
# command unsuccessful. CMDR Val: 10000001 | time: 4335129000 
# 
# 
# NCSU_INFO:Time           4335129000:i2c_monitor::run():  of test3.env.i2c_agent.monitor called.
#  Slave address:0x22;
#  RW:0;
#  Data:103 0 0 0 0 0 0 0 0 0 0 0 0 0 0 0 0 0 0 0 0 0 0 0 0 0 0 0 0 0 0 0 0 0 0 0 0 0 0 0 0 0 0 0 0 0 0 0 0 0 0 0 0 0 0 0 0 0 0 0 0 0 0 0
# 
# NCSU_INFO:Time           4335129000:ncsu_component::nb_put():  of test3.env.scoreboard called
# 
# NCSU_INFO:Time           4335131000:wb_monitor::run():  of test3.env.wb_agent.monitor called.
#  wb_register/slave_Addr: 0x2,
#  OP: 0,
#  data: 129
# 
# NCSU_INFO:Time           4335131000:ncsu_component::nb_transport():  of test3.env.scoreboard called
# 
# NCSU_INFO:Time           4335131000:ncsu_component::nb_put():  of test3.env.predictor called
# 
# ------------------- stop condition received by I2C: Write op -----------------------
# 
# name: i2c_trans transaction_count: 445 obj name:i2c_trans,
#  op type:0,
#  slave_addr_captured:00000000,
#  bus_no:          0,
#  Data:103 0 0 0 0 0 0 0 0 0 0 0 0 0 0 0 0 0 0 0 0 0 0 0 0 0 0 0 0 0 0 0 0 0 0 0 0 0 0 0 0 0 0 0 0 0 0 0 0 0 0 0 0 0 0 0 0 0 0 0 0 0 0 0,
#  transfer_stat: 0
# 
# command unsuccessful. CMDR Val: 10000101 | time: 4336827000 
# 
# 
# NCSU_INFO:Time           4336827000:FINISH: wb_driver::run():  of test3.env.wb_agent.driver is called.
# 
# NCSU_INFO:Time           4336827000:START: wb_driver::run():  of test3.env.wb_agent.driver is called.
# 
# name: wb_trans transaction_count: 448 obj name:wb_trans,
#  op type:1,
#  wb_register/slave_addr:00000002,
#  bus_no:0,
#  Data:0
#  
# NCSU_INFO:Time           4336827000:i2c_driver::bl_put():  of test3.env.i2c_agent.driver called
# 
# command unsuccessful. CMDR Val: 10000110 | time: 4336857000 
# 
# 
# ------------------- start condition received by I2C -----------------------
# 
# command unsuccessful. CMDR Val: 10000100 | time: 4338745000 
# 
# 
# command unsuccessful. CMDR Val: 10000001 | time: 4356803000 
# 
# 
# command unsuccessful. CMDR Val: 10000011 | time: 4374853000 
# 
# 
# NCSU_INFO:Time           4374859000:i2c_monitor::run():  of test3.env.i2c_agent.monitor called.
#  Slave address:0x22;
#  RW:1;
#  Data:24
# 
# NCSU_INFO:Time           4374859000:ncsu_component::nb_put():  of test3.env.scoreboard called
# 
# NCSU_INFO:Time           4374861000:wb_monitor::run():  of test3.env.wb_agent.monitor called.
#  wb_register/slave_Addr: 0x1,
#  OP: 0,
#  data: 24
# 
# NCSU_INFO:Time           4374861000:ncsu_component::nb_transport():  of test3.env.scoreboard called
# 
# NCSU_INFO:Time           4374861000:ncsu_component::nb_put():  of test3.env.predictor called
# 
# ------------------- stop condition received by I2C: Read op -----------------------
# 
# name: i2c_trans transaction_count: 449 obj name:i2c_trans,
#  op type:1,
#  slave_addr_captured:00000000,
#  bus_no:          0,
#  Data:24,
#  transfer_stat: 1
# 
# command unsuccessful. CMDR Val: 10000101 | time: 4376557000 
# 
# 
# NCSU_INFO:Time           4376557000:FINISH: wb_driver::run():  of test3.env.wb_agent.driver is called.
# 
# NCSU_INFO:Time           4376557000:START: wb_driver::run():  of test3.env.wb_agent.driver is called.
# 
# name: wb_trans transaction_count: 452 obj name:wb_trans,
#  op type:0,
#  wb_register/slave_addr:00000002,
#  bus_no:0,
#  Data:0
#  
# NCSU_INFO:Time           4376557000:i2c_driver::bl_put():  of test3.env.i2c_agent.driver called
# 
# ------------------- start condition received by I2C -----------------------
# 
# command unsuccessful. CMDR Val: 10000110 | time: 4376587000 
# 
# 
# command unsuccessful. CMDR Val: 10000100 | time: 4378475000 
# 
# 
# command unsuccessful. CMDR Val: 10000001 | time: 4396533000 
# 
# 
# command unsuccessful. CMDR Val: 10000001 | time: 4414591000 
# 
# 
# NCSU_INFO:Time           4414591000:i2c_monitor::run():  of test3.env.i2c_agent.monitor called.
#  Slave address:0x22;
#  RW:0;
#  Data:104 0 0 0 0 0 0 0 0 0 0 0 0 0 0 0 0 0 0 0 0 0 0 0 0 0 0 0 0 0 0 0 0 0 0 0 0 0 0 0 0 0 0 0 0 0 0 0 0 0 0 0 0 0 0 0 0 0 0 0 0 0 0 0
# 
# NCSU_INFO:Time           4414591000:ncsu_component::nb_put():  of test3.env.scoreboard called
# 
# NCSU_INFO:Time           4414593000:wb_monitor::run():  of test3.env.wb_agent.monitor called.
#  wb_register/slave_Addr: 0x2,
#  OP: 0,
#  data: 129
# 
# NCSU_INFO:Time           4414593000:ncsu_component::nb_transport():  of test3.env.scoreboard called
# 
# NCSU_INFO:Time           4414593000:ncsu_component::nb_put():  of test3.env.predictor called
# 
# ------------------- stop condition received by I2C: Write op -----------------------
# 
# name: i2c_trans transaction_count: 453 obj name:i2c_trans,
#  op type:0,
#  slave_addr_captured:00000000,
#  bus_no:          0,
#  Data:104 0 0 0 0 0 0 0 0 0 0 0 0 0 0 0 0 0 0 0 0 0 0 0 0 0 0 0 0 0 0 0 0 0 0 0 0 0 0 0 0 0 0 0 0 0 0 0 0 0 0 0 0 0 0 0 0 0 0 0 0 0 0 0,
#  transfer_stat: 0
# 
# command unsuccessful. CMDR Val: 10000101 | time: 4416289000 
# 
# 
# NCSU_INFO:Time           4416289000:FINISH: wb_driver::run():  of test3.env.wb_agent.driver is called.
# 
# NCSU_INFO:Time           4416289000:START: wb_driver::run():  of test3.env.wb_agent.driver is called.
# 
# name: wb_trans transaction_count: 456 obj name:wb_trans,
#  op type:1,
#  wb_register/slave_addr:00000002,
#  bus_no:0,
#  Data:0
#  
# NCSU_INFO:Time           4416289000:i2c_driver::bl_put():  of test3.env.i2c_agent.driver called
# 
# command unsuccessful. CMDR Val: 10000110 | time: 4416319000 
# 
# 
# ------------------- start condition received by I2C -----------------------
# 
# command unsuccessful. CMDR Val: 10000100 | time: 4418207000 
# 
# 
# command unsuccessful. CMDR Val: 10000001 | time: 4436265000 
# 
# 
# command unsuccessful. CMDR Val: 10000011 | time: 4454315000 
# 
# 
# NCSU_INFO:Time           4454321000:i2c_monitor::run():  of test3.env.i2c_agent.monitor called.
#  Slave address:0x22;
#  RW:1;
#  Data:23
# 
# NCSU_INFO:Time           4454321000:ncsu_component::nb_put():  of test3.env.scoreboard called
# 
# NCSU_INFO:Time           4454323000:wb_monitor::run():  of test3.env.wb_agent.monitor called.
#  wb_register/slave_Addr: 0x1,
#  OP: 0,
#  data: 23
# 
# NCSU_INFO:Time           4454323000:ncsu_component::nb_transport():  of test3.env.scoreboard called
# 
# NCSU_INFO:Time           4454323000:ncsu_component::nb_put():  of test3.env.predictor called
# 
# ------------------- stop condition received by I2C: Read op -----------------------
# 
# name: i2c_trans transaction_count: 457 obj name:i2c_trans,
#  op type:1,
#  slave_addr_captured:00000000,
#  bus_no:          0,
#  Data:23,
#  transfer_stat: 1
# 
# command unsuccessful. CMDR Val: 10000101 | time: 4456019000 
# 
# 
# NCSU_INFO:Time           4456019000:FINISH: wb_driver::run():  of test3.env.wb_agent.driver is called.
# 
# NCSU_INFO:Time           4456019000:START: wb_driver::run():  of test3.env.wb_agent.driver is called.
# 
# name: wb_trans transaction_count: 460 obj name:wb_trans,
#  op type:0,
#  wb_register/slave_addr:00000002,
#  bus_no:0,
#  Data:0
#  
# NCSU_INFO:Time           4456019000:i2c_driver::bl_put():  of test3.env.i2c_agent.driver called
# 
# ------------------- start condition received by I2C -----------------------
# 
# command unsuccessful. CMDR Val: 10000110 | time: 4456049000 
# 
# 
# command unsuccessful. CMDR Val: 10000100 | time: 4457937000 
# 
# 
# command unsuccessful. CMDR Val: 10000001 | time: 4475995000 
# 
# 
# command unsuccessful. CMDR Val: 10000001 | time: 4494053000 
# 
# 
# NCSU_INFO:Time           4494053000:i2c_monitor::run():  of test3.env.i2c_agent.monitor called.
#  Slave address:0x22;
#  RW:0;
#  Data:105 0 0 0 0 0 0 0 0 0 0 0 0 0 0 0 0 0 0 0 0 0 0 0 0 0 0 0 0 0 0 0 0 0 0 0 0 0 0 0 0 0 0 0 0 0 0 0 0 0 0 0 0 0 0 0 0 0 0 0 0 0 0 0
# 
# NCSU_INFO:Time           4494053000:ncsu_component::nb_put():  of test3.env.scoreboard called
# 
# NCSU_INFO:Time           4494055000:wb_monitor::run():  of test3.env.wb_agent.monitor called.
#  wb_register/slave_Addr: 0x2,
#  OP: 0,
#  data: 129
# 
# NCSU_INFO:Time           4494055000:ncsu_component::nb_transport():  of test3.env.scoreboard called
# 
# NCSU_INFO:Time           4494055000:ncsu_component::nb_put():  of test3.env.predictor called
# 
# ------------------- stop condition received by I2C: Write op -----------------------
# 
# name: i2c_trans transaction_count: 461 obj name:i2c_trans,
#  op type:0,
#  slave_addr_captured:00000000,
#  bus_no:          0,
#  Data:105 0 0 0 0 0 0 0 0 0 0 0 0 0 0 0 0 0 0 0 0 0 0 0 0 0 0 0 0 0 0 0 0 0 0 0 0 0 0 0 0 0 0 0 0 0 0 0 0 0 0 0 0 0 0 0 0 0 0 0 0 0 0 0,
#  transfer_stat: 0
# 
# command unsuccessful. CMDR Val: 10000101 | time: 4495751000 
# 
# 
# NCSU_INFO:Time           4495751000:FINISH: wb_driver::run():  of test3.env.wb_agent.driver is called.
# 
# NCSU_INFO:Time           4495751000:START: wb_driver::run():  of test3.env.wb_agent.driver is called.
# 
# name: wb_trans transaction_count: 464 obj name:wb_trans,
#  op type:1,
#  wb_register/slave_addr:00000002,
#  bus_no:0,
#  Data:0
#  
# NCSU_INFO:Time           4495751000:i2c_driver::bl_put():  of test3.env.i2c_agent.driver called
# 
# command unsuccessful. CMDR Val: 10000110 | time: 4495781000 
# 
# 
# ------------------- start condition received by I2C -----------------------
# 
# command unsuccessful. CMDR Val: 10000100 | time: 4497669000 
# 
# 
# command unsuccessful. CMDR Val: 10000001 | time: 4515727000 
# 
# 
# command unsuccessful. CMDR Val: 10000011 | time: 4533777000 
# 
# 
# NCSU_INFO:Time           4533783000:i2c_monitor::run():  of test3.env.i2c_agent.monitor called.
#  Slave address:0x22;
#  RW:1;
#  Data:22
# 
# NCSU_INFO:Time           4533783000:ncsu_component::nb_put():  of test3.env.scoreboard called
# 
# NCSU_INFO:Time           4533785000:wb_monitor::run():  of test3.env.wb_agent.monitor called.
#  wb_register/slave_Addr: 0x1,
#  OP: 0,
#  data: 22
# 
# NCSU_INFO:Time           4533785000:ncsu_component::nb_transport():  of test3.env.scoreboard called
# 
# NCSU_INFO:Time           4533785000:ncsu_component::nb_put():  of test3.env.predictor called
# 
# ------------------- stop condition received by I2C: Read op -----------------------
# 
# name: i2c_trans transaction_count: 465 obj name:i2c_trans,
#  op type:1,
#  slave_addr_captured:00000000,
#  bus_no:          0,
#  Data:22,
#  transfer_stat: 1
# 
# command unsuccessful. CMDR Val: 10000101 | time: 4535481000 
# 
# 
# NCSU_INFO:Time           4535481000:FINISH: wb_driver::run():  of test3.env.wb_agent.driver is called.
# 
# NCSU_INFO:Time           4535481000:START: wb_driver::run():  of test3.env.wb_agent.driver is called.
# 
# name: wb_trans transaction_count: 468 obj name:wb_trans,
#  op type:0,
#  wb_register/slave_addr:00000002,
#  bus_no:0,
#  Data:0
#  
# NCSU_INFO:Time           4535481000:i2c_driver::bl_put():  of test3.env.i2c_agent.driver called
# 
# ------------------- start condition received by I2C -----------------------
# 
# command unsuccessful. CMDR Val: 10000110 | time: 4535511000 
# 
# 
# command unsuccessful. CMDR Val: 10000100 | time: 4537399000 
# 
# 
# command unsuccessful. CMDR Val: 10000001 | time: 4555457000 
# 
# 
# command unsuccessful. CMDR Val: 10000001 | time: 4573515000 
# 
# 
# NCSU_INFO:Time           4573515000:i2c_monitor::run():  of test3.env.i2c_agent.monitor called.
#  Slave address:0x22;
#  RW:0;
#  Data:106 0 0 0 0 0 0 0 0 0 0 0 0 0 0 0 0 0 0 0 0 0 0 0 0 0 0 0 0 0 0 0 0 0 0 0 0 0 0 0 0 0 0 0 0 0 0 0 0 0 0 0 0 0 0 0 0 0 0 0 0 0 0 0
# 
# NCSU_INFO:Time           4573515000:ncsu_component::nb_put():  of test3.env.scoreboard called
# 
# NCSU_INFO:Time           4573517000:wb_monitor::run():  of test3.env.wb_agent.monitor called.
#  wb_register/slave_Addr: 0x2,
#  OP: 0,
#  data: 129
# 
# NCSU_INFO:Time           4573517000:ncsu_component::nb_transport():  of test3.env.scoreboard called
# 
# NCSU_INFO:Time           4573517000:ncsu_component::nb_put():  of test3.env.predictor called
# 
# ------------------- stop condition received by I2C: Write op -----------------------
# 
# name: i2c_trans transaction_count: 469 obj name:i2c_trans,
#  op type:0,
#  slave_addr_captured:00000000,
#  bus_no:          0,
#  Data:106 0 0 0 0 0 0 0 0 0 0 0 0 0 0 0 0 0 0 0 0 0 0 0 0 0 0 0 0 0 0 0 0 0 0 0 0 0 0 0 0 0 0 0 0 0 0 0 0 0 0 0 0 0 0 0 0 0 0 0 0 0 0 0,
#  transfer_stat: 0
# 
# command unsuccessful. CMDR Val: 10000101 | time: 4575213000 
# 
# 
# NCSU_INFO:Time           4575213000:FINISH: wb_driver::run():  of test3.env.wb_agent.driver is called.
# 
# NCSU_INFO:Time           4575213000:START: wb_driver::run():  of test3.env.wb_agent.driver is called.
# 
# name: wb_trans transaction_count: 472 obj name:wb_trans,
#  op type:1,
#  wb_register/slave_addr:00000002,
#  bus_no:0,
#  Data:0
#  
# NCSU_INFO:Time           4575213000:i2c_driver::bl_put():  of test3.env.i2c_agent.driver called
# 
# command unsuccessful. CMDR Val: 10000110 | time: 4575243000 
# 
# 
# ------------------- start condition received by I2C -----------------------
# 
# command unsuccessful. CMDR Val: 10000100 | time: 4577131000 
# 
# 
# command unsuccessful. CMDR Val: 10000001 | time: 4595189000 
# 
# 
# command unsuccessful. CMDR Val: 10000011 | time: 4613239000 
# 
# 
# NCSU_INFO:Time           4613245000:i2c_monitor::run():  of test3.env.i2c_agent.monitor called.
#  Slave address:0x22;
#  RW:1;
#  Data:21
# 
# NCSU_INFO:Time           4613245000:ncsu_component::nb_put():  of test3.env.scoreboard called
# 
# NCSU_INFO:Time           4613247000:wb_monitor::run():  of test3.env.wb_agent.monitor called.
#  wb_register/slave_Addr: 0x1,
#  OP: 0,
#  data: 21
# 
# NCSU_INFO:Time           4613247000:ncsu_component::nb_transport():  of test3.env.scoreboard called
# 
# NCSU_INFO:Time           4613247000:ncsu_component::nb_put():  of test3.env.predictor called
# 
# ------------------- stop condition received by I2C: Read op -----------------------
# 
# name: i2c_trans transaction_count: 473 obj name:i2c_trans,
#  op type:1,
#  slave_addr_captured:00000000,
#  bus_no:          0,
#  Data:21,
#  transfer_stat: 1
# 
# command unsuccessful. CMDR Val: 10000101 | time: 4614943000 
# 
# 
# NCSU_INFO:Time           4614943000:FINISH: wb_driver::run():  of test3.env.wb_agent.driver is called.
# 
# NCSU_INFO:Time           4614943000:START: wb_driver::run():  of test3.env.wb_agent.driver is called.
# 
# name: wb_trans transaction_count: 476 obj name:wb_trans,
#  op type:0,
#  wb_register/slave_addr:00000002,
#  bus_no:0,
#  Data:0
#  
# NCSU_INFO:Time           4614943000:i2c_driver::bl_put():  of test3.env.i2c_agent.driver called
# 
# ------------------- start condition received by I2C -----------------------
# 
# command unsuccessful. CMDR Val: 10000110 | time: 4614973000 
# 
# 
# command unsuccessful. CMDR Val: 10000100 | time: 4616861000 
# 
# 
# command unsuccessful. CMDR Val: 10000001 | time: 4634919000 
# 
# 
# command unsuccessful. CMDR Val: 10000001 | time: 4652977000 
# 
# 
# NCSU_INFO:Time           4652977000:i2c_monitor::run():  of test3.env.i2c_agent.monitor called.
#  Slave address:0x22;
#  RW:0;
#  Data:107 0 0 0 0 0 0 0 0 0 0 0 0 0 0 0 0 0 0 0 0 0 0 0 0 0 0 0 0 0 0 0 0 0 0 0 0 0 0 0 0 0 0 0 0 0 0 0 0 0 0 0 0 0 0 0 0 0 0 0 0 0 0 0
# 
# NCSU_INFO:Time           4652977000:ncsu_component::nb_put():  of test3.env.scoreboard called
# 
# NCSU_INFO:Time           4652979000:wb_monitor::run():  of test3.env.wb_agent.monitor called.
#  wb_register/slave_Addr: 0x2,
#  OP: 0,
#  data: 129
# 
# NCSU_INFO:Time           4652979000:ncsu_component::nb_transport():  of test3.env.scoreboard called
# 
# NCSU_INFO:Time           4652979000:ncsu_component::nb_put():  of test3.env.predictor called
# 
# ------------------- stop condition received by I2C: Write op -----------------------
# 
# name: i2c_trans transaction_count: 477 obj name:i2c_trans,
#  op type:0,
#  slave_addr_captured:00000000,
#  bus_no:          0,
#  Data:107 0 0 0 0 0 0 0 0 0 0 0 0 0 0 0 0 0 0 0 0 0 0 0 0 0 0 0 0 0 0 0 0 0 0 0 0 0 0 0 0 0 0 0 0 0 0 0 0 0 0 0 0 0 0 0 0 0 0 0 0 0 0 0,
#  transfer_stat: 0
# 
# command unsuccessful. CMDR Val: 10000101 | time: 4654675000 
# 
# 
# NCSU_INFO:Time           4654675000:FINISH: wb_driver::run():  of test3.env.wb_agent.driver is called.
# 
# NCSU_INFO:Time           4654675000:START: wb_driver::run():  of test3.env.wb_agent.driver is called.
# 
# name: wb_trans transaction_count: 480 obj name:wb_trans,
#  op type:1,
#  wb_register/slave_addr:00000002,
#  bus_no:0,
#  Data:0
#  
# NCSU_INFO:Time           4654675000:i2c_driver::bl_put():  of test3.env.i2c_agent.driver called
# 
# command unsuccessful. CMDR Val: 10000110 | time: 4654705000 
# 
# 
# ------------------- start condition received by I2C -----------------------
# 
# command unsuccessful. CMDR Val: 10000100 | time: 4656593000 
# 
# 
# command unsuccessful. CMDR Val: 10000001 | time: 4674651000 
# 
# 
# command unsuccessful. CMDR Val: 10000011 | time: 4692701000 
# 
# 
# NCSU_INFO:Time           4692707000:i2c_monitor::run():  of test3.env.i2c_agent.monitor called.
#  Slave address:0x22;
#  RW:1;
#  Data:20
# 
# NCSU_INFO:Time           4692707000:ncsu_component::nb_put():  of test3.env.scoreboard called
# 
# NCSU_INFO:Time           4692709000:wb_monitor::run():  of test3.env.wb_agent.monitor called.
#  wb_register/slave_Addr: 0x1,
#  OP: 0,
#  data: 20
# 
# NCSU_INFO:Time           4692709000:ncsu_component::nb_transport():  of test3.env.scoreboard called
# 
# NCSU_INFO:Time           4692709000:ncsu_component::nb_put():  of test3.env.predictor called
# 
# ------------------- stop condition received by I2C: Read op -----------------------
# 
# name: i2c_trans transaction_count: 481 obj name:i2c_trans,
#  op type:1,
#  slave_addr_captured:00000000,
#  bus_no:          0,
#  Data:20,
#  transfer_stat: 1
# 
# command unsuccessful. CMDR Val: 10000101 | time: 4694405000 
# 
# 
# NCSU_INFO:Time           4694405000:FINISH: wb_driver::run():  of test3.env.wb_agent.driver is called.
# 
# NCSU_INFO:Time           4694405000:START: wb_driver::run():  of test3.env.wb_agent.driver is called.
# 
# name: wb_trans transaction_count: 484 obj name:wb_trans,
#  op type:0,
#  wb_register/slave_addr:00000002,
#  bus_no:0,
#  Data:0
#  
# NCSU_INFO:Time           4694405000:i2c_driver::bl_put():  of test3.env.i2c_agent.driver called
# 
# ------------------- start condition received by I2C -----------------------
# 
# command unsuccessful. CMDR Val: 10000110 | time: 4694435000 
# 
# 
# command unsuccessful. CMDR Val: 10000100 | time: 4696323000 
# 
# 
# command unsuccessful. CMDR Val: 10000001 | time: 4714381000 
# 
# 
# command unsuccessful. CMDR Val: 10000001 | time: 4732439000 
# 
# 
# NCSU_INFO:Time           4732439000:i2c_monitor::run():  of test3.env.i2c_agent.monitor called.
#  Slave address:0x22;
#  RW:0;
#  Data:108 0 0 0 0 0 0 0 0 0 0 0 0 0 0 0 0 0 0 0 0 0 0 0 0 0 0 0 0 0 0 0 0 0 0 0 0 0 0 0 0 0 0 0 0 0 0 0 0 0 0 0 0 0 0 0 0 0 0 0 0 0 0 0
# 
# NCSU_INFO:Time           4732439000:ncsu_component::nb_put():  of test3.env.scoreboard called
# 
# NCSU_INFO:Time           4732441000:wb_monitor::run():  of test3.env.wb_agent.monitor called.
#  wb_register/slave_Addr: 0x2,
#  OP: 0,
#  data: 129
# 
# NCSU_INFO:Time           4732441000:ncsu_component::nb_transport():  of test3.env.scoreboard called
# 
# NCSU_INFO:Time           4732441000:ncsu_component::nb_put():  of test3.env.predictor called
# 
# ------------------- stop condition received by I2C: Write op -----------------------
# 
# name: i2c_trans transaction_count: 485 obj name:i2c_trans,
#  op type:0,
#  slave_addr_captured:00000000,
#  bus_no:          0,
#  Data:108 0 0 0 0 0 0 0 0 0 0 0 0 0 0 0 0 0 0 0 0 0 0 0 0 0 0 0 0 0 0 0 0 0 0 0 0 0 0 0 0 0 0 0 0 0 0 0 0 0 0 0 0 0 0 0 0 0 0 0 0 0 0 0,
#  transfer_stat: 0
# 
# command unsuccessful. CMDR Val: 10000101 | time: 4734137000 
# 
# 
# NCSU_INFO:Time           4734137000:FINISH: wb_driver::run():  of test3.env.wb_agent.driver is called.
# 
# NCSU_INFO:Time           4734137000:START: wb_driver::run():  of test3.env.wb_agent.driver is called.
# 
# name: wb_trans transaction_count: 488 obj name:wb_trans,
#  op type:1,
#  wb_register/slave_addr:00000002,
#  bus_no:0,
#  Data:0
#  
# NCSU_INFO:Time           4734137000:i2c_driver::bl_put():  of test3.env.i2c_agent.driver called
# 
# command unsuccessful. CMDR Val: 10000110 | time: 4734167000 
# 
# 
# ------------------- start condition received by I2C -----------------------
# 
# command unsuccessful. CMDR Val: 10000100 | time: 4736055000 
# 
# 
# command unsuccessful. CMDR Val: 10000001 | time: 4754113000 
# 
# 
# command unsuccessful. CMDR Val: 10000011 | time: 4772163000 
# 
# 
# NCSU_INFO:Time           4772169000:i2c_monitor::run():  of test3.env.i2c_agent.monitor called.
#  Slave address:0x22;
#  RW:1;
#  Data:19
# 
# NCSU_INFO:Time           4772169000:ncsu_component::nb_put():  of test3.env.scoreboard called
# 
# NCSU_INFO:Time           4772171000:wb_monitor::run():  of test3.env.wb_agent.monitor called.
#  wb_register/slave_Addr: 0x1,
#  OP: 0,
#  data: 19
# 
# NCSU_INFO:Time           4772171000:ncsu_component::nb_transport():  of test3.env.scoreboard called
# 
# NCSU_INFO:Time           4772171000:ncsu_component::nb_put():  of test3.env.predictor called
# 
# ------------------- stop condition received by I2C: Read op -----------------------
# 
# name: i2c_trans transaction_count: 489 obj name:i2c_trans,
#  op type:1,
#  slave_addr_captured:00000000,
#  bus_no:          0,
#  Data:19,
#  transfer_stat: 1
# 
# command unsuccessful. CMDR Val: 10000101 | time: 4773867000 
# 
# 
# NCSU_INFO:Time           4773867000:FINISH: wb_driver::run():  of test3.env.wb_agent.driver is called.
# 
# NCSU_INFO:Time           4773867000:START: wb_driver::run():  of test3.env.wb_agent.driver is called.
# 
# name: wb_trans transaction_count: 492 obj name:wb_trans,
#  op type:0,
#  wb_register/slave_addr:00000002,
#  bus_no:0,
#  Data:0
#  
# NCSU_INFO:Time           4773867000:i2c_driver::bl_put():  of test3.env.i2c_agent.driver called
# 
# ------------------- start condition received by I2C -----------------------
# 
# command unsuccessful. CMDR Val: 10000110 | time: 4773897000 
# 
# 
# command unsuccessful. CMDR Val: 10000100 | time: 4775785000 
# 
# 
# command unsuccessful. CMDR Val: 10000001 | time: 4793843000 
# 
# 
# command unsuccessful. CMDR Val: 10000001 | time: 4811901000 
# 
# 
# NCSU_INFO:Time           4811901000:i2c_monitor::run():  of test3.env.i2c_agent.monitor called.
#  Slave address:0x22;
#  RW:0;
#  Data:109 0 0 0 0 0 0 0 0 0 0 0 0 0 0 0 0 0 0 0 0 0 0 0 0 0 0 0 0 0 0 0 0 0 0 0 0 0 0 0 0 0 0 0 0 0 0 0 0 0 0 0 0 0 0 0 0 0 0 0 0 0 0 0
# 
# NCSU_INFO:Time           4811901000:ncsu_component::nb_put():  of test3.env.scoreboard called
# 
# NCSU_INFO:Time           4811903000:wb_monitor::run():  of test3.env.wb_agent.monitor called.
#  wb_register/slave_Addr: 0x2,
#  OP: 0,
#  data: 129
# 
# NCSU_INFO:Time           4811903000:ncsu_component::nb_transport():  of test3.env.scoreboard called
# 
# NCSU_INFO:Time           4811903000:ncsu_component::nb_put():  of test3.env.predictor called
# 
# ------------------- stop condition received by I2C: Write op -----------------------
# 
# name: i2c_trans transaction_count: 493 obj name:i2c_trans,
#  op type:0,
#  slave_addr_captured:00000000,
#  bus_no:          0,
#  Data:109 0 0 0 0 0 0 0 0 0 0 0 0 0 0 0 0 0 0 0 0 0 0 0 0 0 0 0 0 0 0 0 0 0 0 0 0 0 0 0 0 0 0 0 0 0 0 0 0 0 0 0 0 0 0 0 0 0 0 0 0 0 0 0,
#  transfer_stat: 0
# 
# command unsuccessful. CMDR Val: 10000101 | time: 4813599000 
# 
# 
# NCSU_INFO:Time           4813599000:FINISH: wb_driver::run():  of test3.env.wb_agent.driver is called.
# 
# NCSU_INFO:Time           4813599000:START: wb_driver::run():  of test3.env.wb_agent.driver is called.
# 
# name: wb_trans transaction_count: 496 obj name:wb_trans,
#  op type:1,
#  wb_register/slave_addr:00000002,
#  bus_no:0,
#  Data:0
#  
# NCSU_INFO:Time           4813599000:i2c_driver::bl_put():  of test3.env.i2c_agent.driver called
# 
# command unsuccessful. CMDR Val: 10000110 | time: 4813629000 
# 
# 
# ------------------- start condition received by I2C -----------------------
# 
# command unsuccessful. CMDR Val: 10000100 | time: 4815517000 
# 
# 
# command unsuccessful. CMDR Val: 10000001 | time: 4833575000 
# 
# 
# command unsuccessful. CMDR Val: 10000011 | time: 4851625000 
# 
# 
# NCSU_INFO:Time           4851631000:i2c_monitor::run():  of test3.env.i2c_agent.monitor called.
#  Slave address:0x22;
#  RW:1;
#  Data:18
# 
# NCSU_INFO:Time           4851631000:ncsu_component::nb_put():  of test3.env.scoreboard called
# 
# NCSU_INFO:Time           4851633000:wb_monitor::run():  of test3.env.wb_agent.monitor called.
#  wb_register/slave_Addr: 0x1,
#  OP: 0,
#  data: 18
# 
# NCSU_INFO:Time           4851633000:ncsu_component::nb_transport():  of test3.env.scoreboard called
# 
# NCSU_INFO:Time           4851633000:ncsu_component::nb_put():  of test3.env.predictor called
# 
# ------------------- stop condition received by I2C: Read op -----------------------
# 
# name: i2c_trans transaction_count: 497 obj name:i2c_trans,
#  op type:1,
#  slave_addr_captured:00000000,
#  bus_no:          0,
#  Data:18,
#  transfer_stat: 1
# 
# command unsuccessful. CMDR Val: 10000101 | time: 4853329000 
# 
# 
# NCSU_INFO:Time           4853329000:FINISH: wb_driver::run():  of test3.env.wb_agent.driver is called.
# 
# NCSU_INFO:Time           4853329000:START: wb_driver::run():  of test3.env.wb_agent.driver is called.
# 
# name: wb_trans transaction_count: 500 obj name:wb_trans,
#  op type:0,
#  wb_register/slave_addr:00000002,
#  bus_no:0,
#  Data:0
#  
# NCSU_INFO:Time           4853329000:i2c_driver::bl_put():  of test3.env.i2c_agent.driver called
# 
# ------------------- start condition received by I2C -----------------------
# 
# command unsuccessful. CMDR Val: 10000110 | time: 4853359000 
# 
# 
# command unsuccessful. CMDR Val: 10000100 | time: 4855247000 
# 
# 
# command unsuccessful. CMDR Val: 10000001 | time: 4873305000 
# 
# 
# command unsuccessful. CMDR Val: 10000001 | time: 4891363000 
# 
# 
# NCSU_INFO:Time           4891363000:i2c_monitor::run():  of test3.env.i2c_agent.monitor called.
#  Slave address:0x22;
#  RW:0;
#  Data:110 0 0 0 0 0 0 0 0 0 0 0 0 0 0 0 0 0 0 0 0 0 0 0 0 0 0 0 0 0 0 0 0 0 0 0 0 0 0 0 0 0 0 0 0 0 0 0 0 0 0 0 0 0 0 0 0 0 0 0 0 0 0 0
# 
# NCSU_INFO:Time           4891363000:ncsu_component::nb_put():  of test3.env.scoreboard called
# 
# NCSU_INFO:Time           4891365000:wb_monitor::run():  of test3.env.wb_agent.monitor called.
#  wb_register/slave_Addr: 0x2,
#  OP: 0,
#  data: 129
# 
# NCSU_INFO:Time           4891365000:ncsu_component::nb_transport():  of test3.env.scoreboard called
# 
# NCSU_INFO:Time           4891365000:ncsu_component::nb_put():  of test3.env.predictor called
# 
# ------------------- stop condition received by I2C: Write op -----------------------
# 
# name: i2c_trans transaction_count: 501 obj name:i2c_trans,
#  op type:0,
#  slave_addr_captured:00000000,
#  bus_no:          0,
#  Data:110 0 0 0 0 0 0 0 0 0 0 0 0 0 0 0 0 0 0 0 0 0 0 0 0 0 0 0 0 0 0 0 0 0 0 0 0 0 0 0 0 0 0 0 0 0 0 0 0 0 0 0 0 0 0 0 0 0 0 0 0 0 0 0,
#  transfer_stat: 0
# 
# command unsuccessful. CMDR Val: 10000101 | time: 4893061000 
# 
# 
# NCSU_INFO:Time           4893061000:FINISH: wb_driver::run():  of test3.env.wb_agent.driver is called.
# 
# NCSU_INFO:Time           4893061000:START: wb_driver::run():  of test3.env.wb_agent.driver is called.
# 
# name: wb_trans transaction_count: 504 obj name:wb_trans,
#  op type:1,
#  wb_register/slave_addr:00000002,
#  bus_no:0,
#  Data:0
#  
# NCSU_INFO:Time           4893061000:i2c_driver::bl_put():  of test3.env.i2c_agent.driver called
# 
# command unsuccessful. CMDR Val: 10000110 | time: 4893091000 
# 
# 
# ------------------- start condition received by I2C -----------------------
# 
# command unsuccessful. CMDR Val: 10000100 | time: 4894979000 
# 
# 
# command unsuccessful. CMDR Val: 10000001 | time: 4913037000 
# 
# 
# command unsuccessful. CMDR Val: 10000011 | time: 4931087000 
# 
# 
# NCSU_INFO:Time           4931093000:i2c_monitor::run():  of test3.env.i2c_agent.monitor called.
#  Slave address:0x22;
#  RW:1;
#  Data:17
# 
# NCSU_INFO:Time           4931093000:ncsu_component::nb_put():  of test3.env.scoreboard called
# 
# NCSU_INFO:Time           4931095000:wb_monitor::run():  of test3.env.wb_agent.monitor called.
#  wb_register/slave_Addr: 0x1,
#  OP: 0,
#  data: 17
# 
# NCSU_INFO:Time           4931095000:ncsu_component::nb_transport():  of test3.env.scoreboard called
# 
# NCSU_INFO:Time           4931095000:ncsu_component::nb_put():  of test3.env.predictor called
# 
# ------------------- stop condition received by I2C: Read op -----------------------
# 
# name: i2c_trans transaction_count: 505 obj name:i2c_trans,
#  op type:1,
#  slave_addr_captured:00000000,
#  bus_no:          0,
#  Data:17,
#  transfer_stat: 1
# 
# command unsuccessful. CMDR Val: 10000101 | time: 4932791000 
# 
# 
# NCSU_INFO:Time           4932791000:FINISH: wb_driver::run():  of test3.env.wb_agent.driver is called.
# 
# NCSU_INFO:Time           4932791000:START: wb_driver::run():  of test3.env.wb_agent.driver is called.
# 
# name: wb_trans transaction_count: 508 obj name:wb_trans,
#  op type:0,
#  wb_register/slave_addr:00000002,
#  bus_no:0,
#  Data:0
#  
# NCSU_INFO:Time           4932791000:i2c_driver::bl_put():  of test3.env.i2c_agent.driver called
# 
# ------------------- start condition received by I2C -----------------------
# 
# command unsuccessful. CMDR Val: 10000110 | time: 4932821000 
# 
# 
# command unsuccessful. CMDR Val: 10000100 | time: 4934709000 
# 
# 
# command unsuccessful. CMDR Val: 10000001 | time: 4952767000 
# 
# 
# command unsuccessful. CMDR Val: 10000001 | time: 4970825000 
# 
# 
# NCSU_INFO:Time           4970825000:i2c_monitor::run():  of test3.env.i2c_agent.monitor called.
#  Slave address:0x22;
#  RW:0;
#  Data:111 0 0 0 0 0 0 0 0 0 0 0 0 0 0 0 0 0 0 0 0 0 0 0 0 0 0 0 0 0 0 0 0 0 0 0 0 0 0 0 0 0 0 0 0 0 0 0 0 0 0 0 0 0 0 0 0 0 0 0 0 0 0 0
# 
# NCSU_INFO:Time           4970825000:ncsu_component::nb_put():  of test3.env.scoreboard called
# 
# NCSU_INFO:Time           4970827000:wb_monitor::run():  of test3.env.wb_agent.monitor called.
#  wb_register/slave_Addr: 0x2,
#  OP: 0,
#  data: 129
# 
# NCSU_INFO:Time           4970827000:ncsu_component::nb_transport():  of test3.env.scoreboard called
# 
# NCSU_INFO:Time           4970827000:ncsu_component::nb_put():  of test3.env.predictor called
# 
# ------------------- stop condition received by I2C: Write op -----------------------
# 
# name: i2c_trans transaction_count: 509 obj name:i2c_trans,
#  op type:0,
#  slave_addr_captured:00000000,
#  bus_no:          0,
#  Data:111 0 0 0 0 0 0 0 0 0 0 0 0 0 0 0 0 0 0 0 0 0 0 0 0 0 0 0 0 0 0 0 0 0 0 0 0 0 0 0 0 0 0 0 0 0 0 0 0 0 0 0 0 0 0 0 0 0 0 0 0 0 0 0,
#  transfer_stat: 0
# 
# command unsuccessful. CMDR Val: 10000101 | time: 4972523000 
# 
# 
# NCSU_INFO:Time           4972523000:FINISH: wb_driver::run():  of test3.env.wb_agent.driver is called.
# 
# NCSU_INFO:Time           4972523000:START: wb_driver::run():  of test3.env.wb_agent.driver is called.
# 
# name: wb_trans transaction_count: 512 obj name:wb_trans,
#  op type:1,
#  wb_register/slave_addr:00000002,
#  bus_no:0,
#  Data:0
#  
# NCSU_INFO:Time           4972523000:i2c_driver::bl_put():  of test3.env.i2c_agent.driver called
# 
# command unsuccessful. CMDR Val: 10000110 | time: 4972553000 
# 
# 
# ------------------- start condition received by I2C -----------------------
# 
# command unsuccessful. CMDR Val: 10000100 | time: 4974441000 
# 
# 
# command unsuccessful. CMDR Val: 10000001 | time: 4992499000 
# 
# 
# command unsuccessful. CMDR Val: 10000011 | time: 5010549000 
# 
# 
# NCSU_INFO:Time           5010555000:i2c_monitor::run():  of test3.env.i2c_agent.monitor called.
#  Slave address:0x22;
#  RW:1;
#  Data:16
# 
# NCSU_INFO:Time           5010555000:ncsu_component::nb_put():  of test3.env.scoreboard called
# 
# NCSU_INFO:Time           5010557000:wb_monitor::run():  of test3.env.wb_agent.monitor called.
#  wb_register/slave_Addr: 0x1,
#  OP: 0,
#  data: 16
# 
# NCSU_INFO:Time           5010557000:ncsu_component::nb_transport():  of test3.env.scoreboard called
# 
# NCSU_INFO:Time           5010557000:ncsu_component::nb_put():  of test3.env.predictor called
# 
# ------------------- stop condition received by I2C: Read op -----------------------
# 
# name: i2c_trans transaction_count: 513 obj name:i2c_trans,
#  op type:1,
#  slave_addr_captured:00000000,
#  bus_no:          0,
#  Data:16,
#  transfer_stat: 1
# 
# command unsuccessful. CMDR Val: 10000101 | time: 5012253000 
# 
# 
# NCSU_INFO:Time           5012253000:FINISH: wb_driver::run():  of test3.env.wb_agent.driver is called.
# 
# NCSU_INFO:Time           5012253000:START: wb_driver::run():  of test3.env.wb_agent.driver is called.
# 
# name: wb_trans transaction_count: 516 obj name:wb_trans,
#  op type:0,
#  wb_register/slave_addr:00000002,
#  bus_no:0,
#  Data:0
#  
# NCSU_INFO:Time           5012253000:i2c_driver::bl_put():  of test3.env.i2c_agent.driver called
# 
# ------------------- start condition received by I2C -----------------------
# 
# command unsuccessful. CMDR Val: 10000110 | time: 5012283000 
# 
# 
# command unsuccessful. CMDR Val: 10000100 | time: 5014171000 
# 
# 
# command unsuccessful. CMDR Val: 10000001 | time: 5032229000 
# 
# 
# command unsuccessful. CMDR Val: 10000001 | time: 5050287000 
# 
# 
# NCSU_INFO:Time           5050287000:i2c_monitor::run():  of test3.env.i2c_agent.monitor called.
#  Slave address:0x22;
#  RW:0;
#  Data:112 0 0 0 0 0 0 0 0 0 0 0 0 0 0 0 0 0 0 0 0 0 0 0 0 0 0 0 0 0 0 0 0 0 0 0 0 0 0 0 0 0 0 0 0 0 0 0 0 0 0 0 0 0 0 0 0 0 0 0 0 0 0 0
# 
# NCSU_INFO:Time           5050287000:ncsu_component::nb_put():  of test3.env.scoreboard called
# 
# NCSU_INFO:Time           5050289000:wb_monitor::run():  of test3.env.wb_agent.monitor called.
#  wb_register/slave_Addr: 0x2,
#  OP: 0,
#  data: 129
# 
# NCSU_INFO:Time           5050289000:ncsu_component::nb_transport():  of test3.env.scoreboard called
# 
# NCSU_INFO:Time           5050289000:ncsu_component::nb_put():  of test3.env.predictor called
# 
# ------------------- stop condition received by I2C: Write op -----------------------
# 
# name: i2c_trans transaction_count: 517 obj name:i2c_trans,
#  op type:0,
#  slave_addr_captured:00000000,
#  bus_no:          0,
#  Data:112 0 0 0 0 0 0 0 0 0 0 0 0 0 0 0 0 0 0 0 0 0 0 0 0 0 0 0 0 0 0 0 0 0 0 0 0 0 0 0 0 0 0 0 0 0 0 0 0 0 0 0 0 0 0 0 0 0 0 0 0 0 0 0,
#  transfer_stat: 0
# 
# command unsuccessful. CMDR Val: 10000101 | time: 5051985000 
# 
# 
# NCSU_INFO:Time           5051985000:FINISH: wb_driver::run():  of test3.env.wb_agent.driver is called.
# 
# NCSU_INFO:Time           5051985000:START: wb_driver::run():  of test3.env.wb_agent.driver is called.
# 
# name: wb_trans transaction_count: 520 obj name:wb_trans,
#  op type:1,
#  wb_register/slave_addr:00000002,
#  bus_no:0,
#  Data:0
#  
# NCSU_INFO:Time           5051985000:i2c_driver::bl_put():  of test3.env.i2c_agent.driver called
# 
# command unsuccessful. CMDR Val: 10000110 | time: 5052015000 
# 
# 
# ------------------- start condition received by I2C -----------------------
# 
# command unsuccessful. CMDR Val: 10000100 | time: 5053903000 
# 
# 
# command unsuccessful. CMDR Val: 10000001 | time: 5071961000 
# 
# 
# command unsuccessful. CMDR Val: 10000011 | time: 5090011000 
# 
# 
# NCSU_INFO:Time           5090017000:i2c_monitor::run():  of test3.env.i2c_agent.monitor called.
#  Slave address:0x22;
#  RW:1;
#  Data:15
# 
# NCSU_INFO:Time           5090017000:ncsu_component::nb_put():  of test3.env.scoreboard called
# 
# NCSU_INFO:Time           5090019000:wb_monitor::run():  of test3.env.wb_agent.monitor called.
#  wb_register/slave_Addr: 0x1,
#  OP: 0,
#  data: 15
# 
# NCSU_INFO:Time           5090019000:ncsu_component::nb_transport():  of test3.env.scoreboard called
# 
# NCSU_INFO:Time           5090019000:ncsu_component::nb_put():  of test3.env.predictor called
# 
# ------------------- stop condition received by I2C: Read op -----------------------
# 
# name: i2c_trans transaction_count: 521 obj name:i2c_trans,
#  op type:1,
#  slave_addr_captured:00000000,
#  bus_no:          0,
#  Data:15,
#  transfer_stat: 1
# 
# command unsuccessful. CMDR Val: 10000101 | time: 5091715000 
# 
# 
# NCSU_INFO:Time           5091715000:FINISH: wb_driver::run():  of test3.env.wb_agent.driver is called.
# 
# NCSU_INFO:Time           5091715000:START: wb_driver::run():  of test3.env.wb_agent.driver is called.
# 
# name: wb_trans transaction_count: 524 obj name:wb_trans,
#  op type:0,
#  wb_register/slave_addr:00000002,
#  bus_no:0,
#  Data:0
#  
# NCSU_INFO:Time           5091715000:i2c_driver::bl_put():  of test3.env.i2c_agent.driver called
# 
# ------------------- start condition received by I2C -----------------------
# 
# command unsuccessful. CMDR Val: 10000110 | time: 5091745000 
# 
# 
# command unsuccessful. CMDR Val: 10000100 | time: 5093633000 
# 
# 
# command unsuccessful. CMDR Val: 10000001 | time: 5111691000 
# 
# 
# command unsuccessful. CMDR Val: 10000001 | time: 5129749000 
# 
# 
# NCSU_INFO:Time           5129749000:i2c_monitor::run():  of test3.env.i2c_agent.monitor called.
#  Slave address:0x22;
#  RW:0;
#  Data:113 0 0 0 0 0 0 0 0 0 0 0 0 0 0 0 0 0 0 0 0 0 0 0 0 0 0 0 0 0 0 0 0 0 0 0 0 0 0 0 0 0 0 0 0 0 0 0 0 0 0 0 0 0 0 0 0 0 0 0 0 0 0 0
# 
# NCSU_INFO:Time           5129749000:ncsu_component::nb_put():  of test3.env.scoreboard called
# 
# NCSU_INFO:Time           5129751000:wb_monitor::run():  of test3.env.wb_agent.monitor called.
#  wb_register/slave_Addr: 0x2,
#  OP: 0,
#  data: 129
# 
# NCSU_INFO:Time           5129751000:ncsu_component::nb_transport():  of test3.env.scoreboard called
# 
# NCSU_INFO:Time           5129751000:ncsu_component::nb_put():  of test3.env.predictor called
# 
# ------------------- stop condition received by I2C: Write op -----------------------
# 
# name: i2c_trans transaction_count: 525 obj name:i2c_trans,
#  op type:0,
#  slave_addr_captured:00000000,
#  bus_no:          0,
#  Data:113 0 0 0 0 0 0 0 0 0 0 0 0 0 0 0 0 0 0 0 0 0 0 0 0 0 0 0 0 0 0 0 0 0 0 0 0 0 0 0 0 0 0 0 0 0 0 0 0 0 0 0 0 0 0 0 0 0 0 0 0 0 0 0,
#  transfer_stat: 0
# 
# command unsuccessful. CMDR Val: 10000101 | time: 5131447000 
# 
# 
# NCSU_INFO:Time           5131447000:FINISH: wb_driver::run():  of test3.env.wb_agent.driver is called.
# 
# NCSU_INFO:Time           5131447000:START: wb_driver::run():  of test3.env.wb_agent.driver is called.
# 
# name: wb_trans transaction_count: 528 obj name:wb_trans,
#  op type:1,
#  wb_register/slave_addr:00000002,
#  bus_no:0,
#  Data:0
#  
# NCSU_INFO:Time           5131447000:i2c_driver::bl_put():  of test3.env.i2c_agent.driver called
# 
# command unsuccessful. CMDR Val: 10000110 | time: 5131477000 
# 
# 
# ------------------- start condition received by I2C -----------------------
# 
# command unsuccessful. CMDR Val: 10000100 | time: 5133365000 
# 
# 
# command unsuccessful. CMDR Val: 10000001 | time: 5151423000 
# 
# 
# command unsuccessful. CMDR Val: 10000011 | time: 5169473000 
# 
# 
# NCSU_INFO:Time           5169479000:i2c_monitor::run():  of test3.env.i2c_agent.monitor called.
#  Slave address:0x22;
#  RW:1;
#  Data:14
# 
# NCSU_INFO:Time           5169479000:ncsu_component::nb_put():  of test3.env.scoreboard called
# 
# NCSU_INFO:Time           5169481000:wb_monitor::run():  of test3.env.wb_agent.monitor called.
#  wb_register/slave_Addr: 0x1,
#  OP: 0,
#  data: 14
# 
# NCSU_INFO:Time           5169481000:ncsu_component::nb_transport():  of test3.env.scoreboard called
# 
# NCSU_INFO:Time           5169481000:ncsu_component::nb_put():  of test3.env.predictor called
# 
# ------------------- stop condition received by I2C: Read op -----------------------
# 
# name: i2c_trans transaction_count: 529 obj name:i2c_trans,
#  op type:1,
#  slave_addr_captured:00000000,
#  bus_no:          0,
#  Data:14,
#  transfer_stat: 1
# 
# command unsuccessful. CMDR Val: 10000101 | time: 5171177000 
# 
# 
# NCSU_INFO:Time           5171177000:FINISH: wb_driver::run():  of test3.env.wb_agent.driver is called.
# 
# NCSU_INFO:Time           5171177000:START: wb_driver::run():  of test3.env.wb_agent.driver is called.
# 
# name: wb_trans transaction_count: 532 obj name:wb_trans,
#  op type:0,
#  wb_register/slave_addr:00000002,
#  bus_no:0,
#  Data:0
#  
# NCSU_INFO:Time           5171177000:i2c_driver::bl_put():  of test3.env.i2c_agent.driver called
# 
# ------------------- start condition received by I2C -----------------------
# 
# command unsuccessful. CMDR Val: 10000110 | time: 5171207000 
# 
# 
# command unsuccessful. CMDR Val: 10000100 | time: 5173095000 
# 
# 
# command unsuccessful. CMDR Val: 10000001 | time: 5191153000 
# 
# 
# command unsuccessful. CMDR Val: 10000001 | time: 5209211000 
# 
# 
# NCSU_INFO:Time           5209211000:i2c_monitor::run():  of test3.env.i2c_agent.monitor called.
#  Slave address:0x22;
#  RW:0;
#  Data:114 0 0 0 0 0 0 0 0 0 0 0 0 0 0 0 0 0 0 0 0 0 0 0 0 0 0 0 0 0 0 0 0 0 0 0 0 0 0 0 0 0 0 0 0 0 0 0 0 0 0 0 0 0 0 0 0 0 0 0 0 0 0 0
# 
# NCSU_INFO:Time           5209211000:ncsu_component::nb_put():  of test3.env.scoreboard called
# 
# NCSU_INFO:Time           5209213000:wb_monitor::run():  of test3.env.wb_agent.monitor called.
#  wb_register/slave_Addr: 0x2,
#  OP: 0,
#  data: 129
# 
# NCSU_INFO:Time           5209213000:ncsu_component::nb_transport():  of test3.env.scoreboard called
# 
# NCSU_INFO:Time           5209213000:ncsu_component::nb_put():  of test3.env.predictor called
# 
# ------------------- stop condition received by I2C: Write op -----------------------
# 
# name: i2c_trans transaction_count: 533 obj name:i2c_trans,
#  op type:0,
#  slave_addr_captured:00000000,
#  bus_no:          0,
#  Data:114 0 0 0 0 0 0 0 0 0 0 0 0 0 0 0 0 0 0 0 0 0 0 0 0 0 0 0 0 0 0 0 0 0 0 0 0 0 0 0 0 0 0 0 0 0 0 0 0 0 0 0 0 0 0 0 0 0 0 0 0 0 0 0,
#  transfer_stat: 0
# 
# command unsuccessful. CMDR Val: 10000101 | time: 5210909000 
# 
# 
# NCSU_INFO:Time           5210909000:FINISH: wb_driver::run():  of test3.env.wb_agent.driver is called.
# 
# NCSU_INFO:Time           5210909000:START: wb_driver::run():  of test3.env.wb_agent.driver is called.
# 
# name: wb_trans transaction_count: 536 obj name:wb_trans,
#  op type:1,
#  wb_register/slave_addr:00000002,
#  bus_no:0,
#  Data:0
#  
# NCSU_INFO:Time           5210909000:i2c_driver::bl_put():  of test3.env.i2c_agent.driver called
# 
# command unsuccessful. CMDR Val: 10000110 | time: 5210939000 
# 
# 
# ------------------- start condition received by I2C -----------------------
# 
# command unsuccessful. CMDR Val: 10000100 | time: 5212827000 
# 
# 
# command unsuccessful. CMDR Val: 10000001 | time: 5230885000 
# 
# 
# command unsuccessful. CMDR Val: 10000011 | time: 5248935000 
# 
# 
# NCSU_INFO:Time           5248941000:i2c_monitor::run():  of test3.env.i2c_agent.monitor called.
#  Slave address:0x22;
#  RW:1;
#  Data:13
# 
# NCSU_INFO:Time           5248941000:ncsu_component::nb_put():  of test3.env.scoreboard called
# 
# NCSU_INFO:Time           5248943000:wb_monitor::run():  of test3.env.wb_agent.monitor called.
#  wb_register/slave_Addr: 0x1,
#  OP: 0,
#  data: 13
# 
# NCSU_INFO:Time           5248943000:ncsu_component::nb_transport():  of test3.env.scoreboard called
# 
# NCSU_INFO:Time           5248943000:ncsu_component::nb_put():  of test3.env.predictor called
# 
# ------------------- stop condition received by I2C: Read op -----------------------
# 
# name: i2c_trans transaction_count: 537 obj name:i2c_trans,
#  op type:1,
#  slave_addr_captured:00000000,
#  bus_no:          0,
#  Data:13,
#  transfer_stat: 1
# 
# command unsuccessful. CMDR Val: 10000101 | time: 5250639000 
# 
# 
# NCSU_INFO:Time           5250639000:FINISH: wb_driver::run():  of test3.env.wb_agent.driver is called.
# 
# NCSU_INFO:Time           5250639000:START: wb_driver::run():  of test3.env.wb_agent.driver is called.
# 
# name: wb_trans transaction_count: 540 obj name:wb_trans,
#  op type:0,
#  wb_register/slave_addr:00000002,
#  bus_no:0,
#  Data:0
#  
# NCSU_INFO:Time           5250639000:i2c_driver::bl_put():  of test3.env.i2c_agent.driver called
# 
# ------------------- start condition received by I2C -----------------------
# 
# command unsuccessful. CMDR Val: 10000110 | time: 5250669000 
# 
# 
# command unsuccessful. CMDR Val: 10000100 | time: 5252557000 
# 
# 
# command unsuccessful. CMDR Val: 10000001 | time: 5270615000 
# 
# 
# command unsuccessful. CMDR Val: 10000001 | time: 5288673000 
# 
# 
# NCSU_INFO:Time           5288673000:i2c_monitor::run():  of test3.env.i2c_agent.monitor called.
#  Slave address:0x22;
#  RW:0;
#  Data:115 0 0 0 0 0 0 0 0 0 0 0 0 0 0 0 0 0 0 0 0 0 0 0 0 0 0 0 0 0 0 0 0 0 0 0 0 0 0 0 0 0 0 0 0 0 0 0 0 0 0 0 0 0 0 0 0 0 0 0 0 0 0 0
# 
# NCSU_INFO:Time           5288673000:ncsu_component::nb_put():  of test3.env.scoreboard called
# 
# NCSU_INFO:Time           5288675000:wb_monitor::run():  of test3.env.wb_agent.monitor called.
#  wb_register/slave_Addr: 0x2,
#  OP: 0,
#  data: 129
# 
# NCSU_INFO:Time           5288675000:ncsu_component::nb_transport():  of test3.env.scoreboard called
# 
# NCSU_INFO:Time           5288675000:ncsu_component::nb_put():  of test3.env.predictor called
# 
# ------------------- stop condition received by I2C: Write op -----------------------
# 
# name: i2c_trans transaction_count: 541 obj name:i2c_trans,
#  op type:0,
#  slave_addr_captured:00000000,
#  bus_no:          0,
#  Data:115 0 0 0 0 0 0 0 0 0 0 0 0 0 0 0 0 0 0 0 0 0 0 0 0 0 0 0 0 0 0 0 0 0 0 0 0 0 0 0 0 0 0 0 0 0 0 0 0 0 0 0 0 0 0 0 0 0 0 0 0 0 0 0,
#  transfer_stat: 0
# 
# command unsuccessful. CMDR Val: 10000101 | time: 5290371000 
# 
# 
# NCSU_INFO:Time           5290371000:FINISH: wb_driver::run():  of test3.env.wb_agent.driver is called.
# 
# NCSU_INFO:Time           5290371000:START: wb_driver::run():  of test3.env.wb_agent.driver is called.
# 
# name: wb_trans transaction_count: 544 obj name:wb_trans,
#  op type:1,
#  wb_register/slave_addr:00000002,
#  bus_no:0,
#  Data:0
#  
# NCSU_INFO:Time           5290371000:i2c_driver::bl_put():  of test3.env.i2c_agent.driver called
# 
# command unsuccessful. CMDR Val: 10000110 | time: 5290401000 
# 
# 
# ------------------- start condition received by I2C -----------------------
# 
# command unsuccessful. CMDR Val: 10000100 | time: 5292289000 
# 
# 
# command unsuccessful. CMDR Val: 10000001 | time: 5310347000 
# 
# 
# command unsuccessful. CMDR Val: 10000011 | time: 5328397000 
# 
# 
# NCSU_INFO:Time           5328403000:i2c_monitor::run():  of test3.env.i2c_agent.monitor called.
#  Slave address:0x22;
#  RW:1;
#  Data:12
# 
# NCSU_INFO:Time           5328403000:ncsu_component::nb_put():  of test3.env.scoreboard called
# 
# NCSU_INFO:Time           5328405000:wb_monitor::run():  of test3.env.wb_agent.monitor called.
#  wb_register/slave_Addr: 0x1,
#  OP: 0,
#  data: 12
# 
# NCSU_INFO:Time           5328405000:ncsu_component::nb_transport():  of test3.env.scoreboard called
# 
# NCSU_INFO:Time           5328405000:ncsu_component::nb_put():  of test3.env.predictor called
# 
# ------------------- stop condition received by I2C: Read op -----------------------
# 
# name: i2c_trans transaction_count: 545 obj name:i2c_trans,
#  op type:1,
#  slave_addr_captured:00000000,
#  bus_no:          0,
#  Data:12,
#  transfer_stat: 1
# 
# command unsuccessful. CMDR Val: 10000101 | time: 5330101000 
# 
# 
# NCSU_INFO:Time           5330101000:FINISH: wb_driver::run():  of test3.env.wb_agent.driver is called.
# 
# NCSU_INFO:Time           5330101000:START: wb_driver::run():  of test3.env.wb_agent.driver is called.
# 
# name: wb_trans transaction_count: 548 obj name:wb_trans,
#  op type:0,
#  wb_register/slave_addr:00000002,
#  bus_no:0,
#  Data:0
#  
# NCSU_INFO:Time           5330101000:i2c_driver::bl_put():  of test3.env.i2c_agent.driver called
# 
# ------------------- start condition received by I2C -----------------------
# 
# command unsuccessful. CMDR Val: 10000110 | time: 5330131000 
# 
# 
# command unsuccessful. CMDR Val: 10000100 | time: 5332019000 
# 
# 
# command unsuccessful. CMDR Val: 10000001 | time: 5350077000 
# 
# 
# command unsuccessful. CMDR Val: 10000001 | time: 5368135000 
# 
# 
# NCSU_INFO:Time           5368135000:i2c_monitor::run():  of test3.env.i2c_agent.monitor called.
#  Slave address:0x22;
#  RW:0;
#  Data:116 0 0 0 0 0 0 0 0 0 0 0 0 0 0 0 0 0 0 0 0 0 0 0 0 0 0 0 0 0 0 0 0 0 0 0 0 0 0 0 0 0 0 0 0 0 0 0 0 0 0 0 0 0 0 0 0 0 0 0 0 0 0 0
# 
# NCSU_INFO:Time           5368135000:ncsu_component::nb_put():  of test3.env.scoreboard called
# 
# NCSU_INFO:Time           5368137000:wb_monitor::run():  of test3.env.wb_agent.monitor called.
#  wb_register/slave_Addr: 0x2,
#  OP: 0,
#  data: 129
# 
# NCSU_INFO:Time           5368137000:ncsu_component::nb_transport():  of test3.env.scoreboard called
# 
# NCSU_INFO:Time           5368137000:ncsu_component::nb_put():  of test3.env.predictor called
# 
# ------------------- stop condition received by I2C: Write op -----------------------
# 
# name: i2c_trans transaction_count: 549 obj name:i2c_trans,
#  op type:0,
#  slave_addr_captured:00000000,
#  bus_no:          0,
#  Data:116 0 0 0 0 0 0 0 0 0 0 0 0 0 0 0 0 0 0 0 0 0 0 0 0 0 0 0 0 0 0 0 0 0 0 0 0 0 0 0 0 0 0 0 0 0 0 0 0 0 0 0 0 0 0 0 0 0 0 0 0 0 0 0,
#  transfer_stat: 0
# 
# command unsuccessful. CMDR Val: 10000101 | time: 5369833000 
# 
# 
# NCSU_INFO:Time           5369833000:FINISH: wb_driver::run():  of test3.env.wb_agent.driver is called.
# 
# NCSU_INFO:Time           5369833000:START: wb_driver::run():  of test3.env.wb_agent.driver is called.
# 
# name: wb_trans transaction_count: 552 obj name:wb_trans,
#  op type:1,
#  wb_register/slave_addr:00000002,
#  bus_no:0,
#  Data:0
#  
# NCSU_INFO:Time           5369833000:i2c_driver::bl_put():  of test3.env.i2c_agent.driver called
# 
# command unsuccessful. CMDR Val: 10000110 | time: 5369863000 
# 
# 
# ------------------- start condition received by I2C -----------------------
# 
# command unsuccessful. CMDR Val: 10000100 | time: 5371751000 
# 
# 
# command unsuccessful. CMDR Val: 10000001 | time: 5389809000 
# 
# 
# command unsuccessful. CMDR Val: 10000011 | time: 5407859000 
# 
# 
# NCSU_INFO:Time           5407865000:i2c_monitor::run():  of test3.env.i2c_agent.monitor called.
#  Slave address:0x22;
#  RW:1;
#  Data:11
# 
# NCSU_INFO:Time           5407865000:ncsu_component::nb_put():  of test3.env.scoreboard called
# 
# NCSU_INFO:Time           5407867000:wb_monitor::run():  of test3.env.wb_agent.monitor called.
#  wb_register/slave_Addr: 0x1,
#  OP: 0,
#  data: 11
# 
# NCSU_INFO:Time           5407867000:ncsu_component::nb_transport():  of test3.env.scoreboard called
# 
# NCSU_INFO:Time           5407867000:ncsu_component::nb_put():  of test3.env.predictor called
# 
# ------------------- stop condition received by I2C: Read op -----------------------
# 
# name: i2c_trans transaction_count: 553 obj name:i2c_trans,
#  op type:1,
#  slave_addr_captured:00000000,
#  bus_no:          0,
#  Data:11,
#  transfer_stat: 1
# 
# command unsuccessful. CMDR Val: 10000101 | time: 5409563000 
# 
# 
# NCSU_INFO:Time           5409563000:FINISH: wb_driver::run():  of test3.env.wb_agent.driver is called.
# 
# NCSU_INFO:Time           5409563000:START: wb_driver::run():  of test3.env.wb_agent.driver is called.
# 
# name: wb_trans transaction_count: 556 obj name:wb_trans,
#  op type:0,
#  wb_register/slave_addr:00000002,
#  bus_no:0,
#  Data:0
#  
# NCSU_INFO:Time           5409563000:i2c_driver::bl_put():  of test3.env.i2c_agent.driver called
# 
# ------------------- start condition received by I2C -----------------------
# 
# command unsuccessful. CMDR Val: 10000110 | time: 5409593000 
# 
# 
# command unsuccessful. CMDR Val: 10000100 | time: 5411481000 
# 
# 
# command unsuccessful. CMDR Val: 10000001 | time: 5429539000 
# 
# 
# command unsuccessful. CMDR Val: 10000001 | time: 5447597000 
# 
# 
# NCSU_INFO:Time           5447597000:i2c_monitor::run():  of test3.env.i2c_agent.monitor called.
#  Slave address:0x22;
#  RW:0;
#  Data:117 0 0 0 0 0 0 0 0 0 0 0 0 0 0 0 0 0 0 0 0 0 0 0 0 0 0 0 0 0 0 0 0 0 0 0 0 0 0 0 0 0 0 0 0 0 0 0 0 0 0 0 0 0 0 0 0 0 0 0 0 0 0 0
# 
# NCSU_INFO:Time           5447597000:ncsu_component::nb_put():  of test3.env.scoreboard called
# 
# NCSU_INFO:Time           5447599000:wb_monitor::run():  of test3.env.wb_agent.monitor called.
#  wb_register/slave_Addr: 0x2,
#  OP: 0,
#  data: 129
# 
# NCSU_INFO:Time           5447599000:ncsu_component::nb_transport():  of test3.env.scoreboard called
# 
# NCSU_INFO:Time           5447599000:ncsu_component::nb_put():  of test3.env.predictor called
# 
# ------------------- stop condition received by I2C: Write op -----------------------
# 
# name: i2c_trans transaction_count: 557 obj name:i2c_trans,
#  op type:0,
#  slave_addr_captured:00000000,
#  bus_no:          0,
#  Data:117 0 0 0 0 0 0 0 0 0 0 0 0 0 0 0 0 0 0 0 0 0 0 0 0 0 0 0 0 0 0 0 0 0 0 0 0 0 0 0 0 0 0 0 0 0 0 0 0 0 0 0 0 0 0 0 0 0 0 0 0 0 0 0,
#  transfer_stat: 0
# 
# command unsuccessful. CMDR Val: 10000101 | time: 5449295000 
# 
# 
# NCSU_INFO:Time           5449295000:FINISH: wb_driver::run():  of test3.env.wb_agent.driver is called.
# 
# NCSU_INFO:Time           5449295000:START: wb_driver::run():  of test3.env.wb_agent.driver is called.
# 
# name: wb_trans transaction_count: 560 obj name:wb_trans,
#  op type:1,
#  wb_register/slave_addr:00000002,
#  bus_no:0,
#  Data:0
#  
# NCSU_INFO:Time           5449295000:i2c_driver::bl_put():  of test3.env.i2c_agent.driver called
# 
# command unsuccessful. CMDR Val: 10000110 | time: 5449325000 
# 
# 
# ------------------- start condition received by I2C -----------------------
# 
# command unsuccessful. CMDR Val: 10000100 | time: 5451213000 
# 
# 
# command unsuccessful. CMDR Val: 10000001 | time: 5469271000 
# 
# 
# command unsuccessful. CMDR Val: 10000011 | time: 5487321000 
# 
# 
# NCSU_INFO:Time           5487327000:i2c_monitor::run():  of test3.env.i2c_agent.monitor called.
#  Slave address:0x22;
#  RW:1;
#  Data:10
# 
# NCSU_INFO:Time           5487327000:ncsu_component::nb_put():  of test3.env.scoreboard called
# 
# NCSU_INFO:Time           5487329000:wb_monitor::run():  of test3.env.wb_agent.monitor called.
#  wb_register/slave_Addr: 0x1,
#  OP: 0,
#  data: 10
# 
# NCSU_INFO:Time           5487329000:ncsu_component::nb_transport():  of test3.env.scoreboard called
# 
# NCSU_INFO:Time           5487329000:ncsu_component::nb_put():  of test3.env.predictor called
# 
# ------------------- stop condition received by I2C: Read op -----------------------
# 
# name: i2c_trans transaction_count: 561 obj name:i2c_trans,
#  op type:1,
#  slave_addr_captured:00000000,
#  bus_no:          0,
#  Data:10,
#  transfer_stat: 1
# 
# command unsuccessful. CMDR Val: 10000101 | time: 5489025000 
# 
# 
# NCSU_INFO:Time           5489025000:FINISH: wb_driver::run():  of test3.env.wb_agent.driver is called.
# 
# NCSU_INFO:Time           5489025000:START: wb_driver::run():  of test3.env.wb_agent.driver is called.
# 
# name: wb_trans transaction_count: 564 obj name:wb_trans,
#  op type:0,
#  wb_register/slave_addr:00000002,
#  bus_no:0,
#  Data:0
#  
# NCSU_INFO:Time           5489025000:i2c_driver::bl_put():  of test3.env.i2c_agent.driver called
# 
# ------------------- start condition received by I2C -----------------------
# 
# command unsuccessful. CMDR Val: 10000110 | time: 5489055000 
# 
# 
# command unsuccessful. CMDR Val: 10000100 | time: 5490943000 
# 
# 
# command unsuccessful. CMDR Val: 10000001 | time: 5509001000 
# 
# 
# command unsuccessful. CMDR Val: 10000001 | time: 5527059000 
# 
# 
# NCSU_INFO:Time           5527059000:i2c_monitor::run():  of test3.env.i2c_agent.monitor called.
#  Slave address:0x22;
#  RW:0;
#  Data:118 0 0 0 0 0 0 0 0 0 0 0 0 0 0 0 0 0 0 0 0 0 0 0 0 0 0 0 0 0 0 0 0 0 0 0 0 0 0 0 0 0 0 0 0 0 0 0 0 0 0 0 0 0 0 0 0 0 0 0 0 0 0 0
# 
# NCSU_INFO:Time           5527059000:ncsu_component::nb_put():  of test3.env.scoreboard called
# 
# NCSU_INFO:Time           5527061000:wb_monitor::run():  of test3.env.wb_agent.monitor called.
#  wb_register/slave_Addr: 0x2,
#  OP: 0,
#  data: 129
# 
# NCSU_INFO:Time           5527061000:ncsu_component::nb_transport():  of test3.env.scoreboard called
# 
# NCSU_INFO:Time           5527061000:ncsu_component::nb_put():  of test3.env.predictor called
# 
# ------------------- stop condition received by I2C: Write op -----------------------
# 
# name: i2c_trans transaction_count: 565 obj name:i2c_trans,
#  op type:0,
#  slave_addr_captured:00000000,
#  bus_no:          0,
#  Data:118 0 0 0 0 0 0 0 0 0 0 0 0 0 0 0 0 0 0 0 0 0 0 0 0 0 0 0 0 0 0 0 0 0 0 0 0 0 0 0 0 0 0 0 0 0 0 0 0 0 0 0 0 0 0 0 0 0 0 0 0 0 0 0,
#  transfer_stat: 0
# 
# command unsuccessful. CMDR Val: 10000101 | time: 5528757000 
# 
# 
# NCSU_INFO:Time           5528757000:FINISH: wb_driver::run():  of test3.env.wb_agent.driver is called.
# 
# NCSU_INFO:Time           5528757000:START: wb_driver::run():  of test3.env.wb_agent.driver is called.
# 
# name: wb_trans transaction_count: 568 obj name:wb_trans,
#  op type:1,
#  wb_register/slave_addr:00000002,
#  bus_no:0,
#  Data:0
#  
# NCSU_INFO:Time           5528757000:i2c_driver::bl_put():  of test3.env.i2c_agent.driver called
# 
# command unsuccessful. CMDR Val: 10000110 | time: 5528787000 
# 
# 
# ------------------- start condition received by I2C -----------------------
# 
# command unsuccessful. CMDR Val: 10000100 | time: 5530675000 
# 
# 
# command unsuccessful. CMDR Val: 10000001 | time: 5548733000 
# 
# 
# command unsuccessful. CMDR Val: 10000011 | time: 5566783000 
# 
# 
# NCSU_INFO:Time           5566789000:i2c_monitor::run():  of test3.env.i2c_agent.monitor called.
#  Slave address:0x22;
#  RW:1;
#  Data:9
# 
# NCSU_INFO:Time           5566789000:ncsu_component::nb_put():  of test3.env.scoreboard called
# 
# NCSU_INFO:Time           5566791000:wb_monitor::run():  of test3.env.wb_agent.monitor called.
#  wb_register/slave_Addr: 0x1,
#  OP: 0,
#  data: 9
# 
# NCSU_INFO:Time           5566791000:ncsu_component::nb_transport():  of test3.env.scoreboard called
# 
# NCSU_INFO:Time           5566791000:ncsu_component::nb_put():  of test3.env.predictor called
# 
# ------------------- stop condition received by I2C: Read op -----------------------
# 
# name: i2c_trans transaction_count: 569 obj name:i2c_trans,
#  op type:1,
#  slave_addr_captured:00000000,
#  bus_no:          0,
#  Data:9,
#  transfer_stat: 1
# 
# command unsuccessful. CMDR Val: 10000101 | time: 5568487000 
# 
# 
# NCSU_INFO:Time           5568487000:FINISH: wb_driver::run():  of test3.env.wb_agent.driver is called.
# 
# NCSU_INFO:Time           5568487000:START: wb_driver::run():  of test3.env.wb_agent.driver is called.
# 
# name: wb_trans transaction_count: 572 obj name:wb_trans,
#  op type:0,
#  wb_register/slave_addr:00000002,
#  bus_no:0,
#  Data:0
#  
# NCSU_INFO:Time           5568487000:i2c_driver::bl_put():  of test3.env.i2c_agent.driver called
# 
# ------------------- start condition received by I2C -----------------------
# 
# command unsuccessful. CMDR Val: 10000110 | time: 5568517000 
# 
# 
# command unsuccessful. CMDR Val: 10000100 | time: 5570405000 
# 
# 
# command unsuccessful. CMDR Val: 10000001 | time: 5588463000 
# 
# 
# command unsuccessful. CMDR Val: 10000001 | time: 5606521000 
# 
# 
# NCSU_INFO:Time           5606521000:i2c_monitor::run():  of test3.env.i2c_agent.monitor called.
#  Slave address:0x22;
#  RW:0;
#  Data:119 0 0 0 0 0 0 0 0 0 0 0 0 0 0 0 0 0 0 0 0 0 0 0 0 0 0 0 0 0 0 0 0 0 0 0 0 0 0 0 0 0 0 0 0 0 0 0 0 0 0 0 0 0 0 0 0 0 0 0 0 0 0 0
# 
# NCSU_INFO:Time           5606521000:ncsu_component::nb_put():  of test3.env.scoreboard called
# 
# NCSU_INFO:Time           5606523000:wb_monitor::run():  of test3.env.wb_agent.monitor called.
#  wb_register/slave_Addr: 0x2,
#  OP: 0,
#  data: 129
# 
# NCSU_INFO:Time           5606523000:ncsu_component::nb_transport():  of test3.env.scoreboard called
# 
# NCSU_INFO:Time           5606523000:ncsu_component::nb_put():  of test3.env.predictor called
# 
# ------------------- stop condition received by I2C: Write op -----------------------
# 
# name: i2c_trans transaction_count: 573 obj name:i2c_trans,
#  op type:0,
#  slave_addr_captured:00000000,
#  bus_no:          0,
#  Data:119 0 0 0 0 0 0 0 0 0 0 0 0 0 0 0 0 0 0 0 0 0 0 0 0 0 0 0 0 0 0 0 0 0 0 0 0 0 0 0 0 0 0 0 0 0 0 0 0 0 0 0 0 0 0 0 0 0 0 0 0 0 0 0,
#  transfer_stat: 0
# 
# command unsuccessful. CMDR Val: 10000101 | time: 5608219000 
# 
# 
# NCSU_INFO:Time           5608219000:FINISH: wb_driver::run():  of test3.env.wb_agent.driver is called.
# 
# NCSU_INFO:Time           5608219000:START: wb_driver::run():  of test3.env.wb_agent.driver is called.
# 
# name: wb_trans transaction_count: 576 obj name:wb_trans,
#  op type:1,
#  wb_register/slave_addr:00000002,
#  bus_no:0,
#  Data:0
#  
# NCSU_INFO:Time           5608219000:i2c_driver::bl_put():  of test3.env.i2c_agent.driver called
# 
# command unsuccessful. CMDR Val: 10000110 | time: 5608249000 
# 
# 
# ------------------- start condition received by I2C -----------------------
# 
# command unsuccessful. CMDR Val: 10000100 | time: 5610137000 
# 
# 
# command unsuccessful. CMDR Val: 10000001 | time: 5628195000 
# 
# 
# command unsuccessful. CMDR Val: 10000011 | time: 5646245000 
# 
# 
# NCSU_INFO:Time           5646251000:i2c_monitor::run():  of test3.env.i2c_agent.monitor called.
#  Slave address:0x22;
#  RW:1;
#  Data:8
# 
# NCSU_INFO:Time           5646251000:ncsu_component::nb_put():  of test3.env.scoreboard called
# 
# NCSU_INFO:Time           5646253000:wb_monitor::run():  of test3.env.wb_agent.monitor called.
#  wb_register/slave_Addr: 0x1,
#  OP: 0,
#  data: 8
# 
# NCSU_INFO:Time           5646253000:ncsu_component::nb_transport():  of test3.env.scoreboard called
# 
# NCSU_INFO:Time           5646253000:ncsu_component::nb_put():  of test3.env.predictor called
# 
# ------------------- stop condition received by I2C: Read op -----------------------
# 
# name: i2c_trans transaction_count: 577 obj name:i2c_trans,
#  op type:1,
#  slave_addr_captured:00000000,
#  bus_no:          0,
#  Data:8,
#  transfer_stat: 1
# 
# command unsuccessful. CMDR Val: 10000101 | time: 5647949000 
# 
# 
# NCSU_INFO:Time           5647949000:FINISH: wb_driver::run():  of test3.env.wb_agent.driver is called.
# 
# NCSU_INFO:Time           5647949000:START: wb_driver::run():  of test3.env.wb_agent.driver is called.
# 
# name: wb_trans transaction_count: 580 obj name:wb_trans,
#  op type:0,
#  wb_register/slave_addr:00000002,
#  bus_no:0,
#  Data:0
#  
# NCSU_INFO:Time           5647949000:i2c_driver::bl_put():  of test3.env.i2c_agent.driver called
# 
# ------------------- start condition received by I2C -----------------------
# 
# command unsuccessful. CMDR Val: 10000110 | time: 5647979000 
# 
# 
# command unsuccessful. CMDR Val: 10000100 | time: 5649867000 
# 
# 
# command unsuccessful. CMDR Val: 10000001 | time: 5667925000 
# 
# 
# command unsuccessful. CMDR Val: 10000001 | time: 5685983000 
# 
# 
# NCSU_INFO:Time           5685983000:i2c_monitor::run():  of test3.env.i2c_agent.monitor called.
#  Slave address:0x22;
#  RW:0;
#  Data:120 0 0 0 0 0 0 0 0 0 0 0 0 0 0 0 0 0 0 0 0 0 0 0 0 0 0 0 0 0 0 0 0 0 0 0 0 0 0 0 0 0 0 0 0 0 0 0 0 0 0 0 0 0 0 0 0 0 0 0 0 0 0 0
# 
# NCSU_INFO:Time           5685983000:ncsu_component::nb_put():  of test3.env.scoreboard called
# 
# NCSU_INFO:Time           5685985000:wb_monitor::run():  of test3.env.wb_agent.monitor called.
#  wb_register/slave_Addr: 0x2,
#  OP: 0,
#  data: 129
# 
# NCSU_INFO:Time           5685985000:ncsu_component::nb_transport():  of test3.env.scoreboard called
# 
# NCSU_INFO:Time           5685985000:ncsu_component::nb_put():  of test3.env.predictor called
# 
# ------------------- stop condition received by I2C: Write op -----------------------
# 
# name: i2c_trans transaction_count: 581 obj name:i2c_trans,
#  op type:0,
#  slave_addr_captured:00000000,
#  bus_no:          0,
#  Data:120 0 0 0 0 0 0 0 0 0 0 0 0 0 0 0 0 0 0 0 0 0 0 0 0 0 0 0 0 0 0 0 0 0 0 0 0 0 0 0 0 0 0 0 0 0 0 0 0 0 0 0 0 0 0 0 0 0 0 0 0 0 0 0,
#  transfer_stat: 0
# 
# command unsuccessful. CMDR Val: 10000101 | time: 5687681000 
# 
# 
# NCSU_INFO:Time           5687681000:FINISH: wb_driver::run():  of test3.env.wb_agent.driver is called.
# 
# NCSU_INFO:Time           5687681000:START: wb_driver::run():  of test3.env.wb_agent.driver is called.
# 
# name: wb_trans transaction_count: 584 obj name:wb_trans,
#  op type:1,
#  wb_register/slave_addr:00000002,
#  bus_no:0,
#  Data:0
#  
# NCSU_INFO:Time           5687681000:i2c_driver::bl_put():  of test3.env.i2c_agent.driver called
# 
# command unsuccessful. CMDR Val: 10000110 | time: 5687711000 
# 
# 
# ------------------- start condition received by I2C -----------------------
# 
# command unsuccessful. CMDR Val: 10000100 | time: 5689599000 
# 
# 
# command unsuccessful. CMDR Val: 10000001 | time: 5707657000 
# 
# 
# command unsuccessful. CMDR Val: 10000011 | time: 5725707000 
# 
# 
# NCSU_INFO:Time           5725713000:i2c_monitor::run():  of test3.env.i2c_agent.monitor called.
#  Slave address:0x22;
#  RW:1;
#  Data:7
# 
# NCSU_INFO:Time           5725713000:ncsu_component::nb_put():  of test3.env.scoreboard called
# 
# NCSU_INFO:Time           5725715000:wb_monitor::run():  of test3.env.wb_agent.monitor called.
#  wb_register/slave_Addr: 0x1,
#  OP: 0,
#  data: 7
# 
# NCSU_INFO:Time           5725715000:ncsu_component::nb_transport():  of test3.env.scoreboard called
# 
# NCSU_INFO:Time           5725715000:ncsu_component::nb_put():  of test3.env.predictor called
# 
# ------------------- stop condition received by I2C: Read op -----------------------
# 
# name: i2c_trans transaction_count: 585 obj name:i2c_trans,
#  op type:1,
#  slave_addr_captured:00000000,
#  bus_no:          0,
#  Data:7,
#  transfer_stat: 1
# 
# command unsuccessful. CMDR Val: 10000101 | time: 5727411000 
# 
# 
# NCSU_INFO:Time           5727411000:FINISH: wb_driver::run():  of test3.env.wb_agent.driver is called.
# 
# NCSU_INFO:Time           5727411000:START: wb_driver::run():  of test3.env.wb_agent.driver is called.
# 
# name: wb_trans transaction_count: 588 obj name:wb_trans,
#  op type:0,
#  wb_register/slave_addr:00000002,
#  bus_no:0,
#  Data:0
#  
# NCSU_INFO:Time           5727411000:i2c_driver::bl_put():  of test3.env.i2c_agent.driver called
# 
# ------------------- start condition received by I2C -----------------------
# 
# command unsuccessful. CMDR Val: 10000110 | time: 5727441000 
# 
# 
# command unsuccessful. CMDR Val: 10000100 | time: 5729329000 
# 
# 
# command unsuccessful. CMDR Val: 10000001 | time: 5747387000 
# 
# 
# command unsuccessful. CMDR Val: 10000001 | time: 5765445000 
# 
# 
# NCSU_INFO:Time           5765445000:i2c_monitor::run():  of test3.env.i2c_agent.monitor called.
#  Slave address:0x22;
#  RW:0;
#  Data:121 0 0 0 0 0 0 0 0 0 0 0 0 0 0 0 0 0 0 0 0 0 0 0 0 0 0 0 0 0 0 0 0 0 0 0 0 0 0 0 0 0 0 0 0 0 0 0 0 0 0 0 0 0 0 0 0 0 0 0 0 0 0 0
# 
# NCSU_INFO:Time           5765445000:ncsu_component::nb_put():  of test3.env.scoreboard called
# 
# NCSU_INFO:Time           5765447000:wb_monitor::run():  of test3.env.wb_agent.monitor called.
#  wb_register/slave_Addr: 0x2,
#  OP: 0,
#  data: 129
# 
# NCSU_INFO:Time           5765447000:ncsu_component::nb_transport():  of test3.env.scoreboard called
# 
# NCSU_INFO:Time           5765447000:ncsu_component::nb_put():  of test3.env.predictor called
# 
# ------------------- stop condition received by I2C: Write op -----------------------
# 
# name: i2c_trans transaction_count: 589 obj name:i2c_trans,
#  op type:0,
#  slave_addr_captured:00000000,
#  bus_no:          0,
#  Data:121 0 0 0 0 0 0 0 0 0 0 0 0 0 0 0 0 0 0 0 0 0 0 0 0 0 0 0 0 0 0 0 0 0 0 0 0 0 0 0 0 0 0 0 0 0 0 0 0 0 0 0 0 0 0 0 0 0 0 0 0 0 0 0,
#  transfer_stat: 0
# 
# command unsuccessful. CMDR Val: 10000101 | time: 5767143000 
# 
# 
# NCSU_INFO:Time           5767143000:FINISH: wb_driver::run():  of test3.env.wb_agent.driver is called.
# 
# NCSU_INFO:Time           5767143000:START: wb_driver::run():  of test3.env.wb_agent.driver is called.
# 
# name: wb_trans transaction_count: 592 obj name:wb_trans,
#  op type:1,
#  wb_register/slave_addr:00000002,
#  bus_no:0,
#  Data:0
#  
# NCSU_INFO:Time           5767143000:i2c_driver::bl_put():  of test3.env.i2c_agent.driver called
# 
# command unsuccessful. CMDR Val: 10000110 | time: 5767173000 
# 
# 
# ------------------- start condition received by I2C -----------------------
# 
# command unsuccessful. CMDR Val: 10000100 | time: 5769061000 
# 
# 
# command unsuccessful. CMDR Val: 10000001 | time: 5787119000 
# 
# 
# command unsuccessful. CMDR Val: 10000011 | time: 5805169000 
# 
# 
# NCSU_INFO:Time           5805175000:i2c_monitor::run():  of test3.env.i2c_agent.monitor called.
#  Slave address:0x22;
#  RW:1;
#  Data:6
# 
# NCSU_INFO:Time           5805175000:ncsu_component::nb_put():  of test3.env.scoreboard called
# 
# NCSU_INFO:Time           5805177000:wb_monitor::run():  of test3.env.wb_agent.monitor called.
#  wb_register/slave_Addr: 0x1,
#  OP: 0,
#  data: 6
# 
# NCSU_INFO:Time           5805177000:ncsu_component::nb_transport():  of test3.env.scoreboard called
# 
# NCSU_INFO:Time           5805177000:ncsu_component::nb_put():  of test3.env.predictor called
# 
# ------------------- stop condition received by I2C: Read op -----------------------
# 
# name: i2c_trans transaction_count: 593 obj name:i2c_trans,
#  op type:1,
#  slave_addr_captured:00000000,
#  bus_no:          0,
#  Data:6,
#  transfer_stat: 1
# 
# command unsuccessful. CMDR Val: 10000101 | time: 5806873000 
# 
# 
# NCSU_INFO:Time           5806873000:FINISH: wb_driver::run():  of test3.env.wb_agent.driver is called.
# 
# NCSU_INFO:Time           5806873000:START: wb_driver::run():  of test3.env.wb_agent.driver is called.
# 
# name: wb_trans transaction_count: 596 obj name:wb_trans,
#  op type:0,
#  wb_register/slave_addr:00000002,
#  bus_no:0,
#  Data:0
#  
# NCSU_INFO:Time           5806873000:i2c_driver::bl_put():  of test3.env.i2c_agent.driver called
# 
# ------------------- start condition received by I2C -----------------------
# 
# command unsuccessful. CMDR Val: 10000110 | time: 5806903000 
# 
# 
# command unsuccessful. CMDR Val: 10000100 | time: 5808791000 
# 
# 
# command unsuccessful. CMDR Val: 10000001 | time: 5826849000 
# 
# 
# command unsuccessful. CMDR Val: 10000001 | time: 5844907000 
# 
# 
# NCSU_INFO:Time           5844907000:i2c_monitor::run():  of test3.env.i2c_agent.monitor called.
#  Slave address:0x22;
#  RW:0;
#  Data:122 0 0 0 0 0 0 0 0 0 0 0 0 0 0 0 0 0 0 0 0 0 0 0 0 0 0 0 0 0 0 0 0 0 0 0 0 0 0 0 0 0 0 0 0 0 0 0 0 0 0 0 0 0 0 0 0 0 0 0 0 0 0 0
# 
# NCSU_INFO:Time           5844907000:ncsu_component::nb_put():  of test3.env.scoreboard called
# 
# NCSU_INFO:Time           5844909000:wb_monitor::run():  of test3.env.wb_agent.monitor called.
#  wb_register/slave_Addr: 0x2,
#  OP: 0,
#  data: 129
# 
# NCSU_INFO:Time           5844909000:ncsu_component::nb_transport():  of test3.env.scoreboard called
# 
# NCSU_INFO:Time           5844909000:ncsu_component::nb_put():  of test3.env.predictor called
# 
# ------------------- stop condition received by I2C: Write op -----------------------
# 
# name: i2c_trans transaction_count: 597 obj name:i2c_trans,
#  op type:0,
#  slave_addr_captured:00000000,
#  bus_no:          0,
#  Data:122 0 0 0 0 0 0 0 0 0 0 0 0 0 0 0 0 0 0 0 0 0 0 0 0 0 0 0 0 0 0 0 0 0 0 0 0 0 0 0 0 0 0 0 0 0 0 0 0 0 0 0 0 0 0 0 0 0 0 0 0 0 0 0,
#  transfer_stat: 0
# 
# command unsuccessful. CMDR Val: 10000101 | time: 5846605000 
# 
# 
# NCSU_INFO:Time           5846605000:FINISH: wb_driver::run():  of test3.env.wb_agent.driver is called.
# 
# NCSU_INFO:Time           5846605000:START: wb_driver::run():  of test3.env.wb_agent.driver is called.
# 
# name: wb_trans transaction_count: 600 obj name:wb_trans,
#  op type:1,
#  wb_register/slave_addr:00000002,
#  bus_no:0,
#  Data:0
#  
# NCSU_INFO:Time           5846605000:i2c_driver::bl_put():  of test3.env.i2c_agent.driver called
# 
# command unsuccessful. CMDR Val: 10000110 | time: 5846635000 
# 
# 
# ------------------- start condition received by I2C -----------------------
# 
# command unsuccessful. CMDR Val: 10000100 | time: 5848523000 
# 
# 
# command unsuccessful. CMDR Val: 10000001 | time: 5866581000 
# 
# 
# command unsuccessful. CMDR Val: 10000011 | time: 5884631000 
# 
# 
# NCSU_INFO:Time           5884637000:i2c_monitor::run():  of test3.env.i2c_agent.monitor called.
#  Slave address:0x22;
#  RW:1;
#  Data:5
# 
# NCSU_INFO:Time           5884637000:ncsu_component::nb_put():  of test3.env.scoreboard called
# 
# NCSU_INFO:Time           5884639000:wb_monitor::run():  of test3.env.wb_agent.monitor called.
#  wb_register/slave_Addr: 0x1,
#  OP: 0,
#  data: 5
# 
# NCSU_INFO:Time           5884639000:ncsu_component::nb_transport():  of test3.env.scoreboard called
# 
# NCSU_INFO:Time           5884639000:ncsu_component::nb_put():  of test3.env.predictor called
# 
# ------------------- stop condition received by I2C: Read op -----------------------
# 
# name: i2c_trans transaction_count: 601 obj name:i2c_trans,
#  op type:1,
#  slave_addr_captured:00000000,
#  bus_no:          0,
#  Data:5,
#  transfer_stat: 1
# 
# command unsuccessful. CMDR Val: 10000101 | time: 5886335000 
# 
# 
# NCSU_INFO:Time           5886335000:FINISH: wb_driver::run():  of test3.env.wb_agent.driver is called.
# 
# NCSU_INFO:Time           5886335000:START: wb_driver::run():  of test3.env.wb_agent.driver is called.
# 
# name: wb_trans transaction_count: 604 obj name:wb_trans,
#  op type:0,
#  wb_register/slave_addr:00000002,
#  bus_no:0,
#  Data:0
#  
# NCSU_INFO:Time           5886335000:i2c_driver::bl_put():  of test3.env.i2c_agent.driver called
# 
# ------------------- start condition received by I2C -----------------------
# 
# command unsuccessful. CMDR Val: 10000110 | time: 5886365000 
# 
# 
# command unsuccessful. CMDR Val: 10000100 | time: 5888253000 
# 
# 
# command unsuccessful. CMDR Val: 10000001 | time: 5906311000 
# 
# 
# command unsuccessful. CMDR Val: 10000001 | time: 5924369000 
# 
# 
# NCSU_INFO:Time           5924369000:i2c_monitor::run():  of test3.env.i2c_agent.monitor called.
#  Slave address:0x22;
#  RW:0;
#  Data:123 0 0 0 0 0 0 0 0 0 0 0 0 0 0 0 0 0 0 0 0 0 0 0 0 0 0 0 0 0 0 0 0 0 0 0 0 0 0 0 0 0 0 0 0 0 0 0 0 0 0 0 0 0 0 0 0 0 0 0 0 0 0 0
# 
# NCSU_INFO:Time           5924369000:ncsu_component::nb_put():  of test3.env.scoreboard called
# 
# NCSU_INFO:Time           5924371000:wb_monitor::run():  of test3.env.wb_agent.monitor called.
#  wb_register/slave_Addr: 0x2,
#  OP: 0,
#  data: 129
# 
# NCSU_INFO:Time           5924371000:ncsu_component::nb_transport():  of test3.env.scoreboard called
# 
# NCSU_INFO:Time           5924371000:ncsu_component::nb_put():  of test3.env.predictor called
# 
# ------------------- stop condition received by I2C: Write op -----------------------
# 
# name: i2c_trans transaction_count: 605 obj name:i2c_trans,
#  op type:0,
#  slave_addr_captured:00000000,
#  bus_no:          0,
#  Data:123 0 0 0 0 0 0 0 0 0 0 0 0 0 0 0 0 0 0 0 0 0 0 0 0 0 0 0 0 0 0 0 0 0 0 0 0 0 0 0 0 0 0 0 0 0 0 0 0 0 0 0 0 0 0 0 0 0 0 0 0 0 0 0,
#  transfer_stat: 0
# 
# command unsuccessful. CMDR Val: 10000101 | time: 5926067000 
# 
# 
# NCSU_INFO:Time           5926067000:FINISH: wb_driver::run():  of test3.env.wb_agent.driver is called.
# 
# NCSU_INFO:Time           5926067000:START: wb_driver::run():  of test3.env.wb_agent.driver is called.
# 
# name: wb_trans transaction_count: 608 obj name:wb_trans,
#  op type:1,
#  wb_register/slave_addr:00000002,
#  bus_no:0,
#  Data:0
#  
# NCSU_INFO:Time           5926067000:i2c_driver::bl_put():  of test3.env.i2c_agent.driver called
# 
# command unsuccessful. CMDR Val: 10000110 | time: 5926097000 
# 
# 
# ------------------- start condition received by I2C -----------------------
# 
# command unsuccessful. CMDR Val: 10000100 | time: 5927985000 
# 
# 
# command unsuccessful. CMDR Val: 10000001 | time: 5946043000 
# 
# 
# command unsuccessful. CMDR Val: 10000011 | time: 5964093000 
# 
# 
# NCSU_INFO:Time           5964099000:i2c_monitor::run():  of test3.env.i2c_agent.monitor called.
#  Slave address:0x22;
#  RW:1;
#  Data:4
# 
# NCSU_INFO:Time           5964099000:ncsu_component::nb_put():  of test3.env.scoreboard called
# 
# NCSU_INFO:Time           5964101000:wb_monitor::run():  of test3.env.wb_agent.monitor called.
#  wb_register/slave_Addr: 0x1,
#  OP: 0,
#  data: 4
# 
# NCSU_INFO:Time           5964101000:ncsu_component::nb_transport():  of test3.env.scoreboard called
# 
# NCSU_INFO:Time           5964101000:ncsu_component::nb_put():  of test3.env.predictor called
# 
# ------------------- stop condition received by I2C: Read op -----------------------
# 
# name: i2c_trans transaction_count: 609 obj name:i2c_trans,
#  op type:1,
#  slave_addr_captured:00000000,
#  bus_no:          0,
#  Data:4,
#  transfer_stat: 1
# 
# command unsuccessful. CMDR Val: 10000101 | time: 5965797000 
# 
# 
# NCSU_INFO:Time           5965797000:FINISH: wb_driver::run():  of test3.env.wb_agent.driver is called.
# 
# NCSU_INFO:Time           5965797000:START: wb_driver::run():  of test3.env.wb_agent.driver is called.
# 
# name: wb_trans transaction_count: 612 obj name:wb_trans,
#  op type:0,
#  wb_register/slave_addr:00000002,
#  bus_no:0,
#  Data:0
#  
# NCSU_INFO:Time           5965797000:i2c_driver::bl_put():  of test3.env.i2c_agent.driver called
# 
# ------------------- start condition received by I2C -----------------------
# 
# command unsuccessful. CMDR Val: 10000110 | time: 5965827000 
# 
# 
# command unsuccessful. CMDR Val: 10000100 | time: 5967715000 
# 
# 
# command unsuccessful. CMDR Val: 10000001 | time: 5985773000 
# 
# 
# command unsuccessful. CMDR Val: 10000001 | time: 6003831000 
# 
# 
# NCSU_INFO:Time           6003831000:i2c_monitor::run():  of test3.env.i2c_agent.monitor called.
#  Slave address:0x22;
#  RW:0;
#  Data:124 0 0 0 0 0 0 0 0 0 0 0 0 0 0 0 0 0 0 0 0 0 0 0 0 0 0 0 0 0 0 0 0 0 0 0 0 0 0 0 0 0 0 0 0 0 0 0 0 0 0 0 0 0 0 0 0 0 0 0 0 0 0 0
# 
# NCSU_INFO:Time           6003831000:ncsu_component::nb_put():  of test3.env.scoreboard called
# 
# NCSU_INFO:Time           6003833000:wb_monitor::run():  of test3.env.wb_agent.monitor called.
#  wb_register/slave_Addr: 0x2,
#  OP: 0,
#  data: 129
# 
# NCSU_INFO:Time           6003833000:ncsu_component::nb_transport():  of test3.env.scoreboard called
# 
# NCSU_INFO:Time           6003833000:ncsu_component::nb_put():  of test3.env.predictor called
# 
# ------------------- stop condition received by I2C: Write op -----------------------
# 
# name: i2c_trans transaction_count: 613 obj name:i2c_trans,
#  op type:0,
#  slave_addr_captured:00000000,
#  bus_no:          0,
#  Data:124 0 0 0 0 0 0 0 0 0 0 0 0 0 0 0 0 0 0 0 0 0 0 0 0 0 0 0 0 0 0 0 0 0 0 0 0 0 0 0 0 0 0 0 0 0 0 0 0 0 0 0 0 0 0 0 0 0 0 0 0 0 0 0,
#  transfer_stat: 0
# 
# command unsuccessful. CMDR Val: 10000101 | time: 6005529000 
# 
# 
# NCSU_INFO:Time           6005529000:FINISH: wb_driver::run():  of test3.env.wb_agent.driver is called.
# 
# NCSU_INFO:Time           6005529000:START: wb_driver::run():  of test3.env.wb_agent.driver is called.
# 
# name: wb_trans transaction_count: 616 obj name:wb_trans,
#  op type:1,
#  wb_register/slave_addr:00000002,
#  bus_no:0,
#  Data:0
#  
# NCSU_INFO:Time           6005529000:i2c_driver::bl_put():  of test3.env.i2c_agent.driver called
# 
# command unsuccessful. CMDR Val: 10000110 | time: 6005559000 
# 
# 
# ------------------- start condition received by I2C -----------------------
# 
# command unsuccessful. CMDR Val: 10000100 | time: 6007447000 
# 
# 
# command unsuccessful. CMDR Val: 10000001 | time: 6025505000 
# 
# 
# command unsuccessful. CMDR Val: 10000011 | time: 6043555000 
# 
# 
# NCSU_INFO:Time           6043561000:i2c_monitor::run():  of test3.env.i2c_agent.monitor called.
#  Slave address:0x22;
#  RW:1;
#  Data:3
# 
# NCSU_INFO:Time           6043561000:ncsu_component::nb_put():  of test3.env.scoreboard called
# 
# NCSU_INFO:Time           6043563000:wb_monitor::run():  of test3.env.wb_agent.monitor called.
#  wb_register/slave_Addr: 0x1,
#  OP: 0,
#  data: 3
# 
# NCSU_INFO:Time           6043563000:ncsu_component::nb_transport():  of test3.env.scoreboard called
# 
# NCSU_INFO:Time           6043563000:ncsu_component::nb_put():  of test3.env.predictor called
# 
# ------------------- stop condition received by I2C: Read op -----------------------
# 
# name: i2c_trans transaction_count: 617 obj name:i2c_trans,
#  op type:1,
#  slave_addr_captured:00000000,
#  bus_no:          0,
#  Data:3,
#  transfer_stat: 1
# 
# command unsuccessful. CMDR Val: 10000101 | time: 6045259000 
# 
# 
# NCSU_INFO:Time           6045259000:FINISH: wb_driver::run():  of test3.env.wb_agent.driver is called.
# 
# NCSU_INFO:Time           6045259000:START: wb_driver::run():  of test3.env.wb_agent.driver is called.
# 
# name: wb_trans transaction_count: 620 obj name:wb_trans,
#  op type:0,
#  wb_register/slave_addr:00000002,
#  bus_no:0,
#  Data:0
#  
# NCSU_INFO:Time           6045259000:i2c_driver::bl_put():  of test3.env.i2c_agent.driver called
# 
# ------------------- start condition received by I2C -----------------------
# 
# command unsuccessful. CMDR Val: 10000110 | time: 6045289000 
# 
# 
# command unsuccessful. CMDR Val: 10000100 | time: 6047177000 
# 
# 
# command unsuccessful. CMDR Val: 10000001 | time: 6065235000 
# 
# 
# command unsuccessful. CMDR Val: 10000001 | time: 6083293000 
# 
# 
# NCSU_INFO:Time           6083293000:i2c_monitor::run():  of test3.env.i2c_agent.monitor called.
#  Slave address:0x22;
#  RW:0;
#  Data:125 0 0 0 0 0 0 0 0 0 0 0 0 0 0 0 0 0 0 0 0 0 0 0 0 0 0 0 0 0 0 0 0 0 0 0 0 0 0 0 0 0 0 0 0 0 0 0 0 0 0 0 0 0 0 0 0 0 0 0 0 0 0 0
# 
# NCSU_INFO:Time           6083293000:ncsu_component::nb_put():  of test3.env.scoreboard called
# 
# NCSU_INFO:Time           6083295000:wb_monitor::run():  of test3.env.wb_agent.monitor called.
#  wb_register/slave_Addr: 0x2,
#  OP: 0,
#  data: 129
# 
# NCSU_INFO:Time           6083295000:ncsu_component::nb_transport():  of test3.env.scoreboard called
# 
# NCSU_INFO:Time           6083295000:ncsu_component::nb_put():  of test3.env.predictor called
# 
# ------------------- stop condition received by I2C: Write op -----------------------
# 
# name: i2c_trans transaction_count: 621 obj name:i2c_trans,
#  op type:0,
#  slave_addr_captured:00000000,
#  bus_no:          0,
#  Data:125 0 0 0 0 0 0 0 0 0 0 0 0 0 0 0 0 0 0 0 0 0 0 0 0 0 0 0 0 0 0 0 0 0 0 0 0 0 0 0 0 0 0 0 0 0 0 0 0 0 0 0 0 0 0 0 0 0 0 0 0 0 0 0,
#  transfer_stat: 0
# 
# command unsuccessful. CMDR Val: 10000101 | time: 6084991000 
# 
# 
# NCSU_INFO:Time           6084991000:FINISH: wb_driver::run():  of test3.env.wb_agent.driver is called.
# 
# NCSU_INFO:Time           6084991000:START: wb_driver::run():  of test3.env.wb_agent.driver is called.
# 
# name: wb_trans transaction_count: 624 obj name:wb_trans,
#  op type:1,
#  wb_register/slave_addr:00000002,
#  bus_no:0,
#  Data:0
#  
# NCSU_INFO:Time           6084991000:i2c_driver::bl_put():  of test3.env.i2c_agent.driver called
# 
# command unsuccessful. CMDR Val: 10000110 | time: 6085021000 
# 
# 
# ------------------- start condition received by I2C -----------------------
# 
# command unsuccessful. CMDR Val: 10000100 | time: 6086909000 
# 
# 
# command unsuccessful. CMDR Val: 10000001 | time: 6104967000 
# 
# 
# command unsuccessful. CMDR Val: 10000011 | time: 6123017000 
# 
# 
# NCSU_INFO:Time           6123023000:i2c_monitor::run():  of test3.env.i2c_agent.monitor called.
#  Slave address:0x22;
#  RW:1;
#  Data:2
# 
# NCSU_INFO:Time           6123023000:ncsu_component::nb_put():  of test3.env.scoreboard called
# 
# NCSU_INFO:Time           6123025000:wb_monitor::run():  of test3.env.wb_agent.monitor called.
#  wb_register/slave_Addr: 0x1,
#  OP: 0,
#  data: 2
# 
# NCSU_INFO:Time           6123025000:ncsu_component::nb_transport():  of test3.env.scoreboard called
# 
# NCSU_INFO:Time           6123025000:ncsu_component::nb_put():  of test3.env.predictor called
# 
# ------------------- stop condition received by I2C: Read op -----------------------
# 
# name: i2c_trans transaction_count: 625 obj name:i2c_trans,
#  op type:1,
#  slave_addr_captured:00000000,
#  bus_no:          0,
#  Data:2,
#  transfer_stat: 1
# 
# command unsuccessful. CMDR Val: 10000101 | time: 6124721000 
# 
# 
# NCSU_INFO:Time           6124721000:FINISH: wb_driver::run():  of test3.env.wb_agent.driver is called.
# 
# NCSU_INFO:Time           6124721000:START: wb_driver::run():  of test3.env.wb_agent.driver is called.
# 
# name: wb_trans transaction_count: 628 obj name:wb_trans,
#  op type:0,
#  wb_register/slave_addr:00000002,
#  bus_no:0,
#  Data:0
#  
# NCSU_INFO:Time           6124721000:i2c_driver::bl_put():  of test3.env.i2c_agent.driver called
# 
# ------------------- start condition received by I2C -----------------------
# 
# command unsuccessful. CMDR Val: 10000110 | time: 6124751000 
# 
# 
# command unsuccessful. CMDR Val: 10000100 | time: 6126639000 
# 
# 
# command unsuccessful. CMDR Val: 10000001 | time: 6144697000 
# 
# 
# command unsuccessful. CMDR Val: 10000001 | time: 6162755000 
# 
# 
# NCSU_INFO:Time           6162755000:i2c_monitor::run():  of test3.env.i2c_agent.monitor called.
#  Slave address:0x22;
#  RW:0;
#  Data:126 0 0 0 0 0 0 0 0 0 0 0 0 0 0 0 0 0 0 0 0 0 0 0 0 0 0 0 0 0 0 0 0 0 0 0 0 0 0 0 0 0 0 0 0 0 0 0 0 0 0 0 0 0 0 0 0 0 0 0 0 0 0 0
# 
# NCSU_INFO:Time           6162755000:ncsu_component::nb_put():  of test3.env.scoreboard called
# 
# NCSU_INFO:Time           6162757000:wb_monitor::run():  of test3.env.wb_agent.monitor called.
#  wb_register/slave_Addr: 0x2,
#  OP: 0,
#  data: 129
# 
# NCSU_INFO:Time           6162757000:ncsu_component::nb_transport():  of test3.env.scoreboard called
# 
# NCSU_INFO:Time           6162757000:ncsu_component::nb_put():  of test3.env.predictor called
# 
# ------------------- stop condition received by I2C: Write op -----------------------
# 
# name: i2c_trans transaction_count: 629 obj name:i2c_trans,
#  op type:0,
#  slave_addr_captured:00000000,
#  bus_no:          0,
#  Data:126 0 0 0 0 0 0 0 0 0 0 0 0 0 0 0 0 0 0 0 0 0 0 0 0 0 0 0 0 0 0 0 0 0 0 0 0 0 0 0 0 0 0 0 0 0 0 0 0 0 0 0 0 0 0 0 0 0 0 0 0 0 0 0,
#  transfer_stat: 0
# 
# command unsuccessful. CMDR Val: 10000101 | time: 6164453000 
# 
# 
# NCSU_INFO:Time           6164453000:FINISH: wb_driver::run():  of test3.env.wb_agent.driver is called.
# 
# NCSU_INFO:Time           6164453000:START: wb_driver::run():  of test3.env.wb_agent.driver is called.
# 
# name: wb_trans transaction_count: 632 obj name:wb_trans,
#  op type:1,
#  wb_register/slave_addr:00000002,
#  bus_no:0,
#  Data:0
#  
# NCSU_INFO:Time           6164453000:i2c_driver::bl_put():  of test3.env.i2c_agent.driver called
# 
# command unsuccessful. CMDR Val: 10000110 | time: 6164483000 
# 
# 
# ------------------- start condition received by I2C -----------------------
# 
# command unsuccessful. CMDR Val: 10000100 | time: 6166371000 
# 
# 
# command unsuccessful. CMDR Val: 10000001 | time: 6184429000 
# 
# 
# command unsuccessful. CMDR Val: 10000011 | time: 6202479000 
# 
# 
# NCSU_INFO:Time           6202485000:i2c_monitor::run():  of test3.env.i2c_agent.monitor called.
#  Slave address:0x22;
#  RW:1;
#  Data:1
# 
# NCSU_INFO:Time           6202485000:ncsu_component::nb_put():  of test3.env.scoreboard called
# 
# NCSU_INFO:Time           6202487000:wb_monitor::run():  of test3.env.wb_agent.monitor called.
#  wb_register/slave_Addr: 0x1,
#  OP: 0,
#  data: 1
# 
# NCSU_INFO:Time           6202487000:ncsu_component::nb_transport():  of test3.env.scoreboard called
# 
# NCSU_INFO:Time           6202487000:ncsu_component::nb_put():  of test3.env.predictor called
# 
# ------------------- stop condition received by I2C: Read op -----------------------
# 
# name: i2c_trans transaction_count: 633 obj name:i2c_trans,
#  op type:1,
#  slave_addr_captured:00000000,
#  bus_no:          0,
#  Data:1,
#  transfer_stat: 1
# 
# command unsuccessful. CMDR Val: 10000101 | time: 6204183000 
# 
# 
# NCSU_INFO:Time           6204183000:FINISH: wb_driver::run():  of test3.env.wb_agent.driver is called.
# 
# NCSU_INFO:Time           6204183000:START: wb_driver::run():  of test3.env.wb_agent.driver is called.
# 
# name: wb_trans transaction_count: 636 obj name:wb_trans,
#  op type:0,
#  wb_register/slave_addr:00000002,
#  bus_no:0,
#  Data:0
#  
# NCSU_INFO:Time           6204183000:i2c_driver::bl_put():  of test3.env.i2c_agent.driver called
# 
# ------------------- start condition received by I2C -----------------------
# 
# command unsuccessful. CMDR Val: 10000110 | time: 6204213000 
# 
# 
# command unsuccessful. CMDR Val: 10000100 | time: 6206101000 
# 
# 
# command unsuccessful. CMDR Val: 10000001 | time: 6224159000 
# 
# 
# command unsuccessful. CMDR Val: 10000001 | time: 6242217000 
# 
# 
# NCSU_INFO:Time           6242217000:i2c_monitor::run():  of test3.env.i2c_agent.monitor called.
#  Slave address:0x22;
#  RW:0;
#  Data:127 0 0 0 0 0 0 0 0 0 0 0 0 0 0 0 0 0 0 0 0 0 0 0 0 0 0 0 0 0 0 0 0 0 0 0 0 0 0 0 0 0 0 0 0 0 0 0 0 0 0 0 0 0 0 0 0 0 0 0 0 0 0 0
# 
# NCSU_INFO:Time           6242217000:ncsu_component::nb_put():  of test3.env.scoreboard called
# 
# NCSU_INFO:Time           6242219000:wb_monitor::run():  of test3.env.wb_agent.monitor called.
#  wb_register/slave_Addr: 0x2,
#  OP: 0,
#  data: 129
# 
# NCSU_INFO:Time           6242219000:ncsu_component::nb_transport():  of test3.env.scoreboard called
# 
# NCSU_INFO:Time           6242219000:ncsu_component::nb_put():  of test3.env.predictor called
# 
# ------------------- stop condition received by I2C: Write op -----------------------
# 
# name: i2c_trans transaction_count: 637 obj name:i2c_trans,
#  op type:0,
#  slave_addr_captured:00000000,
#  bus_no:          0,
#  Data:127 0 0 0 0 0 0 0 0 0 0 0 0 0 0 0 0 0 0 0 0 0 0 0 0 0 0 0 0 0 0 0 0 0 0 0 0 0 0 0 0 0 0 0 0 0 0 0 0 0 0 0 0 0 0 0 0 0 0 0 0 0 0 0,
#  transfer_stat: 0
# 
# command unsuccessful. CMDR Val: 10000101 | time: 6243915000 
# 
# 
# NCSU_INFO:Time           6243915000:FINISH: wb_driver::run():  of test3.env.wb_agent.driver is called.
# 
# NCSU_INFO:Time           6243915000:START: wb_driver::run():  of test3.env.wb_agent.driver is called.
# 
# name: wb_trans transaction_count: 640 obj name:wb_trans,
#  op type:1,
#  wb_register/slave_addr:00000002,
#  bus_no:0,
#  Data:0
#  
# NCSU_INFO:Time           6243915000:i2c_driver::bl_put():  of test3.env.i2c_agent.driver called
# 
# command unsuccessful. CMDR Val: 10000110 | time: 6243945000 
# 
# 
# ------------------- start condition received by I2C -----------------------
# 
# command unsuccessful. CMDR Val: 10000100 | time: 6245833000 
# 
# 
# command unsuccessful. CMDR Val: 10000001 | time: 6263891000 
# 
# 
# command unsuccessful. CMDR Val: 10000011 | time: 6281941000 
# 
# 
# NCSU_INFO:Time           6281947000:i2c_monitor::run():  of test3.env.i2c_agent.monitor called.
#  Slave address:0x22;
#  RW:1;
#  Data:0
# 
# NCSU_INFO:Time           6281947000:ncsu_component::nb_put():  of test3.env.scoreboard called
# 
# NCSU_INFO:Time           6281949000:wb_monitor::run():  of test3.env.wb_agent.monitor called.
#  wb_register/slave_Addr: 0x1,
#  OP: 0,
#  data: 0
# 
# NCSU_INFO:Time           6281949000:ncsu_component::nb_transport():  of test3.env.scoreboard called
# 
# NCSU_INFO:Time           6281949000:ncsu_component::nb_put():  of test3.env.predictor called
# 
# ------------------- stop condition received by I2C: Read op -----------------------
# 
# name: i2c_trans transaction_count: 641 obj name:i2c_trans,
#  op type:1,
#  slave_addr_captured:00000000,
#  bus_no:          0,
#  Data:0,
#  transfer_stat: 1
# 
# command unsuccessful. CMDR Val: 10000101 | time: 6283645000 
# 
# 
# NCSU_INFO:Time           6283645000:FINISH: wb_driver::run():  of test3.env.wb_agent.driver is called.
# 
######################### TEST 3 FINISH #############################
# 
# Alternate READ and WRITES | Write data: 64 to 127 | read data:63 to 0
# 
#####################################################################
# 
# ** Note: $finish    : ../testbench/top.sv(174)
#    Time: 62836450 ns  Iteration: 1  Instance: .top
# Stopped at ../testbench/top.sv line 174
# Break in Module top at ../testbench/top.sv line 174
exit
# Window layout 'Default' saved in file: /mnt/ncsudrive/r/rsheth/.visualizer/layout.xml
# Saving coverage database on exit...
# Disable bg thread...
# qwavedb_dumpvars : Simulation ending at [1 1988677704] 0
# ========= Visualizer Dump Summary report =========
# 	 #Design Ids       = 149
# 	 #Assertion Ids    = 3
# 	 #Class Ids        = 402 (Recycled = 0)
# 	 #Message Ids      = 8
# 	 #Total Ids        = 568
# 	 #Swaps            = 9
# 	  Id Memory        = 59.07 KB
# 	  Swap Memory      = 100.00 MB
# ========= End of Visualizer Dump Summary report =========
# End time: 15:11:15 on Apr 20,2025, Elapsed time: 0:05:37
# Errors: 6, Warnings: 8
# Start  : Sun 20 Apr 2025 03:05:16 PM EDT
# End    : Sun 20 Apr 2025 03:11:15 PM EDT
# VMSize : 7081692 kB
# VMPeak : 7172636 kB
# MaxRSS : 277180 kB
End time: 15:11:16 on Apr 20,2025, Elapsed time: 0:06:19
*** Summary *********************************************
    qrun: Errors:   0, Warnings:   0
    vlog: Errors:   0, Warnings:   0
    vopt: Errors:   0, Warnings:   0
    vsim: Errors:   6, Warnings:   8
  Totals: Errors:   6, Warnings:   8
